CREATE DATABASE  IF NOT EXISTS `ry` /*!40100 DEFAULT CHARACTER SET utf8 */ /*!80016 DEFAULT ENCRYPTION='N' */;
USE `ry`;
-- MySQL dump 10.13  Distrib 8.0.19, for Win64 (x86_64)
--
-- Host: localhost    Database: ry
-- ------------------------------------------------------
-- Server version	8.0.19

/*!40101 SET @OLD_CHARACTER_SET_CLIENT=@@CHARACTER_SET_CLIENT */;
/*!40101 SET @OLD_CHARACTER_SET_RESULTS=@@CHARACTER_SET_RESULTS */;
/*!40101 SET @OLD_COLLATION_CONNECTION=@@COLLATION_CONNECTION */;
/*!50503 SET NAMES utf8 */;
/*!40103 SET @OLD_TIME_ZONE=@@TIME_ZONE */;
/*!40103 SET TIME_ZONE='+00:00' */;
/*!40014 SET @OLD_UNIQUE_CHECKS=@@UNIQUE_CHECKS, UNIQUE_CHECKS=0 */;
/*!40014 SET @OLD_FOREIGN_KEY_CHECKS=@@FOREIGN_KEY_CHECKS, FOREIGN_KEY_CHECKS=0 */;
/*!40101 SET @OLD_SQL_MODE=@@SQL_MODE, SQL_MODE='NO_AUTO_VALUE_ON_ZERO' */;
/*!40111 SET @OLD_SQL_NOTES=@@SQL_NOTES, SQL_NOTES=0 */;

--
-- Table structure for table `equ_card`
--

DROP TABLE IF EXISTS `equ_card`;
/*!40101 SET @saved_cs_client     = @@character_set_client */;
/*!50503 SET character_set_client = utf8mb4 */;
CREATE TABLE `equ_card` (
  `equ_id` bigint NOT NULL AUTO_INCREMENT COMMENT 'ID ä¸»é”®',
  `equ_guid` varchar(32) NOT NULL COMMENT 'Guid',
  `equ_serial` varchar(32) DEFAULT NULL COMMENT 'è®¾å¤‡æµæ°´å·',
  `equ_code` varchar(32) DEFAULT NULL COMMENT 'è®¾å¤‡ç¼–å·',
  `equ_name` varchar(128) DEFAULT NULL COMMENT 'è®¾å¤‡åç§°',
  `class_id` bigint DEFAULT NULL COMMENT 'è®¾å¤‡ç±»åˆ« è®¾å¤‡åˆ†ç±»è¡¨ä¸»é”®',
  `equ_count` decimal(32,2) DEFAULT NULL COMMENT 'æ•°é‡',
  `equ_sprice` decimal(32,2) DEFAULT NULL COMMENT 'å•ä»· å…ƒ',
  `equ_price` decimal(32,2) DEFAULT NULL COMMENT 'æ€»ä»· å…ƒ',
  `contract_id` bigint DEFAULT NULL COMMENT 'åˆåŒ è®¾å¤‡åˆåŒè¡¨ä¸»é”®',
  `supplier_id` bigint DEFAULT NULL COMMENT 'ä¾›åº”å•† è®¾å¤‡ä¾›åº”å•†è¡¨ä¸»é”®',
  `equ_brand` varchar(128) DEFAULT NULL COMMENT 'å“ç‰Œ',
  `equ_param` varchar(1024) DEFAULT NULL COMMENT 'è§„æ ¼å‹å·',
  `dept_id` bigint DEFAULT NULL COMMENT 'æ‰€å±éƒ¨é—¨ éƒ¨é—¨è¡¨ä¸»é”®',
  `equ_admin` varchar(32) DEFAULT NULL COMMENT 'è®¾å¤‡ç®¡ç†å‘˜ ç”¨æˆ·è¡¨ä¸»é”®',
  `equ_time` date DEFAULT NULL COMMENT 'è®¾å¤‡é‡‡è´­æ—¶é—´',
  `equ_year` int DEFAULT NULL COMMENT 'è®¾å¤‡ä½¿ç”¨å¹´é™',
  `equ_status` char(1) DEFAULT '0' COMMENT 'è®¾å¤‡ä½¿ç”¨çŠ¶æ€ ï¼ˆ0-é—²ç½® 1-æ­£å¸¸ä½¿ç”¨ 2-æ•…éšœ 3-æŠ¥åºŸæŠ¥æŸï¼‰',
  `equ_area` varchar(1024) DEFAULT NULL COMMENT 'æ‰€åœ¨åŒºåŸŸ',
  `equ_attribute` varchar(32) DEFAULT NULL COMMENT 'ç‰¹ç§å±æ€§ å­—å…¸é€‰å–',
  `remark` varchar(512) DEFAULT NULL COMMENT 'å¤‡æ³¨',
  `del_flag` char(1) DEFAULT '0' COMMENT 'åˆ é™¤çŠ¶æ€ ï¼ˆ0ä»£è¡¨å­˜åœ¨ 2ä»£è¡¨åˆ é™¤ï¼‰',
  `create_by` varchar(32) DEFAULT NULL COMMENT 'åˆ›å»ºäºº',
  `create_time` datetime DEFAULT NULL COMMENT 'åˆ›å»ºæ—¶é—´',
  `update_by` varchar(32) DEFAULT NULL COMMENT 'æ›´æ–°äºº',
  `update_time` datetime DEFAULT NULL COMMENT 'æ›´æ–°æ—¶é—´',
  PRIMARY KEY (`equ_id`)
) ENGINE=InnoDB AUTO_INCREMENT=7 DEFAULT CHARSET=utf8 COMMENT='è®¾å¤‡æ¡£æ¡ˆè¡¨';
/*!40101 SET character_set_client = @saved_cs_client */;

--
-- Dumping data for table `equ_card`
--

LOCK TABLES `equ_card` WRITE;
/*!40000 ALTER TABLE `equ_card` DISABLE KEYS */;
INSERT INTO `equ_card` VALUES (1,'b7414dc99e6a4a9ea823ec0b43ebbe7f','euq-202002140001','','ç©ºè°ƒ',9,2.00,3000.00,6000.00,1,1,NULL,NULL,101,NULL,'2020-02-14',NULL,'0',NULL,'1',NULL,'0','admin','2020-02-14 13:41:18','admin','2020-02-17 11:56:35'),(2,'4fcf2fb56bf843f89006b9e010364916','euq-202002140002','','ä¸­å¤®ç©ºè°ƒ',9,1.00,10000.00,10000.00,1,1,NULL,NULL,101,NULL,NULL,NULL,'0',NULL,NULL,NULL,'0','admin','2020-02-14 14:46:50','admin','2020-02-21 10:51:27'),(3,'f169f070c40a4669b1d220f2b50090b3','euq-202002140003',NULL,'ç”µæ¢¯ç©ºè°ƒ',9,1.00,1000.00,1000.00,1,1,NULL,NULL,101,NULL,NULL,NULL,'3',NULL,NULL,NULL,'0','admin','2020-02-14 15:02:32','admin','2020-02-21 12:23:44'),(4,'cf45e4fcd2d14fc69e84b7aced29df5e','euq-202002170001',NULL,'ç«‹å¼ç©ºè°ƒ',9,5.00,3500.00,17500.00,NULL,NULL,'æµ·å°”','T300',101,NULL,'2020-02-10',3,'0','æœªå®š','0','æµ‹è¯•æ•°æ®','2','admin','2020-02-17 14:16:45','admin','2020-02-17 14:49:44'),(5,'8df4e58e789c4019aa7e544bbb93665a','euq-202002170002',NULL,'æŒ‚å¼ç©ºè°ƒ',9,5.00,2500.00,12500.00,NULL,NULL,NULL,NULL,NULL,NULL,NULL,NULL,'0',NULL,'0',NULL,'2','admin','2020-02-17 15:01:39',NULL,NULL),(6,'69c0454fcbfb4141b903faf9d80172ae','euq-202002210001',NULL,'ç«‹å¼ç©ºè°ƒ',9,5.00,5600.00,28000.00,1,1,NULL,NULL,200,NULL,NULL,NULL,'0',NULL,'0',NULL,'0','admin','2020-02-21 12:49:53','admin','2020-02-21 13:01:34');
/*!40000 ALTER TABLE `equ_card` ENABLE KEYS */;
UNLOCK TABLES;

--
-- Table structure for table `equ_class`
--

DROP TABLE IF EXISTS `equ_class`;
/*!40101 SET @saved_cs_client     = @@character_set_client */;
/*!50503 SET character_set_client = utf8mb4 */;
CREATE TABLE `equ_class` (
  `class_id` bigint NOT NULL AUTO_INCREMENT COMMENT 'ID ä¸»é”®',
  `class_guid` varchar(32) DEFAULT NULL COMMENT 'Guid',
  `parent_id` bigint DEFAULT '0' COMMENT 'çˆ¶çº§ID',
  `ancestors` varchar(128) DEFAULT NULL COMMENT 'ç¥–çº§åˆ—è¡¨',
  `class_name` varchar(128) DEFAULT NULL COMMENT 'è®¾å¤‡åˆ†ç±»åç§°',
  `order_num` int DEFAULT NULL COMMENT 'æ˜¾ç¤ºé¡ºåº',
  `status` char(1) DEFAULT '0' COMMENT 'çŠ¶æ€ ï¼ˆ0æ­£å¸¸ 1åœç”¨ï¼‰',
  `remark` varchar(512) DEFAULT NULL COMMENT 'å¤‡æ³¨',
  `del_flag` char(1) DEFAULT '0' COMMENT 'åˆ é™¤çŠ¶æ€ ï¼ˆ0ä»£è¡¨å­˜åœ¨ 2ä»£è¡¨åˆ é™¤ï¼‰',
  `create_by` varchar(32) DEFAULT NULL COMMENT 'åˆ›å»ºè€…',
  `create_time` datetime DEFAULT NULL COMMENT 'åˆ›å»ºæ—¶é—´',
  `update_by` varchar(32) DEFAULT NULL COMMENT 'æ›´æ–°è€…',
  `update_time` datetime DEFAULT NULL COMMENT 'æ›´æ–°æ—¶é—´',
  PRIMARY KEY (`class_id`)
) ENGINE=InnoDB AUTO_INCREMENT=10 DEFAULT CHARSET=utf8 COMMENT='è®¾å¤‡åˆ†ç±»è¡¨ ';
/*!40101 SET character_set_client = @saved_cs_client */;

--
-- Dumping data for table `equ_class`
--

LOCK TABLES `equ_class` WRITE;
/*!40000 ALTER TABLE `equ_class` DISABLE KEYS */;
INSERT INTO `equ_class` VALUES (1,'b019d72c41854a0abb1b90d4c0e6bd8p',0,'0','è®¾å¤‡åˆ†ç±»',0,'0','','0','admin','2018-03-16 11:33:00','admin','2018-03-16 11:33:00'),(4,'38428cc2cf944acbb692e32876f4fc6d',1,'0,1','æœºç”µè¿è¡Œè®¾å¤‡',1,'0',NULL,'2','admin','2020-02-12 16:45:49','admin','2020-02-12 16:46:10'),(5,'707bdcfbf7cf4481b87a87188aaff41b',1,'0,1','æœºç”µè¿è¡Œè®¾å¤‡',1,'0',NULL,'0','admin','2020-02-12 16:46:50','admin','2020-02-12 17:10:40'),(6,'e4e1778202b8446080a070c558d0e18c',1,'0,1','è¡Œæ”¿èµ„äº§è®¾å¤‡',2,'0',NULL,'0','admin','2020-02-12 17:24:17',NULL,NULL),(7,'b9cdfd2cb1594637a3609d1777eebb13',1,'0,1','å…¶ä»–',3,'0',NULL,'2','admin','2020-02-13 10:56:31',NULL,NULL),(8,'8af8af6924bd4902818db4912cbbac5b',1,'0,1','å…¶ä»–åˆ†ç±»',3,'0',NULL,'0','admin','2020-02-13 10:59:58',NULL,NULL),(9,'7e70902ac7384a4290280b981cecffa7',5,'0,1,5','ç©ºè°ƒ',0,'0',NULL,'0','admin','2020-02-14 13:40:50',NULL,NULL);
/*!40000 ALTER TABLE `equ_class` ENABLE KEYS */;
UNLOCK TABLES;

--
-- Table structure for table `equ_contract`
--

DROP TABLE IF EXISTS `equ_contract`;
/*!40101 SET @saved_cs_client     = @@character_set_client */;
/*!50503 SET character_set_client = utf8mb4 */;
CREATE TABLE `equ_contract` (
  `con_id` bigint NOT NULL AUTO_INCREMENT COMMENT 'ID ä¸»é”®',
  `con_guid` varchar(32) NOT NULL COMMENT 'Guid',
  `con_code` varchar(32) DEFAULT NULL COMMENT 'åˆåŒç¼–å·',
  `con_name` varchar(128) DEFAULT NULL COMMENT 'åˆåŒåç§°',
  `con_amount` decimal(32,8) DEFAULT NULL COMMENT 'åˆåŒé‡‘é¢',
  `con_time` date DEFAULT NULL COMMENT 'ç­¾è®¢æ—¥æœŸ',
  `con_first` varchar(128) DEFAULT NULL COMMENT 'åˆåŒç”²æ–¹',
  `first_contacts` varchar(32) DEFAULT NULL COMMENT 'ç”²æ–¹è”ç³»äºº',
  `first_phone` varchar(32) DEFAULT NULL COMMENT 'ç”²æ–¹è”ç³»æ–¹å¼',
  `con_second` varchar(128) DEFAULT NULL COMMENT 'åˆåŒä¹™æ–¹',
  `second_contacts` varchar(32) DEFAULT NULL COMMENT 'ä¹™æ–¹è”ç³»äºº',
  `second_phone` varchar(32) DEFAULT NULL COMMENT 'ä¹™æ–¹è”ç³»æ–¹å¼',
  `remark` varchar(512) DEFAULT NULL COMMENT 'å¤‡æ³¨',
  `del_flag` char(1) DEFAULT '0' COMMENT 'åˆ é™¤çŠ¶æ€ ï¼ˆ0ä»£è¡¨å­˜åœ¨ 2ä»£è¡¨åˆ é™¤ï¼‰',
  `create_by` varchar(32) DEFAULT NULL COMMENT 'åˆ›å»ºäºº',
  `create_time` datetime DEFAULT NULL COMMENT 'åˆ›å»ºæ—¶é—´',
  `update_by` varchar(32) DEFAULT NULL COMMENT 'æ›´æ–°äºº',
  `update_time` datetime DEFAULT NULL COMMENT 'æ›´æ–°æ—¶é—´',
  PRIMARY KEY (`con_id`)
) ENGINE=InnoDB AUTO_INCREMENT=2 DEFAULT CHARSET=utf8 COMMENT='è®¾å¤‡åˆåŒè¡¨';
/*!40101 SET character_set_client = @saved_cs_client */;

--
-- Dumping data for table `equ_contract`
--

LOCK TABLES `equ_contract` WRITE;
/*!40000 ALTER TABLE `equ_contract` DISABLE KEYS */;
INSERT INTO `equ_contract` VALUES (1,'7abe864ac9a1453aaacb6c1beb9351bf','2020021801','åˆåŒåç§°',30.13456700,'2020-02-10','åˆåŒç”²æ–¹','ç”²æ–¹è”ç³»äºº','15711111111','åˆåŒä¹™æ–¹','ä¹™æ–¹è”ç³»äºº','15722222222','æµ‹è¯•æ•°æ®','0','admin','2020-02-18 11:32:00','admin','2020-02-18 12:52:22');
/*!40000 ALTER TABLE `equ_contract` ENABLE KEYS */;
UNLOCK TABLES;

--
-- Table structure for table `equ_scrap`
--

DROP TABLE IF EXISTS `equ_scrap`;
/*!40101 SET @saved_cs_client     = @@character_set_client */;
/*!50503 SET character_set_client = utf8mb4 */;
CREATE TABLE `equ_scrap` (
  `scr_id` bigint NOT NULL AUTO_INCREMENT COMMENT 'ID ä¸»é”®',
  `scr_guid` varchar(32) NOT NULL COMMENT 'Guid',
  `scr_serial` varchar(32) DEFAULT NULL COMMENT 'æŠ¥æŸæŠ¥åºŸæµæ°´å·',
  `scr_code` varchar(32) DEFAULT NULL COMMENT 'æŠ¥åºŸæŠ¥æŸå•ç¼–å·',
  `equ_id` bigint DEFAULT NULL COMMENT 'è®¾å¤‡id è®¾å¤‡æ¡£æ¡ˆè¡¨ä¸»é”®',
  `scr_reason` varchar(256) DEFAULT NULL COMMENT 'æŠ¥åºŸç†ç”±',
  `remark` varchar(512) DEFAULT NULL COMMENT 'å¤‡æ³¨',
  `del_flag` char(1) DEFAULT '0' COMMENT 'åˆ é™¤çŠ¶æ€ ï¼ˆ0ä»£è¡¨å­˜åœ¨ 2ä»£è¡¨åˆ é™¤ï¼‰',
  `create_by` varchar(32) DEFAULT NULL COMMENT 'åˆ›å»ºäºº',
  `create_time` datetime DEFAULT NULL COMMENT 'åˆ›å»ºæ—¶é—´',
  `update_by` varchar(32) DEFAULT NULL COMMENT 'æ›´æ–°äºº',
  `update_time` datetime DEFAULT NULL COMMENT 'æ›´æ–°æ—¶é—´',
  PRIMARY KEY (`scr_id`)
) ENGINE=InnoDB AUTO_INCREMENT=3 DEFAULT CHARSET=utf8 COMMENT='è®¾å¤‡æŠ¥åºŸæŠ¥æŸè¡¨';
/*!40101 SET character_set_client = @saved_cs_client */;

--
-- Dumping data for table `equ_scrap`
--

LOCK TABLES `equ_scrap` WRITE;
/*!40000 ALTER TABLE `equ_scrap` DISABLE KEYS */;
INSERT INTO `equ_scrap` VALUES (1,'55c9095f56b74399a77c39ee8d9beb3c','scr-202002240001',NULL,6,'0',NULL,'2','admin','2020-02-24 16:23:54',NULL,NULL),(2,'31509064ca4d47e18d3d8bdf10c086ad','scr-202002240002',NULL,3,'1',NULL,'0','admin','2020-02-24 16:57:01',NULL,NULL);
/*!40000 ALTER TABLE `equ_scrap` ENABLE KEYS */;
UNLOCK TABLES;

--
-- Table structure for table `equ_supplier`
--

DROP TABLE IF EXISTS `equ_supplier`;
/*!40101 SET @saved_cs_client     = @@character_set_client */;
/*!50503 SET character_set_client = utf8mb4 */;
CREATE TABLE `equ_supplier` (
  `sup_id` bigint NOT NULL AUTO_INCREMENT COMMENT 'ID ä¸»é”®',
  `sup_guid` varchar(32) NOT NULL COMMENT 'Guid',
  `sup_code` varchar(32) DEFAULT NULL COMMENT 'ç»Ÿä¸€ç¤¾ä¼šä¿¡ç”¨ä»£ç ',
  `sup_name` varchar(64) DEFAULT NULL COMMENT 'ä¼ä¸šåç§°',
  `sup_leg` varchar(32) DEFAULT NULL COMMENT 'æ³•å®šä»£è¡¨äºº',
  `sup_adder` varchar(128) DEFAULT NULL COMMENT 'ä½æ‰€',
  `sup_contact` varchar(32) DEFAULT NULL COMMENT 'è”ç³»äºº',
  `sup_phone` varchar(32) DEFAULT NULL COMMENT 'è”ç³»æ–¹å¼',
  `remark` varchar(512) DEFAULT NULL COMMENT 'å¤‡æ³¨',
  `status` char(1) DEFAULT '0' COMMENT 'çŠ¶æ€ ï¼ˆ0ä»£è¡¨æ­£å¸¸ 1ä»£è¡¨æ‹‰é»‘ï¼‰',
  `del_flag` char(1) DEFAULT '0' COMMENT 'åˆ é™¤çŠ¶æ€ ï¼ˆ0ä»£è¡¨å­˜åœ¨ 2ä»£è¡¨åˆ é™¤ï¼‰',
  `create_by` varchar(32) DEFAULT NULL COMMENT 'åˆ›å»ºäºº',
  `create_time` datetime DEFAULT NULL COMMENT 'åˆ›å»ºæ—¶é—´',
  `update_by` varchar(32) DEFAULT NULL COMMENT 'æ›´æ–°äºº',
  `update_time` datetime DEFAULT NULL COMMENT 'æ›´æ–°æ—¶é—´',
  PRIMARY KEY (`sup_id`)
) ENGINE=InnoDB AUTO_INCREMENT=4 DEFAULT CHARSET=utf8 COMMENT='è®¾å¤‡ä¾›åº”å•†è¡¨';
/*!40101 SET character_set_client = @saved_cs_client */;

--
-- Dumping data for table `equ_supplier`
--

LOCK TABLES `equ_supplier` WRITE;
/*!40000 ALTER TABLE `equ_supplier` DISABLE KEYS */;
INSERT INTO `equ_supplier` VALUES (1,'e17b955799e74289bbf4a661ca4eea5d','91330108MA28X9459A','æµ™æ±Ÿæºåˆ›å»ºç­‘æ™ºèƒ½ç§‘æŠ€æœ‰é™å…¬å¸','è°¢æ•','æµ™æ±Ÿçœæ­å·å¸‚æ»¨æ±ŸåŒºå…­å’Œè·¯309å·DåŒº312-315å®¤','åˆ˜é’¢','15777777777','æµ‹è¯•æ•°æ®','0','0','admin','2020-02-17 14:29:47','admin','2020-02-17 14:50:10'),(3,'bfe29084f24a43a28e973f82a2a0f7c8','91440605590059829L','å¹¿ä¸œçš“æ™¯æ–°ææ–™ç§‘æŠ€æœ‰é™å…¬å¸','æ¢æ°¸æ ¹','ä½›å±±å¸‚å—æµ·åŒºå¤§æ²¥é•‡æ¯…è´¤è·¯1å·åšç¾å±•è´¸å¤§å¦23å±‚2327å·ï¼ˆä½æ‰€ç”³æŠ¥ï¼‰','æ¢æ°¸æ ¹','15777777778',NULL,'0','2','admin','2020-02-17 14:56:03',NULL,NULL);
/*!40000 ALTER TABLE `equ_supplier` ENABLE KEYS */;
UNLOCK TABLES;

--
-- Table structure for table `gen_table`
--

DROP TABLE IF EXISTS `gen_table`;
/*!40101 SET @saved_cs_client     = @@character_set_client */;
/*!50503 SET character_set_client = utf8mb4 */;
CREATE TABLE `gen_table` (
  `table_id` bigint NOT NULL AUTO_INCREMENT COMMENT 'ç¼–å·',
  `table_name` varchar(200) DEFAULT '' COMMENT 'è¡¨åç§°',
  `table_comment` varchar(500) DEFAULT '' COMMENT 'è¡¨æè¿°',
  `class_name` varchar(100) DEFAULT '' COMMENT 'å®ä½“ç±»åç§°',
  `tpl_category` varchar(200) DEFAULT 'crud' COMMENT 'ä½¿ç”¨çš„æ¨¡æ¿ï¼ˆcrudå•è¡¨æ“ä½œ treeæ ‘è¡¨æ“ä½œï¼‰',
  `package_name` varchar(100) DEFAULT NULL COMMENT 'ç”ŸæˆåŒ…è·¯å¾„',
  `module_name` varchar(30) DEFAULT NULL COMMENT 'ç”Ÿæˆæ¨¡å—å',
  `business_name` varchar(30) DEFAULT NULL COMMENT 'ç”Ÿæˆä¸šåŠ¡å',
  `function_name` varchar(50) DEFAULT NULL COMMENT 'ç”ŸæˆåŠŸèƒ½å',
  `function_author` varchar(50) DEFAULT NULL COMMENT 'ç”ŸæˆåŠŸèƒ½ä½œè€…',
  `options` varchar(1000) DEFAULT NULL COMMENT 'å…¶å®ƒç”Ÿæˆé€‰é¡¹',
  `create_by` varchar(64) DEFAULT '' COMMENT 'åˆ›å»ºè€…',
  `create_time` datetime DEFAULT NULL COMMENT 'åˆ›å»ºæ—¶é—´',
  `update_by` varchar(64) DEFAULT '' COMMENT 'æ›´æ–°è€…',
  `update_time` datetime DEFAULT NULL COMMENT 'æ›´æ–°æ—¶é—´',
  `remark` varchar(500) DEFAULT NULL COMMENT 'å¤‡æ³¨',
  PRIMARY KEY (`table_id`)
) ENGINE=InnoDB AUTO_INCREMENT=9 DEFAULT CHARSET=utf8 COMMENT='ä»£ç ç”Ÿæˆä¸šåŠ¡è¡¨';
/*!40101 SET character_set_client = @saved_cs_client */;

--
-- Dumping data for table `gen_table`
--

LOCK TABLES `gen_table` WRITE;
/*!40000 ALTER TABLE `gen_table` DISABLE KEYS */;
INSERT INTO `gen_table` VALUES (4,'equ_class','è®¾å¤‡åˆ†ç±»è¡¨','EquClass','tree','com.ruoyi.system','system','class','è®¾å¤‡åˆ†ç±»','ruoyi','{\"treeName\":\"class_name\",\"treeParentCode\":\"parent_id\",\"treeCode\":\"class_id\"}','admin','2020-02-12 14:21:40','','2020-02-12 14:22:18',''),(5,'equ_card','è®¾å¤‡æ¡£æ¡ˆè¡¨','EquCard','crud','com.ruoyi.system','system','euqcard','è®¾å¤‡æ¡£æ¡ˆ','ruoyi','{\"treeName\":\"\",\"treeParentCode\":\"\",\"treeCode\":\"\"}','admin','2020-02-14 09:55:37','','2020-02-14 10:30:51',''),(6,'equ_supplier','è®¾å¤‡ä¾›åº”å•†è¡¨','EquSupplier','crud','com.ruoyi.system','system','equsupplier','è®¾å¤‡ä¾›åº”å•†','ruoyi','{\"treeName\":\"\",\"treeParentCode\":\"\",\"treeCode\":\"\"}','admin','2020-02-17 09:55:27','','2020-02-17 12:08:45',''),(7,'equ_contract','è®¾å¤‡åˆåŒè¡¨','EquContract','crud','com.ruoyi.system','system','equcontract','è®¾å¤‡åˆåŒ','ruoyi','{\"treeName\":\"\",\"treeParentCode\":\"\",\"treeCode\":\"\"}','admin','2020-02-18 10:39:42','','2020-02-18 10:41:53',''),(8,'equ_scrap','è®¾å¤‡æŠ¥åºŸæŠ¥æŸè¡¨','EquScrap','crud','com.ruoyi.system','system','equscrap','è®¾å¤‡æŠ¥åºŸæŠ¥æŸ','ruoyi','{\"treeName\":\"\",\"treeParentCode\":\"\",\"treeCode\":\"\"}','admin','2020-02-24 11:18:19','','2020-02-24 11:19:17','');
/*!40000 ALTER TABLE `gen_table` ENABLE KEYS */;
UNLOCK TABLES;

--
-- Table structure for table `gen_table_column`
--

DROP TABLE IF EXISTS `gen_table_column`;
/*!40101 SET @saved_cs_client     = @@character_set_client */;
/*!50503 SET character_set_client = utf8mb4 */;
CREATE TABLE `gen_table_column` (
  `column_id` bigint NOT NULL AUTO_INCREMENT COMMENT 'ç¼–å·',
  `table_id` varchar(64) DEFAULT NULL COMMENT 'å½’å±è¡¨ç¼–å·',
  `column_name` varchar(200) DEFAULT NULL COMMENT 'åˆ—åç§°',
  `column_comment` varchar(500) DEFAULT NULL COMMENT 'åˆ—æè¿°',
  `column_type` varchar(100) DEFAULT NULL COMMENT 'åˆ—ç±»å‹',
  `java_type` varchar(500) DEFAULT NULL COMMENT 'JAVAç±»å‹',
  `java_field` varchar(200) DEFAULT NULL COMMENT 'JAVAå­—æ®µå',
  `is_pk` char(1) DEFAULT NULL COMMENT 'æ˜¯å¦ä¸»é”®ï¼ˆ1æ˜¯ï¼‰',
  `is_increment` char(1) DEFAULT NULL COMMENT 'æ˜¯å¦è‡ªå¢ï¼ˆ1æ˜¯ï¼‰',
  `is_required` char(1) DEFAULT NULL COMMENT 'æ˜¯å¦å¿…å¡«ï¼ˆ1æ˜¯ï¼‰',
  `is_insert` char(1) DEFAULT NULL COMMENT 'æ˜¯å¦ä¸ºæ’å…¥å­—æ®µï¼ˆ1æ˜¯ï¼‰',
  `is_edit` char(1) DEFAULT NULL COMMENT 'æ˜¯å¦ç¼–è¾‘å­—æ®µï¼ˆ1æ˜¯ï¼‰',
  `is_list` char(1) DEFAULT NULL COMMENT 'æ˜¯å¦åˆ—è¡¨å­—æ®µï¼ˆ1æ˜¯ï¼‰',
  `is_query` char(1) DEFAULT NULL COMMENT 'æ˜¯å¦æŸ¥è¯¢å­—æ®µï¼ˆ1æ˜¯ï¼‰',
  `query_type` varchar(200) DEFAULT 'EQ' COMMENT 'æŸ¥è¯¢æ–¹å¼ï¼ˆç­‰äºã€ä¸ç­‰äºã€å¤§äºã€å°äºã€èŒƒå›´ï¼‰',
  `html_type` varchar(200) DEFAULT NULL COMMENT 'æ˜¾ç¤ºç±»å‹ï¼ˆæ–‡æœ¬æ¡†ã€æ–‡æœ¬åŸŸã€ä¸‹æ‹‰æ¡†ã€å¤é€‰æ¡†ã€å•é€‰æ¡†ã€æ—¥æœŸæ§ä»¶ï¼‰',
  `dict_type` varchar(200) DEFAULT '' COMMENT 'å­—å…¸ç±»å‹',
  `sort` int DEFAULT NULL COMMENT 'æ’åº',
  `create_by` varchar(64) DEFAULT '' COMMENT 'åˆ›å»ºè€…',
  `create_time` datetime DEFAULT NULL COMMENT 'åˆ›å»ºæ—¶é—´',
  `update_by` varchar(64) DEFAULT '' COMMENT 'æ›´æ–°è€…',
  `update_time` datetime DEFAULT NULL COMMENT 'æ›´æ–°æ—¶é—´',
  PRIMARY KEY (`column_id`)
) ENGINE=InnoDB AUTO_INCREMENT=120 DEFAULT CHARSET=utf8 COMMENT='ä»£ç ç”Ÿæˆä¸šåŠ¡è¡¨å­—æ®µ';
/*!40101 SET character_set_client = @saved_cs_client */;

--
-- Dumping data for table `gen_table_column`
--

LOCK TABLES `gen_table_column` WRITE;
/*!40000 ALTER TABLE `gen_table_column` DISABLE KEYS */;
INSERT INTO `gen_table_column` VALUES (39,'4','class_id','ID ä¸»é”®','bigint','Long','classId','1','1',NULL,'1',NULL,NULL,NULL,'EQ','input','',1,'admin','2020-02-12 14:21:40',NULL,'2020-02-12 14:22:18'),(40,'4','class_guid','Guid','varchar(32)','String','classGuid','0','0',NULL,'1','1','1','1','EQ','input','',2,'admin','2020-02-12 14:21:40',NULL,'2020-02-12 14:22:18'),(41,'4','parent_id','çˆ¶çº§ID','bigint','Long','parentId','0','0',NULL,'1','1','1','1','EQ','input','',3,'admin','2020-02-12 14:21:40',NULL,'2020-02-12 14:22:18'),(42,'4','ancestors','ç¥–çº§åˆ—è¡¨','varchar(128)','String','ancestors','0','0',NULL,'1','1','1','1','EQ','input','',4,'admin','2020-02-12 14:21:40',NULL,'2020-02-12 14:22:18'),(43,'4','class_name','è®¾å¤‡åˆ†ç±»åç§°','varchar(128)','String','className','0','0',NULL,'1','1','1','1','LIKE','input','',5,'admin','2020-02-12 14:21:40',NULL,'2020-02-12 14:22:18'),(44,'4','order_num','æ˜¾ç¤ºé¡ºåº','int','Long','orderNum','0','0',NULL,'1','1','1','1','EQ','input','',6,'admin','2020-02-12 14:21:40',NULL,'2020-02-12 14:22:18'),(45,'4','status','çŠ¶æ€ ï¼ˆ0æ­£å¸¸ 1åœç”¨ï¼‰','char(1)','String','status','0','0',NULL,'1','1','1','1','EQ','radio','',7,'admin','2020-02-12 14:21:40',NULL,'2020-02-12 14:22:18'),(46,'4','remark','å¤‡æ³¨','varchar(512)','String','remark','0','0',NULL,'1','1','1',NULL,'EQ','textarea','',8,'admin','2020-02-12 14:21:40',NULL,'2020-02-12 14:22:18'),(47,'4','del_flag','åˆ é™¤çŠ¶æ€ ï¼ˆ0ä»£è¡¨å­˜åœ¨ 2ä»£è¡¨åˆ é™¤ï¼‰','char(1)','String','delFlag','0','0',NULL,'1',NULL,NULL,NULL,'EQ','input','',9,'admin','2020-02-12 14:21:40',NULL,'2020-02-12 14:22:18'),(48,'4','create_by','åˆ›å»ºè€…','varchar(32)','String','createBy','0','0',NULL,'1',NULL,NULL,NULL,'EQ','input','',10,'admin','2020-02-12 14:21:40',NULL,'2020-02-12 14:22:18'),(49,'4','create_time','åˆ›å»ºæ—¶é—´','datetime','Date','createTime','0','0',NULL,'1',NULL,NULL,NULL,'EQ','datetime','',11,'admin','2020-02-12 14:21:40',NULL,'2020-02-12 14:22:18'),(50,'4','update_by','æ›´æ–°è€…','varchar(32)','String','updateBy','0','0',NULL,'1','1',NULL,NULL,'EQ','input','',12,'admin','2020-02-12 14:21:40',NULL,'2020-02-12 14:22:18'),(51,'4','update_time','æ›´æ–°æ—¶é—´','datetime','Date','updateTime','0','0',NULL,'1','1',NULL,NULL,'EQ','datetime','',13,'admin','2020-02-12 14:21:40',NULL,'2020-02-12 14:22:18'),(52,'5','equ_id','ID ä¸»é”®','bigint','Long','equId','1','1',NULL,'1',NULL,NULL,NULL,'EQ','input','',1,'admin','2020-02-14 09:55:37',NULL,'2020-02-14 10:30:51'),(53,'5','equ_guid','Guid','varchar(32)','String','equGuid','0','0',NULL,'1',NULL,NULL,NULL,'EQ','input','',2,'admin','2020-02-14 09:55:37',NULL,'2020-02-14 10:30:51'),(54,'5','equ_code','è®¾å¤‡ç¼–å·','varchar(32)','String','equCode','0','0',NULL,'1','1','1','1','EQ','input','',3,'admin','2020-02-14 09:55:37',NULL,'2020-02-14 10:30:51'),(55,'5','equ_name','è®¾å¤‡åç§°','varchar(128)','String','equName','0','0',NULL,'1','1','1','1','LIKE','input','',4,'admin','2020-02-14 09:55:37',NULL,'2020-02-14 10:30:51'),(56,'5','class_id','è®¾å¤‡ç±»åˆ« è®¾å¤‡åˆ†ç±»è¡¨ä¸»é”®','bigint','Long','classId','0','0',NULL,'1','1',NULL,NULL,'EQ','input','',5,'admin','2020-02-14 09:55:37',NULL,'2020-02-14 10:30:51'),(57,'5','equ_count','æ•°é‡','int','Long','equCount','0','0',NULL,'1','1',NULL,NULL,'EQ','input','',6,'admin','2020-02-14 09:55:37',NULL,'2020-02-14 10:30:51'),(58,'5','equ_sprice','å•ä»· å…ƒ','decimal(32,2)','Double','equSprice','0','0',NULL,'1','1',NULL,NULL,'EQ','input','',7,'admin','2020-02-14 09:55:37',NULL,'2020-02-14 10:30:51'),(59,'5','equ_price','æ€»ä»· å…ƒ','decimal(32,2)','Double','equPrice','0','0',NULL,'1','1',NULL,NULL,'EQ','input','',8,'admin','2020-02-14 09:55:37',NULL,'2020-02-14 10:30:51'),(60,'5','supplier_id','ä¾›åº”å•† è®¾å¤‡ä¾›åº”å•†è¡¨ä¸»é”®','bigint','Long','supplierId','0','0',NULL,'1','1',NULL,NULL,'EQ','input','',9,'admin','2020-02-14 09:55:37',NULL,'2020-02-14 10:30:51'),(61,'5','equ_brand','å“ç‰Œ','varchar(128)','String','equBrand','0','0',NULL,'1','1',NULL,NULL,'EQ','input','',10,'admin','2020-02-14 09:55:37',NULL,'2020-02-14 10:30:51'),(62,'5','equ_param','è§„æ ¼å‹å·','varchar(1024)','String','equParam','0','0',NULL,'1','1',NULL,NULL,'EQ','textarea','',11,'admin','2020-02-14 09:55:37',NULL,'2020-02-14 10:30:51'),(63,'5','dept_id','æ‰€å±éƒ¨é—¨ éƒ¨é—¨è¡¨ä¸»é”®','bigint','Long','deptId','0','0',NULL,'1','1',NULL,NULL,'EQ','input','',12,'admin','2020-02-14 09:55:37',NULL,'2020-02-14 10:30:51'),(64,'5','equ_admin','è®¾å¤‡ç®¡ç†å‘˜ ç”¨æˆ·è¡¨ä¸»é”®','varchar(32)','String','equAdmin','0','0',NULL,'1','1',NULL,NULL,'EQ','input','',13,'admin','2020-02-14 09:55:37',NULL,'2020-02-14 10:30:51'),(65,'5','equ_time','è®¾å¤‡é‡‡è´­æ—¶é—´','date','Date','equTime','0','0',NULL,'1','1',NULL,NULL,'EQ','datetime','',14,'admin','2020-02-14 09:55:37',NULL,'2020-02-14 10:30:51'),(66,'5','equ_year','è®¾å¤‡ä½¿ç”¨å¹´é™','int','Long','equYear','0','0',NULL,'1','1',NULL,NULL,'EQ','input','',15,'admin','2020-02-14 09:55:37',NULL,'2020-02-14 10:30:51'),(67,'5','equ_status','è®¾å¤‡ä½¿ç”¨çŠ¶æ€ ï¼ˆ0-é—²ç½® 1-æ­£å¸¸ä½¿ç”¨ 2-æ•…éšœ 3-æŠ¥åºŸæŠ¥æŸï¼‰','char(1)','String','equStatus','0','0',NULL,'1','1','1','1','EQ','radio','equ_status_type',16,'admin','2020-02-14 09:55:37',NULL,'2020-02-14 10:30:51'),(68,'5','equ_area','æ‰€åœ¨åŒºåŸŸ','varchar(1024)','String','equArea','0','0',NULL,'1','1',NULL,NULL,'EQ','textarea','',17,'admin','2020-02-14 09:55:37',NULL,'2020-02-14 10:30:51'),(69,'5','equ_attribute','ç‰¹ç§å±æ€§ å­—å…¸é€‰å–','varchar(32)','String','equAttribute','0','0',NULL,'1','1',NULL,NULL,'EQ','input','equ_attribute_type',18,'admin','2020-02-14 09:55:37',NULL,'2020-02-14 10:30:51'),(70,'5','remark','å¤‡æ³¨','varchar(512)','String','remark','0','0',NULL,'1','1',NULL,NULL,'EQ','textarea','',19,'admin','2020-02-14 09:55:37',NULL,'2020-02-14 10:30:51'),(71,'5','del_flag','åˆ é™¤çŠ¶æ€ ï¼ˆ0ä»£è¡¨å­˜åœ¨ 2ä»£è¡¨åˆ é™¤ï¼‰','char(1)','String','delFlag','0','0',NULL,'1',NULL,NULL,NULL,'EQ','input','',20,'admin','2020-02-14 09:55:37',NULL,'2020-02-14 10:30:51'),(72,'5','create_by','åˆ›å»ºäºº','varchar(32)','String','createBy','0','0',NULL,'1',NULL,NULL,NULL,'EQ','input','',21,'admin','2020-02-14 09:55:37',NULL,'2020-02-14 10:30:51'),(73,'5','create_time','åˆ›å»ºæ—¶é—´','datetime','Date','createTime','0','0',NULL,'1',NULL,'1','1','EQ','datetime','',22,'admin','2020-02-14 09:55:37',NULL,'2020-02-14 10:30:51'),(74,'5','update_by','æ›´æ–°äºº','varchar(32)','String','updateBy','0','0',NULL,'1','1',NULL,NULL,'EQ','input','',23,'admin','2020-02-14 09:55:37',NULL,'2020-02-14 10:30:51'),(75,'5','update_time','æ›´æ–°æ—¶é—´','datetime','Date','updateTime','0','0',NULL,'1','1',NULL,NULL,'EQ','datetime','',24,'admin','2020-02-14 09:55:37',NULL,'2020-02-14 10:30:51'),(76,'6','sup_id','ID ä¸»é”®','bigint','Long','supId','1','1',NULL,'1',NULL,NULL,NULL,'EQ','input','',1,'admin','2020-02-17 09:55:28',NULL,'2020-02-17 12:08:45'),(77,'6','sup_guid','Guid','varchar(32)','String','supGuid','0','0',NULL,'1',NULL,NULL,NULL,'EQ','input','',2,'admin','2020-02-17 09:55:28',NULL,'2020-02-17 12:08:45'),(78,'6','sup_code','ç»Ÿä¸€ç¤¾ä¼šä¿¡ç”¨ä»£ç ','varchar(32)','String','supCode','0','0',NULL,'1','1','1','1','EQ','input','',3,'admin','2020-02-17 09:55:28',NULL,'2020-02-17 12:08:45'),(79,'6','sup_name','ä¼ä¸šåç§°','varchar(64)','String','supName','0','0',NULL,'1','1','1','1','LIKE','input','',4,'admin','2020-02-17 09:55:28',NULL,'2020-02-17 12:08:45'),(80,'6','sup_leg','æ³•å®šä»£è¡¨äºº','varchar(32)','String','supLeg','0','0',NULL,'1','1','1','1','EQ','input','',5,'admin','2020-02-17 09:55:28',NULL,'2020-02-17 12:08:45'),(81,'6','sup_adder','ä½æ‰€','varchar(128)','String','supAdder','0','0',NULL,'1','1',NULL,NULL,'EQ','input','',6,'admin','2020-02-17 09:55:28',NULL,'2020-02-17 12:08:45'),(82,'6','sup_contact','è”ç³»äºº','varchar(32)','String','supContact','0','0',NULL,'1','1','1','1','EQ','input','',7,'admin','2020-02-17 09:55:28',NULL,'2020-02-17 12:08:45'),(83,'6','sup_phone','è”ç³»æ–¹å¼','varchar(32)','String','supPhone','0','0',NULL,'1','1','1',NULL,'EQ','input','',8,'admin','2020-02-17 09:55:28',NULL,'2020-02-17 12:08:45'),(84,'6','remark','å¤‡æ³¨','varchar(512)','String','remark','0','0',NULL,'1','1',NULL,NULL,'EQ','textarea','',9,'admin','2020-02-17 09:55:28',NULL,'2020-02-17 12:08:45'),(85,'6','status','çŠ¶æ€ ï¼ˆ0ä»£è¡¨æ­£å¸¸ 1ä»£è¡¨æ‹‰é»‘ï¼‰','char(1)','String','status','0','0',NULL,'1','1','1','1','EQ','radio','',10,'admin','2020-02-17 09:55:28',NULL,'2020-02-17 12:08:45'),(86,'6','del_flag','åˆ é™¤çŠ¶æ€ ï¼ˆ0ä»£è¡¨å­˜åœ¨ 2ä»£è¡¨åˆ é™¤ï¼‰','char(1)','String','delFlag','0','0',NULL,'1',NULL,NULL,NULL,'EQ','input','',11,'admin','2020-02-17 09:55:28',NULL,'2020-02-17 12:08:45'),(87,'6','create_by','åˆ›å»ºäºº','varchar(32)','String','createBy','0','0',NULL,'1',NULL,NULL,NULL,'EQ','input','',12,'admin','2020-02-17 09:55:28',NULL,'2020-02-17 12:08:45'),(88,'6','create_time','åˆ›å»ºæ—¶é—´','datetime','Date','createTime','0','0',NULL,'1',NULL,NULL,NULL,'EQ','datetime','',13,'admin','2020-02-17 09:55:28',NULL,'2020-02-17 12:08:45'),(89,'6','update_by','æ›´æ–°äºº','varchar(32)','String','updateBy','0','0',NULL,'1','1',NULL,NULL,'EQ','input','',14,'admin','2020-02-17 09:55:28',NULL,'2020-02-17 12:08:45'),(90,'6','update_time','æ›´æ–°æ—¶é—´','datetime','Date','updateTime','0','0',NULL,'1','1',NULL,NULL,'EQ','datetime','',15,'admin','2020-02-17 09:55:28',NULL,'2020-02-17 12:08:45'),(91,'7','con_id','ID ä¸»é”®','bigint','Long','conId','1','1',NULL,'1',NULL,NULL,NULL,'EQ','input','',1,'admin','2020-02-18 10:39:42',NULL,'2020-02-18 10:41:53'),(92,'7','con_guid','Guid','varchar(32)','String','conGuid','0','0',NULL,'1',NULL,NULL,NULL,'EQ','input','',2,'admin','2020-02-18 10:39:42',NULL,'2020-02-18 10:41:54'),(93,'7','con_code','åˆåŒç¼–å·','varchar(32)','String','conCode','0','0',NULL,'1','1','1','1','EQ','input','',3,'admin','2020-02-18 10:39:42',NULL,'2020-02-18 10:41:54'),(94,'7','con_name','åˆåŒåç§°','varchar(128)','String','conName','0','0',NULL,'1','1','1','1','LIKE','input','',4,'admin','2020-02-18 10:39:42',NULL,'2020-02-18 10:41:54'),(95,'7','con_amount','åˆåŒé‡‘é¢','decimal(32,8)','Double','conAmount','0','0',NULL,'1','1','1',NULL,'EQ','input','',5,'admin','2020-02-18 10:39:42',NULL,'2020-02-18 10:41:54'),(96,'7','con_time','ç­¾è®¢æ—¥æœŸ','date','Date','conTime','0','0',NULL,'1','1','1','1','EQ','datetime','',6,'admin','2020-02-18 10:39:42',NULL,'2020-02-18 10:41:54'),(97,'7','con_first','åˆåŒç”²æ–¹','varchar(128)','String','conFirst','0','0',NULL,'1','1',NULL,NULL,'EQ','input','',7,'admin','2020-02-18 10:39:42',NULL,'2020-02-18 10:41:54'),(98,'7','first_contacts','ç”²æ–¹è”ç³»äºº','varchar(32)','String','firstContacts','0','0',NULL,'1','1',NULL,NULL,'EQ','input','',8,'admin','2020-02-18 10:39:42',NULL,'2020-02-18 10:41:54'),(99,'7','first_phone','ç”²æ–¹è”ç³»æ–¹å¼','varchar(32)','String','firstPhone','0','0',NULL,'1','1',NULL,NULL,'EQ','input','',9,'admin','2020-02-18 10:39:42',NULL,'2020-02-18 10:41:54'),(100,'7','con_second','åˆåŒä¹™æ–¹','varchar(128)','String','conSecond','0','0',NULL,'1','1',NULL,NULL,'EQ','input','',10,'admin','2020-02-18 10:39:42',NULL,'2020-02-18 10:41:54'),(101,'7','second_contacts','ä¹™æ–¹è”ç³»äºº','varchar(32)','String','secondContacts','0','0',NULL,'1','1',NULL,NULL,'EQ','input','',11,'admin','2020-02-18 10:39:42',NULL,'2020-02-18 10:41:54'),(102,'7','second_phone','ä¹™æ–¹è”ç³»æ–¹å¼','varchar(32)','String','secondPhone','0','0',NULL,'1','1',NULL,NULL,'EQ','input','',12,'admin','2020-02-18 10:39:42',NULL,'2020-02-18 10:41:54'),(103,'7','remark','å¤‡æ³¨','varchar(512)','String','remark','0','0',NULL,'1','1',NULL,NULL,'EQ','textarea','',13,'admin','2020-02-18 10:39:42',NULL,'2020-02-18 10:41:54'),(104,'7','del_flag','åˆ é™¤çŠ¶æ€ ï¼ˆ0ä»£è¡¨å­˜åœ¨ 2ä»£è¡¨åˆ é™¤ï¼‰','char(1)','String','delFlag','0','0',NULL,'1',NULL,NULL,NULL,'EQ','input','',14,'admin','2020-02-18 10:39:42',NULL,'2020-02-18 10:41:54'),(105,'7','create_by','åˆ›å»ºäºº','varchar(32)','String','createBy','0','0',NULL,'1',NULL,NULL,NULL,'EQ','input','',15,'admin','2020-02-18 10:39:42',NULL,'2020-02-18 10:41:54'),(106,'7','create_time','åˆ›å»ºæ—¶é—´','datetime','Date','createTime','0','0',NULL,'1',NULL,'1','1','EQ','datetime','',16,'admin','2020-02-18 10:39:42',NULL,'2020-02-18 10:41:54'),(107,'7','update_by','æ›´æ–°äºº','varchar(32)','String','updateBy','0','0',NULL,'1','1',NULL,NULL,'EQ','input','',17,'admin','2020-02-18 10:39:42',NULL,'2020-02-18 10:41:54'),(108,'7','update_time','æ›´æ–°æ—¶é—´','datetime','Date','updateTime','0','0',NULL,'1','1',NULL,NULL,'EQ','datetime','',18,'admin','2020-02-18 10:39:42',NULL,'2020-02-18 10:41:54'),(109,'8','scr_id','ID ä¸»é”®','bigint','Long','scrId','1','1',NULL,'1',NULL,NULL,NULL,'EQ','input','',1,'admin','2020-02-24 11:18:19',NULL,'2020-02-24 11:19:17'),(110,'8','scr_guid','Guid','varchar(32)','String','scrGuid','0','0',NULL,'1',NULL,NULL,NULL,'EQ','input','',2,'admin','2020-02-24 11:18:19',NULL,'2020-02-24 11:19:17'),(111,'8','scr_code','æŠ¥åºŸæŠ¥æŸå•ç¼–å·','varchar(32)','String','scrCode','0','0',NULL,'1','1',NULL,NULL,'EQ','input','',3,'admin','2020-02-24 11:18:19',NULL,'2020-02-24 11:19:17'),(112,'8','equ_id','è®¾å¤‡id è®¾å¤‡æ¡£æ¡ˆè¡¨ä¸»é”®','varchar(32)','String','equId','0','0',NULL,'1','1',NULL,NULL,'EQ','input','',4,'admin','2020-02-24 11:18:19',NULL,'2020-02-24 11:19:17'),(113,'8','scr_reason','æŠ¥åºŸç†ç”±','varchar(32)','String','scrReason','0','0',NULL,'1','1',NULL,NULL,'EQ','input','',5,'admin','2020-02-24 11:18:19',NULL,'2020-02-24 11:19:17'),(114,'8','remark','å¤‡æ³¨','varchar(512)','String','remark','0','0',NULL,'1','1',NULL,NULL,'EQ','textarea','',6,'admin','2020-02-24 11:18:19',NULL,'2020-02-24 11:19:17'),(115,'8','del_flag','åˆ é™¤çŠ¶æ€ ï¼ˆ0ä»£è¡¨å­˜åœ¨ 2ä»£è¡¨åˆ é™¤ï¼‰','char(1)','String','delFlag','0','0',NULL,'1',NULL,NULL,NULL,'EQ','input','',7,'admin','2020-02-24 11:18:19',NULL,'2020-02-24 11:19:17'),(116,'8','create_by','åˆ›å»ºäºº','varchar(32)','String','createBy','0','0',NULL,'1',NULL,NULL,NULL,'EQ','input','',8,'admin','2020-02-24 11:18:19',NULL,'2020-02-24 11:19:17'),(117,'8','create_time','åˆ›å»ºæ—¶é—´','datetime','Date','createTime','0','0',NULL,'1',NULL,NULL,NULL,'EQ','datetime','',9,'admin','2020-02-24 11:18:19',NULL,'2020-02-24 11:19:17'),(118,'8','update_by','æ›´æ–°äºº','varchar(32)','String','updateBy','0','0',NULL,'1','1',NULL,NULL,'EQ','input','',10,'admin','2020-02-24 11:18:19',NULL,'2020-02-24 11:19:17'),(119,'8','update_time','æ›´æ–°æ—¶é—´','datetime','Date','updateTime','0','0',NULL,'1','1',NULL,NULL,'EQ','datetime','',11,'admin','2020-02-24 11:18:19',NULL,'2020-02-24 11:19:17');
/*!40000 ALTER TABLE `gen_table_column` ENABLE KEYS */;
UNLOCK TABLES;

--
-- Table structure for table `qrtz_blob_triggers`
--

DROP TABLE IF EXISTS `qrtz_blob_triggers`;
/*!40101 SET @saved_cs_client     = @@character_set_client */;
/*!50503 SET character_set_client = utf8mb4 */;
CREATE TABLE `qrtz_blob_triggers` (
  `sched_name` varchar(120) NOT NULL,
  `trigger_name` varchar(200) NOT NULL,
  `trigger_group` varchar(200) NOT NULL,
  `blob_data` blob,
  PRIMARY KEY (`sched_name`,`trigger_name`,`trigger_group`),
  CONSTRAINT `qrtz_blob_triggers_ibfk_1` FOREIGN KEY (`sched_name`, `trigger_name`, `trigger_group`) REFERENCES `qrtz_triggers` (`sched_name`, `trigger_name`, `trigger_group`)
) ENGINE=InnoDB DEFAULT CHARSET=utf8;
/*!40101 SET character_set_client = @saved_cs_client */;

--
-- Dumping data for table `qrtz_blob_triggers`
--

LOCK TABLES `qrtz_blob_triggers` WRITE;
/*!40000 ALTER TABLE `qrtz_blob_triggers` DISABLE KEYS */;
/*!40000 ALTER TABLE `qrtz_blob_triggers` ENABLE KEYS */;
UNLOCK TABLES;

--
-- Table structure for table `qrtz_calendars`
--

DROP TABLE IF EXISTS `qrtz_calendars`;
/*!40101 SET @saved_cs_client     = @@character_set_client */;
/*!50503 SET character_set_client = utf8mb4 */;
CREATE TABLE `qrtz_calendars` (
  `sched_name` varchar(120) NOT NULL,
  `calendar_name` varchar(200) NOT NULL,
  `calendar` blob NOT NULL,
  PRIMARY KEY (`sched_name`,`calendar_name`)
) ENGINE=InnoDB DEFAULT CHARSET=utf8;
/*!40101 SET character_set_client = @saved_cs_client */;

--
-- Dumping data for table `qrtz_calendars`
--

LOCK TABLES `qrtz_calendars` WRITE;
/*!40000 ALTER TABLE `qrtz_calendars` DISABLE KEYS */;
/*!40000 ALTER TABLE `qrtz_calendars` ENABLE KEYS */;
UNLOCK TABLES;

--
-- Table structure for table `qrtz_cron_triggers`
--

DROP TABLE IF EXISTS `qrtz_cron_triggers`;
/*!40101 SET @saved_cs_client     = @@character_set_client */;
/*!50503 SET character_set_client = utf8mb4 */;
CREATE TABLE `qrtz_cron_triggers` (
  `sched_name` varchar(120) NOT NULL,
  `trigger_name` varchar(200) NOT NULL,
  `trigger_group` varchar(200) NOT NULL,
  `cron_expression` varchar(200) NOT NULL,
  `time_zone_id` varchar(80) DEFAULT NULL,
  PRIMARY KEY (`sched_name`,`trigger_name`,`trigger_group`),
  CONSTRAINT `qrtz_cron_triggers_ibfk_1` FOREIGN KEY (`sched_name`, `trigger_name`, `trigger_group`) REFERENCES `qrtz_triggers` (`sched_name`, `trigger_name`, `trigger_group`)
) ENGINE=InnoDB DEFAULT CHARSET=utf8;
/*!40101 SET character_set_client = @saved_cs_client */;

--
-- Dumping data for table `qrtz_cron_triggers`
--

LOCK TABLES `qrtz_cron_triggers` WRITE;
/*!40000 ALTER TABLE `qrtz_cron_triggers` DISABLE KEYS */;
INSERT INTO `qrtz_cron_triggers` VALUES ('RuoyiScheduler','TASK_CLASS_NAME1','DEFAULT','0/10 * * * * ?','Asia/Shanghai'),('RuoyiScheduler','TASK_CLASS_NAME2','DEFAULT','0/15 * * * * ?','Asia/Shanghai'),('RuoyiScheduler','TASK_CLASS_NAME3','DEFAULT','0/20 * * * * ?','Asia/Shanghai');
/*!40000 ALTER TABLE `qrtz_cron_triggers` ENABLE KEYS */;
UNLOCK TABLES;

--
-- Table structure for table `qrtz_fired_triggers`
--

DROP TABLE IF EXISTS `qrtz_fired_triggers`;
/*!40101 SET @saved_cs_client     = @@character_set_client */;
/*!50503 SET character_set_client = utf8mb4 */;
CREATE TABLE `qrtz_fired_triggers` (
  `sched_name` varchar(120) NOT NULL,
  `entry_id` varchar(95) NOT NULL,
  `trigger_name` varchar(200) NOT NULL,
  `trigger_group` varchar(200) NOT NULL,
  `instance_name` varchar(200) NOT NULL,
  `fired_time` bigint NOT NULL,
  `sched_time` bigint NOT NULL,
  `priority` int NOT NULL,
  `state` varchar(16) NOT NULL,
  `job_name` varchar(200) DEFAULT NULL,
  `job_group` varchar(200) DEFAULT NULL,
  `is_nonconcurrent` varchar(1) DEFAULT NULL,
  `requests_recovery` varchar(1) DEFAULT NULL,
  PRIMARY KEY (`sched_name`,`entry_id`)
) ENGINE=InnoDB DEFAULT CHARSET=utf8;
/*!40101 SET character_set_client = @saved_cs_client */;

--
-- Dumping data for table `qrtz_fired_triggers`
--

LOCK TABLES `qrtz_fired_triggers` WRITE;
/*!40000 ALTER TABLE `qrtz_fired_triggers` DISABLE KEYS */;
/*!40000 ALTER TABLE `qrtz_fired_triggers` ENABLE KEYS */;
UNLOCK TABLES;

--
-- Table structure for table `qrtz_job_details`
--

DROP TABLE IF EXISTS `qrtz_job_details`;
/*!40101 SET @saved_cs_client     = @@character_set_client */;
/*!50503 SET character_set_client = utf8mb4 */;
CREATE TABLE `qrtz_job_details` (
  `sched_name` varchar(120) NOT NULL,
  `job_name` varchar(200) NOT NULL,
  `job_group` varchar(200) NOT NULL,
  `description` varchar(250) DEFAULT NULL,
  `job_class_name` varchar(250) NOT NULL,
  `is_durable` varchar(1) NOT NULL,
  `is_nonconcurrent` varchar(1) NOT NULL,
  `is_update_data` varchar(1) NOT NULL,
  `requests_recovery` varchar(1) NOT NULL,
  `job_data` blob,
  PRIMARY KEY (`sched_name`,`job_name`,`job_group`)
) ENGINE=InnoDB DEFAULT CHARSET=utf8;
/*!40101 SET character_set_client = @saved_cs_client */;

--
-- Dumping data for table `qrtz_job_details`
--

LOCK TABLES `qrtz_job_details` WRITE;
/*!40000 ALTER TABLE `qrtz_job_details` DISABLE KEYS */;
INSERT INTO `qrtz_job_details` VALUES ('RuoyiScheduler','TASK_CLASS_NAME1','DEFAULT',NULL,'com.ruoyi.quartz.util.QuartzDisallowConcurrentExecution','0','1','0','0',_binary '¬\í\0sr\0org.quartz.JobDataMapŸ°ƒè¿©°\Ë\0\0xr\0&org.quartz.utils.StringKeyDirtyFlagMap‚\è\Ãû\Å](\0Z\0allowsTransientDataxr\0org.quartz.utils.DirtyFlagMap\æ.­(v\n\Î\0Z\0dirtyL\0mapt\0Ljava/util/Map;xpsr\0java.util.HashMap\ÚÁ\Ã`\Ñ\0F\0\nloadFactorI\0	thresholdxp?@\0\0\0\0\0w\0\0\0\0\0\0t\0TASK_PROPERTIESsr\0com.ruoyi.quartz.domain.SysJob\0\0\0\0\0\0\0\0L\0\nconcurrentt\0Ljava/lang/String;L\0cronExpressionq\0~\0	L\0invokeTargetq\0~\0	L\0jobGroupq\0~\0	L\0jobIdt\0Ljava/lang/Long;L\0jobNameq\0~\0	L\0\rmisfirePolicyq\0~\0	L\0statusq\0~\0	xr\0\'com.ruoyi.common.core.domain.BaseEntity\0\0\0\0\0\0\0\0L\0createByq\0~\0	L\0\ncreateTimet\0Ljava/util/Date;L\0paramsq\0~\0L\0remarkq\0~\0	L\0searchValueq\0~\0	L\0updateByq\0~\0	L\0\nupdateTimeq\0~\0xpt\0adminsr\0java.util.DatehjKYt\0\0xpw\0\0b,\Ş)\àxpt\0\0pppt\01t\00/10 * * * * ?t\0ryTask.ryNoParamst\0DEFAULTsr\0java.lang.Long;‹\äÌ#\ß\0J\0valuexr\0java.lang.Number†¬•”\à‹\0\0xp\0\0\0\0\0\0\0t\0ç³»ç»Ÿé»˜è®¤ï¼ˆæ— å‚ï¼‰t\03t\01x\0'),('RuoyiScheduler','TASK_CLASS_NAME2','DEFAULT',NULL,'com.ruoyi.quartz.util.QuartzDisallowConcurrentExecution','0','1','0','0',_binary '¬\í\0sr\0org.quartz.JobDataMapŸ°ƒè¿©°\Ë\0\0xr\0&org.quartz.utils.StringKeyDirtyFlagMap‚\è\Ãû\Å](\0Z\0allowsTransientDataxr\0org.quartz.utils.DirtyFlagMap\æ.­(v\n\Î\0Z\0dirtyL\0mapt\0Ljava/util/Map;xpsr\0java.util.HashMap\ÚÁ\Ã`\Ñ\0F\0\nloadFactorI\0	thresholdxp?@\0\0\0\0\0w\0\0\0\0\0\0t\0TASK_PROPERTIESsr\0com.ruoyi.quartz.domain.SysJob\0\0\0\0\0\0\0\0L\0\nconcurrentt\0Ljava/lang/String;L\0cronExpressionq\0~\0	L\0invokeTargetq\0~\0	L\0jobGroupq\0~\0	L\0jobIdt\0Ljava/lang/Long;L\0jobNameq\0~\0	L\0\rmisfirePolicyq\0~\0	L\0statusq\0~\0	xr\0\'com.ruoyi.common.core.domain.BaseEntity\0\0\0\0\0\0\0\0L\0createByq\0~\0	L\0\ncreateTimet\0Ljava/util/Date;L\0paramsq\0~\0L\0remarkq\0~\0	L\0searchValueq\0~\0	L\0updateByq\0~\0	L\0\nupdateTimeq\0~\0xpt\0adminsr\0java.util.DatehjKYt\0\0xpw\0\0b,\Ş)\àxpt\0\0pppt\01t\00/15 * * * * ?t\0ryTask.ryParams(\'ry\')t\0DEFAULTsr\0java.lang.Long;‹\äÌ#\ß\0J\0valuexr\0java.lang.Number†¬•”\à‹\0\0xp\0\0\0\0\0\0\0t\0ç³»ç»Ÿé»˜è®¤ï¼ˆæœ‰å‚ï¼‰t\03t\01x\0'),('RuoyiScheduler','TASK_CLASS_NAME3','DEFAULT',NULL,'com.ruoyi.quartz.util.QuartzDisallowConcurrentExecution','0','1','0','0',_binary '¬\í\0sr\0org.quartz.JobDataMapŸ°ƒè¿©°\Ë\0\0xr\0&org.quartz.utils.StringKeyDirtyFlagMap‚\è\Ãû\Å](\0Z\0allowsTransientDataxr\0org.quartz.utils.DirtyFlagMap\æ.­(v\n\Î\0Z\0dirtyL\0mapt\0Ljava/util/Map;xpsr\0java.util.HashMap\ÚÁ\Ã`\Ñ\0F\0\nloadFactorI\0	thresholdxp?@\0\0\0\0\0w\0\0\0\0\0\0t\0TASK_PROPERTIESsr\0com.ruoyi.quartz.domain.SysJob\0\0\0\0\0\0\0\0L\0\nconcurrentt\0Ljava/lang/String;L\0cronExpressionq\0~\0	L\0invokeTargetq\0~\0	L\0jobGroupq\0~\0	L\0jobIdt\0Ljava/lang/Long;L\0jobNameq\0~\0	L\0\rmisfirePolicyq\0~\0	L\0statusq\0~\0	xr\0\'com.ruoyi.common.core.domain.BaseEntity\0\0\0\0\0\0\0\0L\0createByq\0~\0	L\0\ncreateTimet\0Ljava/util/Date;L\0paramsq\0~\0L\0remarkq\0~\0	L\0searchValueq\0~\0	L\0updateByq\0~\0	L\0\nupdateTimeq\0~\0xpt\0adminsr\0java.util.DatehjKYt\0\0xpw\0\0b,\Ş)\àxpt\0\0pppt\01t\00/20 * * * * ?t\08ryTask.ryMultipleParams(\'ry\', true, 2000L, 316.50D, 100)t\0DEFAULTsr\0java.lang.Long;‹\äÌ#\ß\0J\0valuexr\0java.lang.Number†¬•”\à‹\0\0xp\0\0\0\0\0\0\0t\0ç³»ç»Ÿé»˜è®¤ï¼ˆå¤šå‚ï¼‰t\03t\01x\0');
/*!40000 ALTER TABLE `qrtz_job_details` ENABLE KEYS */;
UNLOCK TABLES;

--
-- Table structure for table `qrtz_locks`
--

DROP TABLE IF EXISTS `qrtz_locks`;
/*!40101 SET @saved_cs_client     = @@character_set_client */;
/*!50503 SET character_set_client = utf8mb4 */;
CREATE TABLE `qrtz_locks` (
  `sched_name` varchar(120) NOT NULL,
  `lock_name` varchar(40) NOT NULL,
  PRIMARY KEY (`sched_name`,`lock_name`)
) ENGINE=InnoDB DEFAULT CHARSET=utf8;
/*!40101 SET character_set_client = @saved_cs_client */;

--
-- Dumping data for table `qrtz_locks`
--

LOCK TABLES `qrtz_locks` WRITE;
/*!40000 ALTER TABLE `qrtz_locks` DISABLE KEYS */;
INSERT INTO `qrtz_locks` VALUES ('RuoyiScheduler','STATE_ACCESS'),('RuoyiScheduler','TRIGGER_ACCESS');
/*!40000 ALTER TABLE `qrtz_locks` ENABLE KEYS */;
UNLOCK TABLES;

--
-- Table structure for table `qrtz_paused_trigger_grps`
--

DROP TABLE IF EXISTS `qrtz_paused_trigger_grps`;
/*!40101 SET @saved_cs_client     = @@character_set_client */;
/*!50503 SET character_set_client = utf8mb4 */;
CREATE TABLE `qrtz_paused_trigger_grps` (
  `sched_name` varchar(120) NOT NULL,
  `trigger_group` varchar(200) NOT NULL,
  PRIMARY KEY (`sched_name`,`trigger_group`)
) ENGINE=InnoDB DEFAULT CHARSET=utf8;
/*!40101 SET character_set_client = @saved_cs_client */;

--
-- Dumping data for table `qrtz_paused_trigger_grps`
--

LOCK TABLES `qrtz_paused_trigger_grps` WRITE;
/*!40000 ALTER TABLE `qrtz_paused_trigger_grps` DISABLE KEYS */;
/*!40000 ALTER TABLE `qrtz_paused_trigger_grps` ENABLE KEYS */;
UNLOCK TABLES;

--
-- Table structure for table `qrtz_scheduler_state`
--

DROP TABLE IF EXISTS `qrtz_scheduler_state`;
/*!40101 SET @saved_cs_client     = @@character_set_client */;
/*!50503 SET character_set_client = utf8mb4 */;
CREATE TABLE `qrtz_scheduler_state` (
  `sched_name` varchar(120) NOT NULL,
  `instance_name` varchar(200) NOT NULL,
  `last_checkin_time` bigint NOT NULL,
  `checkin_interval` bigint NOT NULL,
  PRIMARY KEY (`sched_name`,`instance_name`)
) ENGINE=InnoDB DEFAULT CHARSET=utf8;
/*!40101 SET character_set_client = @saved_cs_client */;

--
-- Dumping data for table `qrtz_scheduler_state`
--

LOCK TABLES `qrtz_scheduler_state` WRITE;
/*!40000 ALTER TABLE `qrtz_scheduler_state` DISABLE KEYS */;
INSERT INTO `qrtz_scheduler_state` VALUES ('RuoyiScheduler','Snow1582870806504',1582870925148,15000);
/*!40000 ALTER TABLE `qrtz_scheduler_state` ENABLE KEYS */;
UNLOCK TABLES;

--
-- Table structure for table `qrtz_simple_triggers`
--

DROP TABLE IF EXISTS `qrtz_simple_triggers`;
/*!40101 SET @saved_cs_client     = @@character_set_client */;
/*!50503 SET character_set_client = utf8mb4 */;
CREATE TABLE `qrtz_simple_triggers` (
  `sched_name` varchar(120) NOT NULL,
  `trigger_name` varchar(200) NOT NULL,
  `trigger_group` varchar(200) NOT NULL,
  `repeat_count` bigint NOT NULL,
  `repeat_interval` bigint NOT NULL,
  `times_triggered` bigint NOT NULL,
  PRIMARY KEY (`sched_name`,`trigger_name`,`trigger_group`),
  CONSTRAINT `qrtz_simple_triggers_ibfk_1` FOREIGN KEY (`sched_name`, `trigger_name`, `trigger_group`) REFERENCES `qrtz_triggers` (`sched_name`, `trigger_name`, `trigger_group`)
) ENGINE=InnoDB DEFAULT CHARSET=utf8;
/*!40101 SET character_set_client = @saved_cs_client */;

--
-- Dumping data for table `qrtz_simple_triggers`
--

LOCK TABLES `qrtz_simple_triggers` WRITE;
/*!40000 ALTER TABLE `qrtz_simple_triggers` DISABLE KEYS */;
/*!40000 ALTER TABLE `qrtz_simple_triggers` ENABLE KEYS */;
UNLOCK TABLES;

--
-- Table structure for table `qrtz_simprop_triggers`
--

DROP TABLE IF EXISTS `qrtz_simprop_triggers`;
/*!40101 SET @saved_cs_client     = @@character_set_client */;
/*!50503 SET character_set_client = utf8mb4 */;
CREATE TABLE `qrtz_simprop_triggers` (
  `sched_name` varchar(120) NOT NULL,
  `trigger_name` varchar(200) NOT NULL,
  `trigger_group` varchar(200) NOT NULL,
  `str_prop_1` varchar(512) DEFAULT NULL,
  `str_prop_2` varchar(512) DEFAULT NULL,
  `str_prop_3` varchar(512) DEFAULT NULL,
  `int_prop_1` int DEFAULT NULL,
  `int_prop_2` int DEFAULT NULL,
  `long_prop_1` bigint DEFAULT NULL,
  `long_prop_2` bigint DEFAULT NULL,
  `dec_prop_1` decimal(13,4) DEFAULT NULL,
  `dec_prop_2` decimal(13,4) DEFAULT NULL,
  `bool_prop_1` varchar(1) DEFAULT NULL,
  `bool_prop_2` varchar(1) DEFAULT NULL,
  PRIMARY KEY (`sched_name`,`trigger_name`,`trigger_group`),
  CONSTRAINT `qrtz_simprop_triggers_ibfk_1` FOREIGN KEY (`sched_name`, `trigger_name`, `trigger_group`) REFERENCES `qrtz_triggers` (`sched_name`, `trigger_name`, `trigger_group`)
) ENGINE=InnoDB DEFAULT CHARSET=utf8;
/*!40101 SET character_set_client = @saved_cs_client */;

--
-- Dumping data for table `qrtz_simprop_triggers`
--

LOCK TABLES `qrtz_simprop_triggers` WRITE;
/*!40000 ALTER TABLE `qrtz_simprop_triggers` DISABLE KEYS */;
/*!40000 ALTER TABLE `qrtz_simprop_triggers` ENABLE KEYS */;
UNLOCK TABLES;

--
-- Table structure for table `qrtz_triggers`
--

DROP TABLE IF EXISTS `qrtz_triggers`;
/*!40101 SET @saved_cs_client     = @@character_set_client */;
/*!50503 SET character_set_client = utf8mb4 */;
CREATE TABLE `qrtz_triggers` (
  `sched_name` varchar(120) NOT NULL,
  `trigger_name` varchar(200) NOT NULL,
  `trigger_group` varchar(200) NOT NULL,
  `job_name` varchar(200) NOT NULL,
  `job_group` varchar(200) NOT NULL,
  `description` varchar(250) DEFAULT NULL,
  `next_fire_time` bigint DEFAULT NULL,
  `prev_fire_time` bigint DEFAULT NULL,
  `priority` int DEFAULT NULL,
  `trigger_state` varchar(16) NOT NULL,
  `trigger_type` varchar(8) NOT NULL,
  `start_time` bigint NOT NULL,
  `end_time` bigint DEFAULT NULL,
  `calendar_name` varchar(200) DEFAULT NULL,
  `misfire_instr` smallint DEFAULT NULL,
  `job_data` blob,
  PRIMARY KEY (`sched_name`,`trigger_name`,`trigger_group`),
  KEY `sched_name` (`sched_name`,`job_name`,`job_group`),
  CONSTRAINT `qrtz_triggers_ibfk_1` FOREIGN KEY (`sched_name`, `job_name`, `job_group`) REFERENCES `qrtz_job_details` (`sched_name`, `job_name`, `job_group`)
) ENGINE=InnoDB DEFAULT CHARSET=utf8;
/*!40101 SET character_set_client = @saved_cs_client */;

--
-- Dumping data for table `qrtz_triggers`
--

LOCK TABLES `qrtz_triggers` WRITE;
/*!40000 ALTER TABLE `qrtz_triggers` DISABLE KEYS */;
INSERT INTO `qrtz_triggers` VALUES ('RuoyiScheduler','TASK_CLASS_NAME1','DEFAULT','TASK_CLASS_NAME1','DEFAULT',NULL,1582870810000,-1,5,'PAUSED','CRON',1582870807000,0,NULL,2,''),('RuoyiScheduler','TASK_CLASS_NAME2','DEFAULT','TASK_CLASS_NAME2','DEFAULT',NULL,1582870815000,-1,5,'PAUSED','CRON',1582870808000,0,NULL,2,''),('RuoyiScheduler','TASK_CLASS_NAME3','DEFAULT','TASK_CLASS_NAME3','DEFAULT',NULL,1582870820000,-1,5,'PAUSED','CRON',1582870809000,0,NULL,2,'');
/*!40000 ALTER TABLE `qrtz_triggers` ENABLE KEYS */;
UNLOCK TABLES;

--
-- Table structure for table `sys_config`
--

DROP TABLE IF EXISTS `sys_config`;
/*!40101 SET @saved_cs_client     = @@character_set_client */;
/*!50503 SET character_set_client = utf8mb4 */;
CREATE TABLE `sys_config` (
  `config_id` int NOT NULL AUTO_INCREMENT COMMENT 'å‚æ•°ä¸»é”®',
  `config_name` varchar(100) DEFAULT '' COMMENT 'å‚æ•°åç§°',
  `config_key` varchar(100) DEFAULT '' COMMENT 'å‚æ•°é”®å',
  `config_value` varchar(500) DEFAULT '' COMMENT 'å‚æ•°é”®å€¼',
  `config_type` char(1) DEFAULT 'N' COMMENT 'ç³»ç»Ÿå†…ç½®ï¼ˆYæ˜¯ Nå¦ï¼‰',
  `create_by` varchar(64) DEFAULT '' COMMENT 'åˆ›å»ºè€…',
  `create_time` datetime DEFAULT NULL COMMENT 'åˆ›å»ºæ—¶é—´',
  `update_by` varchar(64) DEFAULT '' COMMENT 'æ›´æ–°è€…',
  `update_time` datetime DEFAULT NULL COMMENT 'æ›´æ–°æ—¶é—´',
  `remark` varchar(500) DEFAULT NULL COMMENT 'å¤‡æ³¨',
  PRIMARY KEY (`config_id`)
) ENGINE=InnoDB AUTO_INCREMENT=100 DEFAULT CHARSET=utf8 COMMENT='å‚æ•°é…ç½®è¡¨';
/*!40101 SET character_set_client = @saved_cs_client */;

--
-- Dumping data for table `sys_config`
--

LOCK TABLES `sys_config` WRITE;
/*!40000 ALTER TABLE `sys_config` DISABLE KEYS */;
INSERT INTO `sys_config` VALUES (1,'ä¸»æ¡†æ¶é¡µ-é»˜è®¤çš®è‚¤æ ·å¼åç§°','sys.index.skinName','skin-blue','Y','admin','2018-03-16 11:33:00','ry','2018-03-16 11:33:00','è“è‰² skin-blueã€ç»¿è‰² skin-greenã€ç´«è‰² skin-purpleã€çº¢è‰² skin-redã€é»„è‰² skin-yellow'),(2,'ç”¨æˆ·ç®¡ç†-è´¦å·åˆå§‹å¯†ç ','sys.user.initPassword','123456','Y','admin','2018-03-16 11:33:00','ry','2018-03-16 11:33:00','åˆå§‹åŒ–å¯†ç  123456'),(3,'ä¸»æ¡†æ¶é¡µ-ä¾§è¾¹æ ä¸»é¢˜','sys.index.sideTheme','theme-dark','Y','admin','2018-03-16 11:33:00','ry','2018-03-16 11:33:00','æ·±é»‘ä¸»é¢˜theme-darkï¼Œæµ…è‰²ä¸»é¢˜theme-lightï¼Œæ·±è“ä¸»é¢˜theme-blue');
/*!40000 ALTER TABLE `sys_config` ENABLE KEYS */;
UNLOCK TABLES;

--
-- Table structure for table `sys_dept`
--

DROP TABLE IF EXISTS `sys_dept`;
/*!40101 SET @saved_cs_client     = @@character_set_client */;
/*!50503 SET character_set_client = utf8mb4 */;
CREATE TABLE `sys_dept` (
  `dept_id` bigint NOT NULL AUTO_INCREMENT COMMENT 'éƒ¨é—¨id',
  `parent_id` bigint DEFAULT '0' COMMENT 'çˆ¶éƒ¨é—¨id',
  `ancestors` varchar(50) DEFAULT '' COMMENT 'ç¥–çº§åˆ—è¡¨',
  `dept_name` varchar(30) DEFAULT '' COMMENT 'éƒ¨é—¨åç§°',
  `order_num` int DEFAULT '0' COMMENT 'æ˜¾ç¤ºé¡ºåº',
  `leader` varchar(20) DEFAULT NULL COMMENT 'è´Ÿè´£äºº',
  `phone` varchar(11) DEFAULT NULL COMMENT 'è”ç³»ç”µè¯',
  `email` varchar(50) DEFAULT NULL COMMENT 'é‚®ç®±',
  `status` char(1) DEFAULT '0' COMMENT 'éƒ¨é—¨çŠ¶æ€ï¼ˆ0æ­£å¸¸ 1åœç”¨ï¼‰',
  `del_flag` char(1) DEFAULT '0' COMMENT 'åˆ é™¤æ ‡å¿—ï¼ˆ0ä»£è¡¨å­˜åœ¨ 2ä»£è¡¨åˆ é™¤ï¼‰',
  `create_by` varchar(64) DEFAULT '' COMMENT 'åˆ›å»ºè€…',
  `create_time` datetime DEFAULT NULL COMMENT 'åˆ›å»ºæ—¶é—´',
  `update_by` varchar(64) DEFAULT '' COMMENT 'æ›´æ–°è€…',
  `update_time` datetime DEFAULT NULL COMMENT 'æ›´æ–°æ—¶é—´',
  PRIMARY KEY (`dept_id`)
) ENGINE=InnoDB AUTO_INCREMENT=201 DEFAULT CHARSET=utf8 COMMENT='éƒ¨é—¨è¡¨';
/*!40101 SET character_set_client = @saved_cs_client */;

--
-- Dumping data for table `sys_dept`
--

LOCK TABLES `sys_dept` WRITE;
/*!40000 ALTER TABLE `sys_dept` DISABLE KEYS */;
INSERT INTO `sys_dept` VALUES (100,0,'0','éƒ¨é—¨åˆ—è¡¨',0,'','','','0','0','admin','2018-03-16 11:33:00','admin','2020-02-11 09:04:18'),(101,100,'0,100','è®¾å¤‡ç®¡ç†éƒ¨é—¨',1,'','','','0','0','admin','2018-03-16 11:33:00','admin','2020-02-11 09:03:04'),(102,100,'0,100','é•¿æ²™åˆ†å…¬å¸',2,'è‹¥ä¾','15888888888','ry@qq.com','0','2','admin','2018-03-16 11:33:00','ry','2018-03-16 11:33:00'),(103,101,'0,100,101','ç ”å‘éƒ¨é—¨',1,'è‹¥ä¾','15888888888','ry@qq.com','0','2','admin','2018-03-16 11:33:00','ry','2018-03-16 11:33:00'),(104,101,'0,100,101','å¸‚åœºéƒ¨é—¨',2,'è‹¥ä¾','15888888888','ry@qq.com','0','2','admin','2018-03-16 11:33:00','ry','2018-03-16 11:33:00'),(105,101,'0,100,101','æµ‹è¯•éƒ¨é—¨',3,'è‹¥ä¾','15888888888','ry@qq.com','0','2','admin','2018-03-16 11:33:00','ry','2018-03-16 11:33:00'),(106,101,'0,100,101','è´¢åŠ¡éƒ¨é—¨',4,'è‹¥ä¾','15888888888','ry@qq.com','0','2','admin','2018-03-16 11:33:00','ry','2018-03-16 11:33:00'),(107,101,'0,100,101','è¿ç»´éƒ¨é—¨',5,'è‹¥ä¾','15888888888','ry@qq.com','0','2','admin','2018-03-16 11:33:00','ry','2018-03-16 11:33:00'),(108,102,'0,100,102','å¸‚åœºéƒ¨é—¨',1,'è‹¥ä¾','15888888888','ry@qq.com','0','2','admin','2018-03-16 11:33:00','ry','2018-03-16 11:33:00'),(109,102,'0,100,102','è´¢åŠ¡éƒ¨é—¨',2,'è‹¥ä¾','15888888888','ry@qq.com','0','2','admin','2018-03-16 11:33:00','ry','2018-03-16 11:33:00'),(200,100,'0,100','åˆåŒç®¡ç†éƒ¨é—¨',2,NULL,NULL,NULL,'0','0','admin','2020-02-12 15:33:14','',NULL);
/*!40000 ALTER TABLE `sys_dept` ENABLE KEYS */;
UNLOCK TABLES;

--
-- Table structure for table `sys_dict_data`
--

DROP TABLE IF EXISTS `sys_dict_data`;
/*!40101 SET @saved_cs_client     = @@character_set_client */;
/*!50503 SET character_set_client = utf8mb4 */;
CREATE TABLE `sys_dict_data` (
  `dict_code` bigint NOT NULL AUTO_INCREMENT COMMENT 'å­—å…¸ç¼–ç ',
  `dict_sort` int DEFAULT '0' COMMENT 'å­—å…¸æ’åº',
  `dict_label` varchar(100) DEFAULT '' COMMENT 'å­—å…¸æ ‡ç­¾',
  `dict_value` varchar(100) DEFAULT '' COMMENT 'å­—å…¸é”®å€¼',
  `dict_type` varchar(100) DEFAULT '' COMMENT 'å­—å…¸ç±»å‹',
  `css_class` varchar(100) DEFAULT NULL COMMENT 'æ ·å¼å±æ€§ï¼ˆå…¶ä»–æ ·å¼æ‰©å±•ï¼‰',
  `list_class` varchar(100) DEFAULT NULL COMMENT 'è¡¨æ ¼å›æ˜¾æ ·å¼',
  `is_default` char(1) DEFAULT 'N' COMMENT 'æ˜¯å¦é»˜è®¤ï¼ˆYæ˜¯ Nå¦ï¼‰',
  `status` char(1) DEFAULT '0' COMMENT 'çŠ¶æ€ï¼ˆ0æ­£å¸¸ 1åœç”¨ï¼‰',
  `create_by` varchar(64) DEFAULT '' COMMENT 'åˆ›å»ºè€…',
  `create_time` datetime DEFAULT NULL COMMENT 'åˆ›å»ºæ—¶é—´',
  `update_by` varchar(64) DEFAULT '' COMMENT 'æ›´æ–°è€…',
  `update_time` datetime DEFAULT NULL COMMENT 'æ›´æ–°æ—¶é—´',
  `remark` varchar(500) DEFAULT NULL COMMENT 'å¤‡æ³¨',
  PRIMARY KEY (`dict_code`)
) ENGINE=InnoDB AUTO_INCREMENT=121 DEFAULT CHARSET=utf8 COMMENT='å­—å…¸æ•°æ®è¡¨';
/*!40101 SET character_set_client = @saved_cs_client */;

--
-- Dumping data for table `sys_dict_data`
--

LOCK TABLES `sys_dict_data` WRITE;
/*!40000 ALTER TABLE `sys_dict_data` DISABLE KEYS */;
INSERT INTO `sys_dict_data` VALUES (1,1,'ç”·','0','sys_user_sex','','','Y','0','admin','2018-03-16 11:33:00','ry','2018-03-16 11:33:00','æ€§åˆ«ç”·'),(2,2,'å¥³','1','sys_user_sex','','','N','0','admin','2018-03-16 11:33:00','ry','2018-03-16 11:33:00','æ€§åˆ«å¥³'),(3,3,'æœªçŸ¥','2','sys_user_sex','','','N','0','admin','2018-03-16 11:33:00','ry','2018-03-16 11:33:00','æ€§åˆ«æœªçŸ¥'),(4,1,'æ˜¾ç¤º','0','sys_show_hide','','primary','Y','0','admin','2018-03-16 11:33:00','ry','2018-03-16 11:33:00','æ˜¾ç¤ºèœå•'),(5,2,'éšè—','1','sys_show_hide','','danger','N','0','admin','2018-03-16 11:33:00','ry','2018-03-16 11:33:00','éšè—èœå•'),(6,1,'æ­£å¸¸','0','sys_normal_disable','','primary','Y','0','admin','2018-03-16 11:33:00','ry','2018-03-16 11:33:00','æ­£å¸¸çŠ¶æ€'),(7,2,'åœç”¨','1','sys_normal_disable','','danger','N','0','admin','2018-03-16 11:33:00','ry','2018-03-16 11:33:00','åœç”¨çŠ¶æ€'),(8,1,'æ­£å¸¸','0','sys_job_status','','primary','Y','0','admin','2018-03-16 11:33:00','ry','2018-03-16 11:33:00','æ­£å¸¸çŠ¶æ€'),(9,2,'æš‚åœ','1','sys_job_status','','danger','N','0','admin','2018-03-16 11:33:00','ry','2018-03-16 11:33:00','åœç”¨çŠ¶æ€'),(10,1,'é»˜è®¤','DEFAULT','sys_job_group','','','Y','0','admin','2018-03-16 11:33:00','ry','2018-03-16 11:33:00','é»˜è®¤åˆ†ç»„'),(11,2,'ç³»ç»Ÿ','SYSTEM','sys_job_group','','','N','0','admin','2018-03-16 11:33:00','ry','2018-03-16 11:33:00','ç³»ç»Ÿåˆ†ç»„'),(12,1,'æ˜¯','Y','sys_yes_no','','primary','Y','0','admin','2018-03-16 11:33:00','ry','2018-03-16 11:33:00','ç³»ç»Ÿé»˜è®¤æ˜¯'),(13,2,'å¦','N','sys_yes_no','','danger','N','0','admin','2018-03-16 11:33:00','ry','2018-03-16 11:33:00','ç³»ç»Ÿé»˜è®¤å¦'),(14,1,'é€šçŸ¥','1','sys_notice_type','','warning','Y','0','admin','2018-03-16 11:33:00','ry','2018-03-16 11:33:00','é€šçŸ¥'),(15,2,'å…¬å‘Š','2','sys_notice_type','','success','N','0','admin','2018-03-16 11:33:00','ry','2018-03-16 11:33:00','å…¬å‘Š'),(16,1,'æ­£å¸¸','0','sys_notice_status','','primary','Y','0','admin','2018-03-16 11:33:00','ry','2018-03-16 11:33:00','æ­£å¸¸çŠ¶æ€'),(17,2,'å…³é—­','1','sys_notice_status','','danger','N','0','admin','2018-03-16 11:33:00','ry','2018-03-16 11:33:00','å…³é—­çŠ¶æ€'),(18,1,'æ–°å¢','1','sys_oper_type','','info','N','0','admin','2018-03-16 11:33:00','ry','2018-03-16 11:33:00','æ–°å¢æ“ä½œ'),(19,2,'ä¿®æ”¹','2','sys_oper_type','','info','N','0','admin','2018-03-16 11:33:00','ry','2018-03-16 11:33:00','ä¿®æ”¹æ“ä½œ'),(20,3,'åˆ é™¤','3','sys_oper_type','','danger','N','0','admin','2018-03-16 11:33:00','ry','2018-03-16 11:33:00','åˆ é™¤æ“ä½œ'),(21,4,'æˆæƒ','4','sys_oper_type','','primary','N','0','admin','2018-03-16 11:33:00','ry','2018-03-16 11:33:00','æˆæƒæ“ä½œ'),(22,5,'å¯¼å‡º','5','sys_oper_type','','warning','N','0','admin','2018-03-16 11:33:00','ry','2018-03-16 11:33:00','å¯¼å‡ºæ“ä½œ'),(23,6,'å¯¼å…¥','6','sys_oper_type','','warning','N','0','admin','2018-03-16 11:33:00','ry','2018-03-16 11:33:00','å¯¼å…¥æ“ä½œ'),(24,7,'å¼ºé€€','7','sys_oper_type','','danger','N','0','admin','2018-03-16 11:33:00','ry','2018-03-16 11:33:00','å¼ºé€€æ“ä½œ'),(25,8,'ç”Ÿæˆä»£ç ','8','sys_oper_type','','warning','N','0','admin','2018-03-16 11:33:00','ry','2018-03-16 11:33:00','ç”Ÿæˆæ“ä½œ'),(26,9,'æ¸…ç©ºæ•°æ®','9','sys_oper_type','','danger','N','0','admin','2018-03-16 11:33:00','ry','2018-03-16 11:33:00','æ¸…ç©ºæ“ä½œ'),(27,1,'æˆåŠŸ','0','sys_common_status','','primary','N','0','admin','2018-03-16 11:33:00','ry','2018-03-16 11:33:00','æ­£å¸¸çŠ¶æ€'),(28,2,'å¤±è´¥','1','sys_common_status','','danger','N','0','admin','2018-03-16 11:33:00','ry','2018-03-16 11:33:00','åœç”¨çŠ¶æ€'),(100,0,'æ— ','0','equ_attribute_type','','','Y','0','admin','2020-02-14 10:10:49','admin','2020-02-17 12:07:29',''),(101,1,'é”…ç‚‰','1','equ_attribute_type','','','N','0','admin','2020-02-14 10:11:24','admin','2020-02-14 17:21:07',''),(102,2,'å‹åŠ›å®¹å™¨','2','equ_attribute_type','','','N','0','admin','2020-02-14 10:11:46','admin','2020-02-14 17:20:56',''),(103,3,'å‹åŠ›ç®¡é“','3','equ_attribute_type','','','N','0','admin','2020-02-14 10:12:06','admin','2020-02-14 17:20:51',''),(104,4,'ç”µæ¢¯','4','equ_attribute_type','','','N','0','admin','2020-02-14 10:12:17','admin','2020-02-14 17:20:46',''),(105,5,'èµ·é‡æœºæ¢°','5','equ_attribute_type','','','N','0','admin','2020-02-14 10:12:29','admin','2020-02-14 17:20:41',''),(106,6,'å®¢è¿ç´¢é“','6','equ_attribute_type','','','N','0','admin','2020-02-14 10:12:44','admin','2020-02-14 17:20:36',''),(107,7,'å¤§å‹æ¸¸ä¹è®¾æ–½','7','equ_attribute_type','','','N','0','admin','2020-02-14 10:12:56','admin','2020-02-14 17:20:30',''),(108,0,'é—²ç½®','0','equ_status_type',NULL,NULL,'Y','0','admin','2020-02-14 10:14:23','',NULL,NULL),(109,1,'æ­£å¸¸ä½¿ç”¨','1','equ_status_type','','','N','0','admin','2020-02-14 10:14:33','admin','2020-02-14 11:25:50',''),(110,2,'æ•…éšœ','2','equ_status_type','','','N','0','admin','2020-02-14 10:14:40','admin','2020-02-14 11:25:44',''),(111,3,'æŠ¥æŸæŠ¥åºŸ','3','equ_status_type','','','N','0','admin','2020-02-14 10:15:08','admin','2020-02-14 11:25:40',''),(112,8,'åœºï¼ˆå‚ï¼‰å†…ä¸“ç”¨æœºåŠ¨è½¦è¾†','8','equ_attribute_type','','','N','0','admin','2020-02-14 17:20:16','admin','2020-02-14 17:20:24',''),(113,0,'æ­£å¸¸','0','supplier_status_type',NULL,NULL,'Y','0','admin','2020-02-17 13:49:50','',NULL,NULL),(114,1,'é»‘åå•','1','supplier_status_type','','warning','N','0','admin','2020-02-17 13:50:03','admin','2020-02-17 13:50:15',''),(115,0,'å·²è¶…è¿‡è§„å®šä½¿ç”¨å¹´é™çš„è€æ—§è®¾å¤‡ï¼Œä¸»è¦ç»“æ„å’Œé›¶éƒ¨ä»¶å·±ä¸¥é‡ç£¨æŸï¼Œè®¾å¤‡æ•ˆèƒ½è¾¾ä¸åˆ°åˆ°å·¥è‰ºæœ€ä½è¦æ±‚ï¼Œæ— æ³•ä¿®å¤æˆ–æ— ä¿®å¤æ”¹é€ ä»·å€¼','0','equ_scrap_type',NULL,NULL,'Y','0','admin','2020-02-24 15:12:07','',NULL,NULL),(116,1,'å› æ„å¤–ç¾å®³æˆ–é‡å¤§äº‹æ•…å—åˆ°ä¸¥é‡æŸåçš„è®¾å¤‡ï¼Œæ— æ³•ä¿®å¤ä½¿ç”¨','1','equ_scrap_type',NULL,NULL,'Y','0','admin','2020-02-24 15:12:31','',NULL,NULL),(117,2,'ä¸¥é‡å½±å“ç¯å¢ƒï¼Œç»§ç»­ä½¿ç”¨å°†ä¼šæ±¡æŸ“ç¯å¢ƒï¼Œå¼•å‘äººèº«å®‰å…¨ä¸å±å®³å¥åº·ï¼Œè¿›è¡Œä¿®å¤æ”¹é€ ä¸ç»æµ','2','equ_scrap_type',NULL,NULL,'Y','0','admin','2020-02-24 15:12:44','',NULL,NULL),(118,4,'å› äº§å“æ¢å‹ã€å·¥è‰ºå˜æ›´è€Œæ·˜æ±°çš„ä¸“ç”¨è®¾å¤‡ï¼Œä¸å®œä¿®æ”¹åˆ©ç”¨','4','equ_scrap_type',NULL,NULL,'Y','0','admin','2020-02-24 15:12:58','',NULL,NULL),(119,5,'æŠ€æœ¯æ”¹é€ å’Œæ›´æ–°æ›¿æ¢å‡ºçš„æ—§è®¾å¤‡ä¸èƒ½åˆ©ç”¨æˆ–è°ƒå‡º','5','equ_scrap_type',NULL,NULL,'Y','0','admin','2020-02-24 15:13:10','',NULL,NULL),(120,6,'æŒ‰å›½å®¶èƒ½æºæ”¿ç­–è§„å®šåº”äºˆæ·˜æ±°çš„é«˜è€—èƒ½è®¾å¤‡','6','equ_scrap_type',NULL,NULL,'Y','0','admin','2020-02-24 15:13:23','',NULL,NULL);
/*!40000 ALTER TABLE `sys_dict_data` ENABLE KEYS */;
UNLOCK TABLES;

--
-- Table structure for table `sys_dict_type`
--

DROP TABLE IF EXISTS `sys_dict_type`;
/*!40101 SET @saved_cs_client     = @@character_set_client */;
/*!50503 SET character_set_client = utf8mb4 */;
CREATE TABLE `sys_dict_type` (
  `dict_id` bigint NOT NULL AUTO_INCREMENT COMMENT 'å­—å…¸ä¸»é”®',
  `dict_name` varchar(100) DEFAULT '' COMMENT 'å­—å…¸åç§°',
  `dict_type` varchar(100) DEFAULT '' COMMENT 'å­—å…¸ç±»å‹',
  `status` char(1) DEFAULT '0' COMMENT 'çŠ¶æ€ï¼ˆ0æ­£å¸¸ 1åœç”¨ï¼‰',
  `create_by` varchar(64) DEFAULT '' COMMENT 'åˆ›å»ºè€…',
  `create_time` datetime DEFAULT NULL COMMENT 'åˆ›å»ºæ—¶é—´',
  `update_by` varchar(64) DEFAULT '' COMMENT 'æ›´æ–°è€…',
  `update_time` datetime DEFAULT NULL COMMENT 'æ›´æ–°æ—¶é—´',
  `remark` varchar(500) DEFAULT NULL COMMENT 'å¤‡æ³¨',
  PRIMARY KEY (`dict_id`),
  UNIQUE KEY `dict_type` (`dict_type`)
) ENGINE=InnoDB AUTO_INCREMENT=104 DEFAULT CHARSET=utf8 COMMENT='å­—å…¸ç±»å‹è¡¨';
/*!40101 SET character_set_client = @saved_cs_client */;

--
-- Dumping data for table `sys_dict_type`
--

LOCK TABLES `sys_dict_type` WRITE;
/*!40000 ALTER TABLE `sys_dict_type` DISABLE KEYS */;
INSERT INTO `sys_dict_type` VALUES (1,'ç”¨æˆ·æ€§åˆ«','sys_user_sex','0','admin','2018-03-16 11:33:00','ry','2018-03-16 11:33:00','ç”¨æˆ·æ€§åˆ«åˆ—è¡¨'),(2,'èœå•çŠ¶æ€','sys_show_hide','0','admin','2018-03-16 11:33:00','ry','2018-03-16 11:33:00','èœå•çŠ¶æ€åˆ—è¡¨'),(3,'ç³»ç»Ÿå¼€å…³','sys_normal_disable','0','admin','2018-03-16 11:33:00','ry','2018-03-16 11:33:00','ç³»ç»Ÿå¼€å…³åˆ—è¡¨'),(4,'ä»»åŠ¡çŠ¶æ€','sys_job_status','0','admin','2018-03-16 11:33:00','ry','2018-03-16 11:33:00','ä»»åŠ¡çŠ¶æ€åˆ—è¡¨'),(5,'ä»»åŠ¡åˆ†ç»„','sys_job_group','0','admin','2018-03-16 11:33:00','ry','2018-03-16 11:33:00','ä»»åŠ¡åˆ†ç»„åˆ—è¡¨'),(6,'ç³»ç»Ÿæ˜¯å¦','sys_yes_no','0','admin','2018-03-16 11:33:00','ry','2018-03-16 11:33:00','ç³»ç»Ÿæ˜¯å¦åˆ—è¡¨'),(7,'é€šçŸ¥ç±»å‹','sys_notice_type','0','admin','2018-03-16 11:33:00','ry','2018-03-16 11:33:00','é€šçŸ¥ç±»å‹åˆ—è¡¨'),(8,'é€šçŸ¥çŠ¶æ€','sys_notice_status','0','admin','2018-03-16 11:33:00','ry','2018-03-16 11:33:00','é€šçŸ¥çŠ¶æ€åˆ—è¡¨'),(9,'æ“ä½œç±»å‹','sys_oper_type','0','admin','2018-03-16 11:33:00','ry','2018-03-16 11:33:00','æ“ä½œç±»å‹åˆ—è¡¨'),(10,'ç³»ç»ŸçŠ¶æ€','sys_common_status','0','admin','2018-03-16 11:33:00','ry','2018-03-16 11:33:00','ç™»å½•çŠ¶æ€åˆ—è¡¨'),(100,'è®¾å¤‡ç‰¹ç§å±æ€§','equ_attribute_type','0','admin','2020-02-14 10:00:58','admin','2020-02-14 10:06:46','è®¾å¤‡ç‰¹ç§åˆ—è¡¨'),(101,'è®¾å¤‡çŠ¶æ€','equ_status_type','0','admin','2020-02-14 10:13:55','admin','2020-02-14 10:14:08','è®¾å¤‡çŠ¶æ€åˆ—è¡¨'),(102,'ä¾›åº”å•†çŠ¶æ€','supplier_status_type','0','admin','2020-02-17 13:48:49','admin','2020-02-17 13:49:17','ä¾›åº”å•†çŠ¶æ€åˆ—è¡¨'),(103,'æŠ¥åºŸæŠ¥æŸç†ç”±','equ_scrap_type','0','admin','2020-02-24 15:07:09','admin','2020-02-24 15:07:40','è®¾å¤‡æŠ¥åºŸæŠ¥æŸç†ç”±åˆ—è¡¨');
/*!40000 ALTER TABLE `sys_dict_type` ENABLE KEYS */;
UNLOCK TABLES;

--
-- Table structure for table `sys_job`
--

DROP TABLE IF EXISTS `sys_job`;
/*!40101 SET @saved_cs_client     = @@character_set_client */;
/*!50503 SET character_set_client = utf8mb4 */;
CREATE TABLE `sys_job` (
  `job_id` bigint NOT NULL AUTO_INCREMENT COMMENT 'ä»»åŠ¡ID',
  `job_name` varchar(64) NOT NULL DEFAULT '' COMMENT 'ä»»åŠ¡åç§°',
  `job_group` varchar(64) NOT NULL DEFAULT 'DEFAULT' COMMENT 'ä»»åŠ¡ç»„å',
  `invoke_target` varchar(500) NOT NULL COMMENT 'è°ƒç”¨ç›®æ ‡å­—ç¬¦ä¸²',
  `cron_expression` varchar(255) DEFAULT '' COMMENT 'cronæ‰§è¡Œè¡¨è¾¾å¼',
  `misfire_policy` varchar(20) DEFAULT '3' COMMENT 'è®¡åˆ’æ‰§è¡Œé”™è¯¯ç­–ç•¥ï¼ˆ1ç«‹å³æ‰§è¡Œ 2æ‰§è¡Œä¸€æ¬¡ 3æ”¾å¼ƒæ‰§è¡Œï¼‰',
  `concurrent` char(1) DEFAULT '1' COMMENT 'æ˜¯å¦å¹¶å‘æ‰§è¡Œï¼ˆ0å…è®¸ 1ç¦æ­¢ï¼‰',
  `status` char(1) DEFAULT '0' COMMENT 'çŠ¶æ€ï¼ˆ0æ­£å¸¸ 1æš‚åœï¼‰',
  `create_by` varchar(64) DEFAULT '' COMMENT 'åˆ›å»ºè€…',
  `create_time` datetime DEFAULT NULL COMMENT 'åˆ›å»ºæ—¶é—´',
  `update_by` varchar(64) DEFAULT '' COMMENT 'æ›´æ–°è€…',
  `update_time` datetime DEFAULT NULL COMMENT 'æ›´æ–°æ—¶é—´',
  `remark` varchar(500) DEFAULT '' COMMENT 'å¤‡æ³¨ä¿¡æ¯',
  PRIMARY KEY (`job_id`,`job_name`,`job_group`)
) ENGINE=InnoDB AUTO_INCREMENT=100 DEFAULT CHARSET=utf8 COMMENT='å®šæ—¶ä»»åŠ¡è°ƒåº¦è¡¨';
/*!40101 SET character_set_client = @saved_cs_client */;

--
-- Dumping data for table `sys_job`
--

LOCK TABLES `sys_job` WRITE;
/*!40000 ALTER TABLE `sys_job` DISABLE KEYS */;
INSERT INTO `sys_job` VALUES (1,'ç³»ç»Ÿé»˜è®¤ï¼ˆæ— å‚ï¼‰','DEFAULT','ryTask.ryNoParams','0/10 * * * * ?','3','1','1','admin','2018-03-16 11:33:00','ry','2018-03-16 11:33:00',''),(2,'ç³»ç»Ÿé»˜è®¤ï¼ˆæœ‰å‚ï¼‰','DEFAULT','ryTask.ryParams(\'ry\')','0/15 * * * * ?','3','1','1','admin','2018-03-16 11:33:00','ry','2018-03-16 11:33:00',''),(3,'ç³»ç»Ÿé»˜è®¤ï¼ˆå¤šå‚ï¼‰','DEFAULT','ryTask.ryMultipleParams(\'ry\', true, 2000L, 316.50D, 100)','0/20 * * * * ?','3','1','1','admin','2018-03-16 11:33:00','ry','2018-03-16 11:33:00','');
/*!40000 ALTER TABLE `sys_job` ENABLE KEYS */;
UNLOCK TABLES;

--
-- Table structure for table `sys_job_log`
--

DROP TABLE IF EXISTS `sys_job_log`;
/*!40101 SET @saved_cs_client     = @@character_set_client */;
/*!50503 SET character_set_client = utf8mb4 */;
CREATE TABLE `sys_job_log` (
  `job_log_id` bigint NOT NULL AUTO_INCREMENT COMMENT 'ä»»åŠ¡æ—¥å¿—ID',
  `job_name` varchar(64) NOT NULL COMMENT 'ä»»åŠ¡åç§°',
  `job_group` varchar(64) NOT NULL COMMENT 'ä»»åŠ¡ç»„å',
  `invoke_target` varchar(500) NOT NULL COMMENT 'è°ƒç”¨ç›®æ ‡å­—ç¬¦ä¸²',
  `job_message` varchar(500) DEFAULT NULL COMMENT 'æ—¥å¿—ä¿¡æ¯',
  `status` char(1) DEFAULT '0' COMMENT 'æ‰§è¡ŒçŠ¶æ€ï¼ˆ0æ­£å¸¸ 1å¤±è´¥ï¼‰',
  `exception_info` varchar(2000) DEFAULT '' COMMENT 'å¼‚å¸¸ä¿¡æ¯',
  `create_time` datetime DEFAULT NULL COMMENT 'åˆ›å»ºæ—¶é—´',
  PRIMARY KEY (`job_log_id`)
) ENGINE=InnoDB DEFAULT CHARSET=utf8 COMMENT='å®šæ—¶ä»»åŠ¡è°ƒåº¦æ—¥å¿—è¡¨';
/*!40101 SET character_set_client = @saved_cs_client */;

--
-- Dumping data for table `sys_job_log`
--

LOCK TABLES `sys_job_log` WRITE;
/*!40000 ALTER TABLE `sys_job_log` DISABLE KEYS */;
/*!40000 ALTER TABLE `sys_job_log` ENABLE KEYS */;
UNLOCK TABLES;

--
-- Table structure for table `sys_logininfor`
--

DROP TABLE IF EXISTS `sys_logininfor`;
/*!40101 SET @saved_cs_client     = @@character_set_client */;
/*!50503 SET character_set_client = utf8mb4 */;
CREATE TABLE `sys_logininfor` (
  `info_id` bigint NOT NULL AUTO_INCREMENT COMMENT 'è®¿é—®ID',
  `login_name` varchar(50) DEFAULT '' COMMENT 'ç™»å½•è´¦å·',
  `ipaddr` varchar(50) DEFAULT '' COMMENT 'ç™»å½•IPåœ°å€',
  `login_location` varchar(255) DEFAULT '' COMMENT 'ç™»å½•åœ°ç‚¹',
  `browser` varchar(50) DEFAULT '' COMMENT 'æµè§ˆå™¨ç±»å‹',
  `os` varchar(50) DEFAULT '' COMMENT 'æ“ä½œç³»ç»Ÿ',
  `status` char(1) DEFAULT '0' COMMENT 'ç™»å½•çŠ¶æ€ï¼ˆ0æˆåŠŸ 1å¤±è´¥ï¼‰',
  `msg` varchar(255) DEFAULT '' COMMENT 'æç¤ºæ¶ˆæ¯',
  `login_time` datetime DEFAULT NULL COMMENT 'è®¿é—®æ—¶é—´',
  PRIMARY KEY (`info_id`)
) ENGINE=InnoDB AUTO_INCREMENT=199 DEFAULT CHARSET=utf8 COMMENT='ç³»ç»Ÿè®¿é—®è®°å½•';
/*!40101 SET character_set_client = @saved_cs_client */;

--
-- Dumping data for table `sys_logininfor`
--

LOCK TABLES `sys_logininfor` WRITE;
/*!40000 ALTER TABLE `sys_logininfor` DISABLE KEYS */;
INSERT INTO `sys_logininfor` VALUES (100,'admin','127.0.0.1','å†…ç½‘IP','Chrome','Windows 10','0','ç™»å½•æˆåŠŸ','2020-02-10 19:18:19'),(101,'admin','127.0.0.1','å†…ç½‘IP','Chrome','Windows 10','0','é€€å‡ºæˆåŠŸ','2020-02-10 19:33:58'),(102,'admin','127.0.0.1','å†…ç½‘IP','Chrome','Windows 10','0','ç™»å½•æˆåŠŸ','2020-02-11 08:49:08'),(103,'admin','127.0.0.1','å†…ç½‘IP','Chrome','Windows 10','0','ç™»å½•æˆåŠŸ','2020-02-11 09:57:38'),(104,'admin','127.0.0.1','å†…ç½‘IP','Chrome','Windows 10','0','ç™»å½•æˆåŠŸ','2020-02-11 14:04:01'),(105,'admin','127.0.0.1','å†…ç½‘IP','Chrome','Windows 10','0','ç™»å½•æˆåŠŸ','2020-02-11 14:55:53'),(106,'admin','127.0.0.1','å†…ç½‘IP','Chrome','Windows 10','0','é€€å‡ºæˆåŠŸ','2020-02-11 15:13:43'),(107,'sbglya','127.0.0.1','å†…ç½‘IP','Chrome','Windows 10','1','å¯†ç è¾“å…¥é”™è¯¯1æ¬¡','2020-02-11 15:14:12'),(108,'admin','127.0.0.1','å†…ç½‘IP','Chrome','Windows 10','0','ç™»å½•æˆåŠŸ','2020-02-11 15:14:35'),(109,'admin','127.0.0.1','å†…ç½‘IP','Chrome','Windows 10','0','é€€å‡ºæˆåŠŸ','2020-02-11 15:16:36'),(110,'sbglya','127.0.0.1','å†…ç½‘IP','Chrome','Windows 10','0','ç™»å½•æˆåŠŸ','2020-02-11 15:16:47'),(111,'sbglya','127.0.0.1','å†…ç½‘IP','Chrome','Windows 10','0','é€€å‡ºæˆåŠŸ','2020-02-11 15:17:05'),(112,'admin','127.0.0.1','å†…ç½‘IP','Chrome','Windows 10','0','ç™»å½•æˆåŠŸ','2020-02-11 15:17:09'),(113,'shgyla','127.0.0.1','å†…ç½‘IP','Chrome','Windows 10','1','ç”¨æˆ·ä¸å­˜åœ¨/å¯†ç é”™è¯¯','2020-02-11 15:35:17'),(114,'sbglya','127.0.0.1','å†…ç½‘IP','Chrome','Windows 10','1','å¯†ç è¾“å…¥é”™è¯¯1æ¬¡','2020-02-11 15:35:32'),(115,'sbglya','127.0.0.1','å†…ç½‘IP','Chrome','Windows 10','0','ç™»å½•æˆåŠŸ','2020-02-11 15:35:41'),(116,'sbglya','127.0.0.1','å†…ç½‘IP','Chrome','Windows 10','0','é€€å‡ºæˆåŠŸ','2020-02-11 15:35:59'),(117,'admin','127.0.0.1','å†…ç½‘IP','Chrome','Windows 10','0','ç™»å½•æˆåŠŸ','2020-02-11 15:36:02'),(118,'admin','127.0.0.1','å†…ç½‘IP','Chrome','Windows 10','0','ç™»å½•æˆåŠŸ','2020-02-11 16:14:14'),(119,'admin','127.0.0.1','å†…ç½‘IP','Chrome','Windows 10','0','ç™»å½•æˆåŠŸ','2020-02-11 16:44:55'),(120,'admin','127.0.0.1','å†…ç½‘IP','Chrome','Windows 10','0','é€€å‡ºæˆåŠŸ','2020-02-11 16:45:43'),(121,'sbglya','127.0.0.1','å†…ç½‘IP','Chrome','Windows 10','1','ç”¨æˆ·ä¸å­˜åœ¨/å¯†ç é”™è¯¯','2020-02-11 16:46:02'),(122,'sbglya','127.0.0.1','å†…ç½‘IP','Chrome','Windows 10','0','ç™»å½•æˆåŠŸ','2020-02-11 16:46:11'),(123,'sbglya','127.0.0.1','å†…ç½‘IP','Chrome','Windows 10','0','é€€å‡ºæˆåŠŸ','2020-02-11 16:46:48'),(124,'admin','127.0.0.1','å†…ç½‘IP','Chrome','Windows 10','1','éªŒè¯ç é”™è¯¯','2020-02-11 16:46:53'),(125,'admin','127.0.0.1','å†…ç½‘IP','Chrome','Windows 10','0','ç™»å½•æˆåŠŸ','2020-02-11 16:46:57'),(126,'admin','127.0.0.1','å†…ç½‘IP','Chrome','Windows 10','0','ç™»å½•æˆåŠŸ','2020-02-11 19:15:55'),(127,'admin','127.0.0.1','å†…ç½‘IP','Chrome','Windows 10','0','ç™»å½•æˆåŠŸ','2020-02-12 13:47:59'),(128,'admin','127.0.0.1','å†…ç½‘IP','Chrome','Windows 10','0','ç™»å½•æˆåŠŸ','2020-02-12 14:19:49'),(129,'admin','127.0.0.1','å†…ç½‘IP','Chrome','Windows 10','0','ç™»å½•æˆåŠŸ','2020-02-12 14:25:49'),(130,'admin','127.0.0.1','å†…ç½‘IP','Chrome','Windows 10','0','ç™»å½•æˆåŠŸ','2020-02-12 14:31:53'),(131,'admin','127.0.0.1','å†…ç½‘IP','Chrome','Windows 10','1','éªŒè¯ç é”™è¯¯','2020-02-12 14:40:12'),(132,'admin','127.0.0.1','å†…ç½‘IP','Chrome','Windows 10','0','ç™»å½•æˆåŠŸ','2020-02-12 14:40:17'),(133,'admin','127.0.0.1','å†…ç½‘IP','Chrome','Windows 10','0','ç™»å½•æˆåŠŸ','2020-02-12 15:24:59'),(134,'admin','127.0.0.1','å†…ç½‘IP','Chrome','Windows 10','0','ç™»å½•æˆåŠŸ','2020-02-12 16:59:44'),(135,'admin','127.0.0.1','å†…ç½‘IP','Chrome','Windows 10','0','ç™»å½•æˆåŠŸ','2020-02-12 17:15:56'),(136,'admin','127.0.0.1','å†…ç½‘IP','Chrome','Windows 10','0','ç™»å½•æˆåŠŸ','2020-02-12 19:08:29'),(137,'admin','127.0.0.1','å†…ç½‘IP','Chrome','Windows 10','0','ç™»å½•æˆåŠŸ','2020-02-13 10:56:07'),(138,'admin','127.0.0.1','å†…ç½‘IP','Chrome','Windows 10','0','ç™»å½•æˆåŠŸ','2020-02-13 13:38:44'),(139,'admin','127.0.0.1','å†…ç½‘IP','Chrome','Windows 10','0','ç™»å½•æˆåŠŸ','2020-02-13 15:34:12'),(140,'admin','127.0.0.1','å†…ç½‘IP','Chrome','Windows 10','1','éªŒè¯ç é”™è¯¯','2020-02-13 19:22:18'),(141,'admin','127.0.0.1','å†…ç½‘IP','Chrome','Windows 10','0','ç™»å½•æˆåŠŸ','2020-02-13 19:22:23'),(142,'admin','127.0.0.1','å†…ç½‘IP','Chrome','Windows 10','0','é€€å‡ºæˆåŠŸ','2020-02-13 19:23:13'),(143,'admin','127.0.0.1','å†…ç½‘IP','Chrome','Windows 10','0','ç™»å½•æˆåŠŸ','2020-02-13 19:42:27'),(144,'admin','127.0.0.1','å†…ç½‘IP','Chrome','Windows 10','0','ç™»å½•æˆåŠŸ','2020-02-14 09:55:20'),(145,'admin','127.0.0.1','å†…ç½‘IP','Chrome','Windows 10','0','ç™»å½•æˆåŠŸ','2020-02-14 10:43:23'),(146,'admin','127.0.0.1','å†…ç½‘IP','Chrome','Windows 10','1','éªŒè¯ç é”™è¯¯','2020-02-14 14:41:18'),(147,'admin','127.0.0.1','å†…ç½‘IP','Chrome','Windows 10','0','ç™»å½•æˆåŠŸ','2020-02-14 14:41:27'),(148,'admin','127.0.0.1','å†…ç½‘IP','Chrome','Windows 10','0','ç™»å½•æˆåŠŸ','2020-02-14 15:33:38'),(149,'admin','127.0.0.1','å†…ç½‘IP','Chrome','Windows 10','0','ç™»å½•æˆåŠŸ','2020-02-14 15:36:01'),(150,'admin','127.0.0.1','å†…ç½‘IP','Chrome','Windows 10','0','ç™»å½•æˆåŠŸ','2020-02-14 16:04:29'),(151,'admin','127.0.0.1','å†…ç½‘IP','Chrome','Windows 10','0','ç™»å½•æˆåŠŸ','2020-02-14 17:34:41'),(152,'admin','127.0.0.1','å†…ç½‘IP','Chrome','Windows 10','0','ç™»å½•æˆåŠŸ','2020-02-17 09:54:30'),(153,'admin','127.0.0.1','å†…ç½‘IP','Chrome','Windows 10','0','é€€å‡ºæˆåŠŸ','2020-02-17 10:38:50'),(154,'admin','127.0.0.1','å†…ç½‘IP','Chrome','Windows 10','0','ç™»å½•æˆåŠŸ','2020-02-17 10:39:24'),(155,'admin','127.0.0.1','å†…ç½‘IP','Chrome','Windows 10','0','ç™»å½•æˆåŠŸ','2020-02-17 10:49:18'),(156,'admin','127.0.0.1','å†…ç½‘IP','Chrome','Windows 10','0','ç™»å½•æˆåŠŸ','2020-02-17 11:56:07'),(157,'admin','127.0.0.1','å†…ç½‘IP','Chrome','Windows 10','0','ç™»å½•æˆåŠŸ','2020-02-17 11:59:06'),(158,'admin','127.0.0.1','å†…ç½‘IP','Chrome','Windows 10','0','ç™»å½•æˆåŠŸ','2020-02-17 12:06:21'),(159,'admin','127.0.0.1','å†…ç½‘IP','Chrome','Windows 10','0','ç™»å½•æˆåŠŸ','2020-02-17 12:48:35'),(160,'admin','127.0.0.1','å†…ç½‘IP','Chrome','Windows 10','0','ç™»å½•æˆåŠŸ','2020-02-17 13:44:44'),(161,'admin','127.0.0.1','å†…ç½‘IP','Chrome','Windows 10','0','ç™»å½•æˆåŠŸ','2020-02-17 14:21:07'),(162,'admin','127.0.0.1','å†…ç½‘IP','Chrome','Windows 10','0','ç™»å½•æˆåŠŸ','2020-02-18 10:39:05'),(163,'admin','127.0.0.1','å†…ç½‘IP','Chrome','Windows 10','0','ç™»å½•æˆåŠŸ','2020-02-18 12:52:02'),(164,'admin','127.0.0.1','å†…ç½‘IP','Chrome','Windows 10','1','éªŒè¯ç é”™è¯¯','2020-02-20 11:18:14'),(165,'admin','127.0.0.1','å†…ç½‘IP','Chrome','Windows 10','0','ç™»å½•æˆåŠŸ','2020-02-20 11:18:17'),(166,'admin','127.0.0.1','å†…ç½‘IP','Chrome','Windows 10','1','éªŒè¯ç é”™è¯¯','2020-02-20 12:17:21'),(167,'admin','127.0.0.1','å†…ç½‘IP','Chrome','Windows 10','0','ç™»å½•æˆåŠŸ','2020-02-20 12:17:24'),(168,'admin','127.0.0.1','å†…ç½‘IP','Chrome','Windows 10','0','ç™»å½•æˆåŠŸ','2020-02-20 13:14:53'),(169,'admin','127.0.0.1','å†…ç½‘IP','Chrome','Windows 10','0','ç™»å½•æˆåŠŸ','2020-02-20 13:23:20'),(170,'admin','127.0.0.1','å†…ç½‘IP','Chrome','Windows 10','0','ç™»å½•æˆåŠŸ','2020-02-20 16:10:47'),(171,'admin','127.0.0.1','å†…ç½‘IP','Chrome','Windows 10','0','ç™»å½•æˆåŠŸ','2020-02-20 16:25:29'),(172,'admin','127.0.0.1','å†…ç½‘IP','Chrome','Windows 10','0','ç™»å½•æˆåŠŸ','2020-02-20 16:41:21'),(173,'admin','127.0.0.1','å†…ç½‘IP','Chrome','Windows 10','0','ç™»å½•æˆåŠŸ','2020-02-20 17:00:38'),(174,'admin','127.0.0.1','å†…ç½‘IP','Chrome','Windows 10','0','ç™»å½•æˆåŠŸ','2020-02-20 17:23:56'),(175,'admin','127.0.0.1','å†…ç½‘IP','Chrome','Windows 10','0','ç™»å½•æˆåŠŸ','2020-02-20 18:09:21'),(176,'admin','127.0.0.1','å†…ç½‘IP','Chrome','Windows 10','0','ç™»å½•æˆåŠŸ','2020-02-20 18:20:44'),(177,'admin','127.0.0.1','å†…ç½‘IP','Chrome','Windows 10','0','ç™»å½•æˆåŠŸ','2020-02-21 10:44:03'),(178,'admin','127.0.0.1','å†…ç½‘IP','Chrome','Windows 10','0','ç™»å½•æˆåŠŸ','2020-02-21 12:11:33'),(179,'admin','127.0.0.1','å†…ç½‘IP','Chrome','Windows 10','0','ç™»å½•æˆåŠŸ','2020-02-24 10:01:39'),(180,'admin','127.0.0.1','å†…ç½‘IP','Chrome','Windows 10','0','ç™»å½•æˆåŠŸ','2020-02-24 11:18:05'),(181,'admin','127.0.0.1','å†…ç½‘IP','Chrome','Windows 10','0','ç™»å½•æˆåŠŸ','2020-02-24 14:34:11'),(182,'admin','127.0.0.1','å†…ç½‘IP','Chrome','Windows 10','0','ç™»å½•æˆåŠŸ','2020-02-24 16:08:53'),(183,'admin','127.0.0.1','å†…ç½‘IP','Chrome','Windows 10','0','ç™»å½•æˆåŠŸ','2020-02-24 17:11:30'),(184,'admin','127.0.0.1','å†…ç½‘IP','Chrome','Windows 10','0','ç™»å½•æˆåŠŸ','2020-02-24 17:15:19'),(185,'admin','127.0.0.1','å†…ç½‘IP','Chrome','Windows 10','0','ç™»å½•æˆåŠŸ','2020-02-25 13:29:18'),(186,'admin','127.0.0.1','å†…ç½‘IP','Chrome','Windows 10','0','ç™»å½•æˆåŠŸ','2020-02-25 13:43:37'),(187,'admin','127.0.0.1','å†…ç½‘IP','Chrome','Windows 10','1','éªŒè¯ç é”™è¯¯','2020-02-25 14:16:43'),(188,'admin','127.0.0.1','å†…ç½‘IP','Chrome','Windows 10','0','ç™»å½•æˆåŠŸ','2020-02-25 14:16:47'),(189,'admin','127.0.0.1','å†…ç½‘IP','Chrome','Windows 10','0','ç™»å½•æˆåŠŸ','2020-02-25 14:52:12'),(190,'admin','127.0.0.1','å†…ç½‘IP','Chrome','Windows 10','0','ç™»å½•æˆåŠŸ','2020-02-25 14:55:28'),(191,'admin','127.0.0.1','å†…ç½‘IP','Chrome','Windows 10','0','ç™»å½•æˆåŠŸ','2020-02-25 15:02:16'),(192,'admin','127.0.0.1','å†…ç½‘IP','Chrome','Windows 10','0','ç™»å½•æˆåŠŸ','2020-02-27 16:28:03'),(193,'admin','127.0.0.1','å†…ç½‘IP','Chrome','Windows 10','0','é€€å‡ºæˆåŠŸ','2020-02-27 16:39:24'),(194,'sbglya','127.0.0.1','å†…ç½‘IP','Chrome','Windows 10','0','ç™»å½•æˆåŠŸ','2020-02-27 16:39:34'),(195,'admin','127.0.0.1','å†…ç½‘IP','Chrome','Windows 10','0','ç™»å½•æˆåŠŸ','2020-02-27 16:44:56'),(196,'admin','127.0.0.1','å†…ç½‘IP','Chrome 8','Windows 10','0','ç™»å½•æˆåŠŸ','2020-02-28 13:25:27'),(197,'admin','127.0.0.1','å†…ç½‘IP','Chrome 8','Windows 10','0','ç™»å½•æˆåŠŸ','2020-02-28 14:13:19'),(198,'admin','127.0.0.1','å†…ç½‘IP','Chrome 8','Windows 10','0','ç™»å½•æˆåŠŸ','2020-02-28 14:22:02');
/*!40000 ALTER TABLE `sys_logininfor` ENABLE KEYS */;
UNLOCK TABLES;

--
-- Table structure for table `sys_menu`
--

DROP TABLE IF EXISTS `sys_menu`;
/*!40101 SET @saved_cs_client     = @@character_set_client */;
/*!50503 SET character_set_client = utf8mb4 */;
CREATE TABLE `sys_menu` (
  `menu_id` bigint NOT NULL AUTO_INCREMENT COMMENT 'èœå•ID',
  `menu_name` varchar(50) NOT NULL COMMENT 'èœå•åç§°',
  `parent_id` bigint DEFAULT '0' COMMENT 'çˆ¶èœå•ID',
  `order_num` int DEFAULT '0' COMMENT 'æ˜¾ç¤ºé¡ºåº',
  `url` varchar(200) DEFAULT '#' COMMENT 'è¯·æ±‚åœ°å€',
  `target` varchar(20) DEFAULT '' COMMENT 'æ‰“å¼€æ–¹å¼ï¼ˆmenuItemé¡µç­¾ menuBlankæ–°çª—å£ï¼‰',
  `menu_type` char(1) DEFAULT '' COMMENT 'èœå•ç±»å‹ï¼ˆMç›®å½• Cèœå• FæŒ‰é’®ï¼‰',
  `visible` char(1) DEFAULT '0' COMMENT 'èœå•çŠ¶æ€ï¼ˆ0æ˜¾ç¤º 1éšè—ï¼‰',
  `perms` varchar(100) DEFAULT NULL COMMENT 'æƒé™æ ‡è¯†',
  `icon` varchar(100) DEFAULT '#' COMMENT 'èœå•å›¾æ ‡',
  `create_by` varchar(64) DEFAULT '' COMMENT 'åˆ›å»ºè€…',
  `create_time` datetime DEFAULT NULL COMMENT 'åˆ›å»ºæ—¶é—´',
  `update_by` varchar(64) DEFAULT '' COMMENT 'æ›´æ–°è€…',
  `update_time` datetime DEFAULT NULL COMMENT 'æ›´æ–°æ—¶é—´',
  `remark` varchar(500) DEFAULT '' COMMENT 'å¤‡æ³¨',
  PRIMARY KEY (`menu_id`)
) ENGINE=InnoDB AUTO_INCREMENT=2033 DEFAULT CHARSET=utf8 COMMENT='èœå•æƒé™è¡¨';
/*!40101 SET character_set_client = @saved_cs_client */;

--
-- Dumping data for table `sys_menu`
--

LOCK TABLES `sys_menu` WRITE;
/*!40000 ALTER TABLE `sys_menu` DISABLE KEYS */;
INSERT INTO `sys_menu` VALUES (1,'ç³»ç»Ÿç®¡ç†',0,1,'#','','M','0','','fa fa-gear','admin','2018-03-16 11:33:00','ry','2018-03-16 11:33:00','ç³»ç»Ÿç®¡ç†ç›®å½•'),(2,'ç³»ç»Ÿç›‘æ§',0,2,'#','','M','0','','fa fa-video-camera','admin','2018-03-16 11:33:00','ry','2018-03-16 11:33:00','ç³»ç»Ÿç›‘æ§ç›®å½•'),(3,'ç³»ç»Ÿå·¥å…·',0,3,'#','','M','0','','fa fa-bars','admin','2018-03-16 11:33:00','ry','2018-03-16 11:33:00','ç³»ç»Ÿå·¥å…·ç›®å½•'),(100,'ç”¨æˆ·ç®¡ç†',1,1,'/system/user','','C','0','system:user:view','#','admin','2018-03-16 11:33:00','ry','2018-03-16 11:33:00','ç”¨æˆ·ç®¡ç†èœå•'),(101,'è§’è‰²ç®¡ç†',1,2,'/system/role','','C','0','system:role:view','#','admin','2018-03-16 11:33:00','ry','2018-03-16 11:33:00','è§’è‰²ç®¡ç†èœå•'),(102,'èœå•ç®¡ç†',1,3,'/system/menu','','C','0','system:menu:view','#','admin','2018-03-16 11:33:00','ry','2018-03-16 11:33:00','èœå•ç®¡ç†èœå•'),(103,'éƒ¨é—¨ç®¡ç†',1,4,'/system/dept','','C','0','system:dept:view','#','admin','2018-03-16 11:33:00','ry','2018-03-16 11:33:00','éƒ¨é—¨ç®¡ç†èœå•'),(104,'å²—ä½ç®¡ç†',1,5,'/system/post','','C','0','system:post:view','#','admin','2018-03-16 11:33:00','ry','2018-03-16 11:33:00','å²—ä½ç®¡ç†èœå•'),(105,'å­—å…¸ç®¡ç†',1,6,'/system/dict','','C','0','system:dict:view','#','admin','2018-03-16 11:33:00','ry','2018-03-16 11:33:00','å­—å…¸ç®¡ç†èœå•'),(106,'å‚æ•°è®¾ç½®',1,7,'/system/config','','C','0','system:config:view','#','admin','2018-03-16 11:33:00','ry','2018-03-16 11:33:00','å‚æ•°è®¾ç½®èœå•'),(107,'é€šçŸ¥å…¬å‘Š',1,8,'/system/notice','','C','0','system:notice:view','#','admin','2018-03-16 11:33:00','ry','2018-03-16 11:33:00','é€šçŸ¥å…¬å‘Šèœå•'),(108,'æ—¥å¿—ç®¡ç†',1,9,'#','','M','0','','#','admin','2018-03-16 11:33:00','ry','2018-03-16 11:33:00','æ—¥å¿—ç®¡ç†èœå•'),(109,'åœ¨çº¿ç”¨æˆ·',2,1,'/monitor/online','','C','0','monitor:online:view','#','admin','2018-03-16 11:33:00','ry','2018-03-16 11:33:00','åœ¨çº¿ç”¨æˆ·èœå•'),(110,'å®šæ—¶ä»»åŠ¡',2,2,'/monitor/job','','C','0','monitor:job:view','#','admin','2018-03-16 11:33:00','ry','2018-03-16 11:33:00','å®šæ—¶ä»»åŠ¡èœå•'),(111,'æ•°æ®ç›‘æ§',2,3,'/monitor/data','','C','0','monitor:data:view','#','admin','2018-03-16 11:33:00','ry','2018-03-16 11:33:00','æ•°æ®ç›‘æ§èœå•'),(112,'æœåŠ¡ç›‘æ§',2,3,'/monitor/server','','C','0','monitor:server:view','#','admin','2018-03-16 11:33:00','ry','2018-03-16 11:33:00','æœåŠ¡ç›‘æ§èœå•'),(113,'è¡¨å•æ„å»º',3,1,'/tool/build','','C','0','tool:build:view','#','admin','2018-03-16 11:33:00','ry','2018-03-16 11:33:00','è¡¨å•æ„å»ºèœå•'),(114,'ä»£ç ç”Ÿæˆ',3,2,'/tool/gen','','C','0','tool:gen:view','#','admin','2018-03-16 11:33:00','ry','2018-03-16 11:33:00','ä»£ç ç”Ÿæˆèœå•'),(115,'ç³»ç»Ÿæ¥å£',3,3,'/tool/swagger','','C','0','tool:swagger:view','#','admin','2018-03-16 11:33:00','ry','2018-03-16 11:33:00','ç³»ç»Ÿæ¥å£èœå•'),(500,'æ“ä½œæ—¥å¿—',108,1,'/monitor/operlog','','C','0','monitor:operlog:view','#','admin','2018-03-16 11:33:00','ry','2018-03-16 11:33:00','æ“ä½œæ—¥å¿—èœå•'),(501,'ç™»å½•æ—¥å¿—',108,2,'/monitor/logininfor','','C','0','monitor:logininfor:view','#','admin','2018-03-16 11:33:00','ry','2018-03-16 11:33:00','ç™»å½•æ—¥å¿—èœå•'),(1000,'ç”¨æˆ·æŸ¥è¯¢',100,1,'#','','F','0','system:user:list','#','admin','2018-03-16 11:33:00','ry','2018-03-16 11:33:00',''),(1001,'ç”¨æˆ·æ–°å¢',100,2,'#','','F','0','system:user:add','#','admin','2018-03-16 11:33:00','ry','2018-03-16 11:33:00',''),(1002,'ç”¨æˆ·ä¿®æ”¹',100,3,'#','','F','0','system:user:edit','#','admin','2018-03-16 11:33:00','ry','2018-03-16 11:33:00',''),(1003,'ç”¨æˆ·åˆ é™¤',100,4,'#','','F','0','system:user:remove','#','admin','2018-03-16 11:33:00','ry','2018-03-16 11:33:00',''),(1004,'ç”¨æˆ·å¯¼å‡º',100,5,'#','','F','0','system:user:export','#','admin','2018-03-16 11:33:00','ry','2018-03-16 11:33:00',''),(1005,'ç”¨æˆ·å¯¼å…¥',100,6,'#','','F','0','system:user:import','#','admin','2018-03-16 11:33:00','ry','2018-03-16 11:33:00',''),(1006,'é‡ç½®å¯†ç ',100,7,'#','','F','0','system:user:resetPwd','#','admin','2018-03-16 11:33:00','ry','2018-03-16 11:33:00',''),(1007,'è§’è‰²æŸ¥è¯¢',101,1,'#','','F','0','system:role:list','#','admin','2018-03-16 11:33:00','ry','2018-03-16 11:33:00',''),(1008,'è§’è‰²æ–°å¢',101,2,'#','','F','0','system:role:add','#','admin','2018-03-16 11:33:00','ry','2018-03-16 11:33:00',''),(1009,'è§’è‰²ä¿®æ”¹',101,3,'#','','F','0','system:role:edit','#','admin','2018-03-16 11:33:00','ry','2018-03-16 11:33:00',''),(1010,'è§’è‰²åˆ é™¤',101,4,'#','','F','0','system:role:remove','#','admin','2018-03-16 11:33:00','ry','2018-03-16 11:33:00',''),(1011,'è§’è‰²å¯¼å‡º',101,5,'#','','F','0','system:role:export','#','admin','2018-03-16 11:33:00','ry','2018-03-16 11:33:00',''),(1012,'èœå•æŸ¥è¯¢',102,1,'#','','F','0','system:menu:list','#','admin','2018-03-16 11:33:00','ry','2018-03-16 11:33:00',''),(1013,'èœå•æ–°å¢',102,2,'#','','F','0','system:menu:add','#','admin','2018-03-16 11:33:00','ry','2018-03-16 11:33:00',''),(1014,'èœå•ä¿®æ”¹',102,3,'#','','F','0','system:menu:edit','#','admin','2018-03-16 11:33:00','ry','2018-03-16 11:33:00',''),(1015,'èœå•åˆ é™¤',102,4,'#','','F','0','system:menu:remove','#','admin','2018-03-16 11:33:00','ry','2018-03-16 11:33:00',''),(1016,'éƒ¨é—¨æŸ¥è¯¢',103,1,'#','','F','0','system:dept:list','#','admin','2018-03-16 11:33:00','ry','2018-03-16 11:33:00',''),(1017,'éƒ¨é—¨æ–°å¢',103,2,'#','','F','0','system:dept:add','#','admin','2018-03-16 11:33:00','ry','2018-03-16 11:33:00',''),(1018,'éƒ¨é—¨ä¿®æ”¹',103,3,'#','','F','0','system:dept:edit','#','admin','2018-03-16 11:33:00','ry','2018-03-16 11:33:00',''),(1019,'éƒ¨é—¨åˆ é™¤',103,4,'#','','F','0','system:dept:remove','#','admin','2018-03-16 11:33:00','ry','2018-03-16 11:33:00',''),(1020,'å²—ä½æŸ¥è¯¢',104,1,'#','','F','0','system:post:list','#','admin','2018-03-16 11:33:00','ry','2018-03-16 11:33:00',''),(1021,'å²—ä½æ–°å¢',104,2,'#','','F','0','system:post:add','#','admin','2018-03-16 11:33:00','ry','2018-03-16 11:33:00',''),(1022,'å²—ä½ä¿®æ”¹',104,3,'#','','F','0','system:post:edit','#','admin','2018-03-16 11:33:00','ry','2018-03-16 11:33:00',''),(1023,'å²—ä½åˆ é™¤',104,4,'#','','F','0','system:post:remove','#','admin','2018-03-16 11:33:00','ry','2018-03-16 11:33:00',''),(1024,'å²—ä½å¯¼å‡º',104,5,'#','','F','0','system:post:export','#','admin','2018-03-16 11:33:00','ry','2018-03-16 11:33:00',''),(1025,'å­—å…¸æŸ¥è¯¢',105,1,'#','','F','0','system:dict:list','#','admin','2018-03-16 11:33:00','ry','2018-03-16 11:33:00',''),(1026,'å­—å…¸æ–°å¢',105,2,'#','','F','0','system:dict:add','#','admin','2018-03-16 11:33:00','ry','2018-03-16 11:33:00',''),(1027,'å­—å…¸ä¿®æ”¹',105,3,'#','','F','0','system:dict:edit','#','admin','2018-03-16 11:33:00','ry','2018-03-16 11:33:00',''),(1028,'å­—å…¸åˆ é™¤',105,4,'#','','F','0','system:dict:remove','#','admin','2018-03-16 11:33:00','ry','2018-03-16 11:33:00',''),(1029,'å­—å…¸å¯¼å‡º',105,5,'#','','F','0','system:dict:export','#','admin','2018-03-16 11:33:00','ry','2018-03-16 11:33:00',''),(1030,'å‚æ•°æŸ¥è¯¢',106,1,'#','','F','0','system:config:list','#','admin','2018-03-16 11:33:00','ry','2018-03-16 11:33:00',''),(1031,'å‚æ•°æ–°å¢',106,2,'#','','F','0','system:config:add','#','admin','2018-03-16 11:33:00','ry','2018-03-16 11:33:00',''),(1032,'å‚æ•°ä¿®æ”¹',106,3,'#','','F','0','system:config:edit','#','admin','2018-03-16 11:33:00','ry','2018-03-16 11:33:00',''),(1033,'å‚æ•°åˆ é™¤',106,4,'#','','F','0','system:config:remove','#','admin','2018-03-16 11:33:00','ry','2018-03-16 11:33:00',''),(1034,'å‚æ•°å¯¼å‡º',106,5,'#','','F','0','system:config:export','#','admin','2018-03-16 11:33:00','ry','2018-03-16 11:33:00',''),(1035,'å…¬å‘ŠæŸ¥è¯¢',107,1,'#','','F','0','system:notice:list','#','admin','2018-03-16 11:33:00','ry','2018-03-16 11:33:00',''),(1036,'å…¬å‘Šæ–°å¢',107,2,'#','','F','0','system:notice:add','#','admin','2018-03-16 11:33:00','ry','2018-03-16 11:33:00',''),(1037,'å…¬å‘Šä¿®æ”¹',107,3,'#','','F','0','system:notice:edit','#','admin','2018-03-16 11:33:00','ry','2018-03-16 11:33:00',''),(1038,'å…¬å‘Šåˆ é™¤',107,4,'#','','F','0','system:notice:remove','#','admin','2018-03-16 11:33:00','ry','2018-03-16 11:33:00',''),(1039,'æ“ä½œæŸ¥è¯¢',500,1,'#','','F','0','monitor:operlog:list','#','admin','2018-03-16 11:33:00','ry','2018-03-16 11:33:00',''),(1040,'æ“ä½œåˆ é™¤',500,2,'#','','F','0','monitor:operlog:remove','#','admin','2018-03-16 11:33:00','ry','2018-03-16 11:33:00',''),(1041,'è¯¦ç»†ä¿¡æ¯',500,3,'#','','F','0','monitor:operlog:detail','#','admin','2018-03-16 11:33:00','ry','2018-03-16 11:33:00',''),(1042,'æ—¥å¿—å¯¼å‡º',500,4,'#','','F','0','monitor:operlog:export','#','admin','2018-03-16 11:33:00','ry','2018-03-16 11:33:00',''),(1043,'ç™»å½•æŸ¥è¯¢',501,1,'#','','F','0','monitor:logininfor:list','#','admin','2018-03-16 11:33:00','ry','2018-03-16 11:33:00',''),(1044,'ç™»å½•åˆ é™¤',501,2,'#','','F','0','monitor:logininfor:remove','#','admin','2018-03-16 11:33:00','ry','2018-03-16 11:33:00',''),(1045,'æ—¥å¿—å¯¼å‡º',501,3,'#','','F','0','monitor:logininfor:export','#','admin','2018-03-16 11:33:00','ry','2018-03-16 11:33:00',''),(1046,'è´¦æˆ·è§£é”',501,4,'#','','F','0','monitor:logininfor:unlock','#','admin','2018-03-16 11:33:00','ry','2018-03-16 11:33:00',''),(1047,'åœ¨çº¿æŸ¥è¯¢',109,1,'#','','F','0','monitor:online:list','#','admin','2018-03-16 11:33:00','ry','2018-03-16 11:33:00',''),(1048,'æ‰¹é‡å¼ºé€€',109,2,'#','','F','0','monitor:online:batchForceLogout','#','admin','2018-03-16 11:33:00','ry','2018-03-16 11:33:00',''),(1049,'å•æ¡å¼ºé€€',109,3,'#','','F','0','monitor:online:forceLogout','#','admin','2018-03-16 11:33:00','ry','2018-03-16 11:33:00',''),(1050,'ä»»åŠ¡æŸ¥è¯¢',110,1,'#','','F','0','monitor:job:list','#','admin','2018-03-16 11:33:00','ry','2018-03-16 11:33:00',''),(1051,'ä»»åŠ¡æ–°å¢',110,2,'#','','F','0','monitor:job:add','#','admin','2018-03-16 11:33:00','ry','2018-03-16 11:33:00',''),(1052,'ä»»åŠ¡ä¿®æ”¹',110,3,'#','','F','0','monitor:job:edit','#','admin','2018-03-16 11:33:00','ry','2018-03-16 11:33:00',''),(1053,'ä»»åŠ¡åˆ é™¤',110,4,'#','','F','0','monitor:job:remove','#','admin','2018-03-16 11:33:00','ry','2018-03-16 11:33:00',''),(1054,'çŠ¶æ€ä¿®æ”¹',110,5,'#','','F','0','monitor:job:changeStatus','#','admin','2018-03-16 11:33:00','ry','2018-03-16 11:33:00',''),(1055,'ä»»åŠ¡è¯¦ç»†',110,6,'#','','F','0','monitor:job:detail','#','admin','2018-03-16 11:33:00','ry','2018-03-16 11:33:00',''),(1056,'ä»»åŠ¡å¯¼å‡º',110,7,'#','','F','0','monitor:job:export','#','admin','2018-03-16 11:33:00','ry','2018-03-16 11:33:00',''),(1057,'ç”ŸæˆæŸ¥è¯¢',114,1,'#','','F','0','tool:gen:list','#','admin','2018-03-16 11:33:00','ry','2018-03-16 11:33:00',''),(1058,'ç”Ÿæˆä¿®æ”¹',114,2,'#','','F','0','tool:gen:edit','#','admin','2018-03-16 11:33:00','ry','2018-03-16 11:33:00',''),(1059,'ç”Ÿæˆåˆ é™¤',114,3,'#','','F','0','tool:gen:remove','#','admin','2018-03-16 11:33:00','ry','2018-03-16 11:33:00',''),(1060,'é¢„è§ˆä»£ç ',114,4,'#','','F','0','tool:gen:preview','#','admin','2018-03-16 11:33:00','ry','2018-03-16 11:33:00',''),(1061,'ç”Ÿæˆä»£ç ',114,5,'#','','F','0','tool:gen:code','#','admin','2018-03-16 11:33:00','ry','2018-03-16 11:33:00',''),(2000,'è®¾å¤‡åˆ†ç±»',2006,1,'/system/equclass','','C','0','system:equclass:view','#','admin','2018-03-01 00:00:00','ry','2018-03-01 00:00:00','è®¾å¤‡åˆ†ç±»èœå•'),(2001,'è®¾å¤‡åˆ†ç±»æŸ¥è¯¢',2000,1,'#','','F','0','system:equclass:list','#','admin','2018-03-01 00:00:00','ry','2018-03-01 00:00:00',''),(2002,'è®¾å¤‡åˆ†ç±»æ–°å¢',2000,2,'#','','F','0','system:equclass:add','#','admin','2018-03-01 00:00:00','ry','2018-03-01 00:00:00',''),(2003,'è®¾å¤‡åˆ†ç±»ä¿®æ”¹',2000,3,'#','','F','0','system:equclass:edit','#','admin','2018-03-01 00:00:00','ry','2018-03-01 00:00:00',''),(2004,'è®¾å¤‡åˆ†ç±»åˆ é™¤',2000,4,'#','','F','0','system:equclass:remove','#','admin','2018-03-01 00:00:00','ry','2018-03-01 00:00:00',''),(2006,'è®¾å¤‡ç®¡ç†',0,4,'#','menuItem','M','0','','fa fa-window-maximize','admin','2020-02-11 15:04:02','admin','2020-02-11 15:06:10',''),(2007,'è®¾å¤‡æ¡£æ¡ˆ',2006,2,'/system/equcard','menuItem','C','0','system:equcard:view','#','admin','2018-03-01 00:00:00','admin','2020-02-14 10:35:50','è®¾å¤‡æ¡£æ¡ˆèœå•'),(2008,'è®¾å¤‡æ¡£æ¡ˆæŸ¥è¯¢',2007,1,'#','menuItem','F','0','system:equcard:list','#','admin','2018-03-01 00:00:00','admin','2020-02-14 10:36:20',''),(2009,'è®¾å¤‡æ¡£æ¡ˆæ–°å¢',2007,2,'#','','F','0','system:equcard:add','#','admin','2018-03-01 00:00:00','ry','2018-03-01 00:00:00',''),(2010,'è®¾å¤‡æ¡£æ¡ˆä¿®æ”¹',2007,3,'#','','F','0','system:equcard:edit','#','admin','2018-03-01 00:00:00','ry','2018-03-01 00:00:00',''),(2011,'è®¾å¤‡æ¡£æ¡ˆåˆ é™¤',2007,4,'#','','F','0','system:equcard:remove','#','admin','2018-03-01 00:00:00','ry','2018-03-01 00:00:00',''),(2013,'è®¾å¤‡ä¾›åº”å•†',2006,3,'/system/equsupplier','','C','0','system:equsupplier:view','#','admin','2018-03-01 00:00:00','ry','2018-03-01 00:00:00','è®¾å¤‡ä¾›åº”å•†èœå•'),(2014,'è®¾å¤‡ä¾›åº”å•†æŸ¥è¯¢',2013,1,'#','','F','0','system:equsupplier:list','#','admin','2018-03-01 00:00:00','ry','2018-03-01 00:00:00',''),(2015,'è®¾å¤‡ä¾›åº”å•†æ–°å¢',2013,2,'#','','F','0','system:equsupplier:add','#','admin','2018-03-01 00:00:00','ry','2018-03-01 00:00:00',''),(2016,'è®¾å¤‡ä¾›åº”å•†ä¿®æ”¹',2013,3,'#','','F','0','system:equsupplier:edit','#','admin','2018-03-01 00:00:00','ry','2018-03-01 00:00:00',''),(2017,'è®¾å¤‡ä¾›åº”å•†åˆ é™¤',2013,4,'#','','F','0','system:equsupplier:remove','#','admin','2018-03-01 00:00:00','ry','2018-03-01 00:00:00',''),(2018,'è®¾å¤‡ä¾›åº”å•†å¯¼å‡º',2013,5,'#','','F','0','system:equsupplier:export','#','admin','2018-03-01 00:00:00','ry','2018-03-01 00:00:00',''),(2019,'è®¾å¤‡åˆåŒ',2006,4,'/system/equcontract','','C','0','system:equcontract:view','#','admin','2018-03-01 00:00:00','ry','2018-03-01 00:00:00','è®¾å¤‡åˆåŒèœå•'),(2020,'è®¾å¤‡åˆåŒæŸ¥è¯¢',2019,1,'#','','F','0','system:equcontract:list','#','admin','2018-03-01 00:00:00','ry','2018-03-01 00:00:00',''),(2021,'è®¾å¤‡åˆåŒæ–°å¢',2019,2,'#','','F','0','system:equcontract:add','#','admin','2018-03-01 00:00:00','ry','2018-03-01 00:00:00',''),(2022,'è®¾å¤‡åˆåŒä¿®æ”¹',2019,3,'#','','F','0','system:equcontract:edit','#','admin','2018-03-01 00:00:00','ry','2018-03-01 00:00:00',''),(2023,'è®¾å¤‡åˆåŒåˆ é™¤',2019,4,'#','','F','0','system:equcontract:remove','#','admin','2018-03-01 00:00:00','ry','2018-03-01 00:00:00',''),(2024,'è®¾å¤‡åˆåŒå¯¼å‡º',2019,5,'#','','F','0','system:equcontract:export','#','admin','2018-03-01 00:00:00','ry','2018-03-01 00:00:00',''),(2025,'æŠ¥åºŸæŠ¥æŸ',2006,5,'/system/equscrap','','C','0','system:equscrap:view','#','admin','2018-03-01 00:00:00','ry','2018-03-01 00:00:00','è®¾å¤‡æŠ¥åºŸæŠ¥æŸèœå•'),(2026,'æŠ¥åºŸæŠ¥æŸæŸ¥è¯¢',2025,1,'#','','F','0','system:equscrap:list','#','admin','2018-03-01 00:00:00','ry','2018-03-01 00:00:00',''),(2027,'æŠ¥åºŸæŠ¥æŸæ–°å¢',2025,2,'#','','F','0','system:equscrap:add','#','admin','2018-03-01 00:00:00','ry','2018-03-01 00:00:00',''),(2028,'æŠ¥åºŸæŠ¥æŸä¿®æ”¹',2025,3,'#','','F','0','system:equscrap:edit','#','admin','2018-03-01 00:00:00','ry','2018-03-01 00:00:00',''),(2029,'æŠ¥åºŸæŠ¥æŸåˆ é™¤',2025,4,'#','','F','0','system:equscrap:remove','#','admin','2018-03-01 00:00:00','ry','2018-03-01 00:00:00',''),(2030,'æŠ¥åºŸæŠ¥æŸå¯¼å‡º',2025,5,'#','','F','0','system:equscrap:export','#','admin','2018-03-01 00:00:00','ry','2018-03-01 00:00:00',''),(2031,'è®¾å¤‡æŸ¥è¯¢',2006,6,'/system/equcard/search','menuItem','C','0','system:equcard:search','#','admin','2020-02-25 13:31:55','admin','2020-02-25 13:32:45',''),(2032,'è®¾å¤‡æŸ¥è¯¢',2031,1,'#','menuItem','F','0','system:list:list','#','admin','2020-02-25 13:33:47','',NULL,'');
/*!40000 ALTER TABLE `sys_menu` ENABLE KEYS */;
UNLOCK TABLES;

--
-- Table structure for table `sys_notice`
--

DROP TABLE IF EXISTS `sys_notice`;
/*!40101 SET @saved_cs_client     = @@character_set_client */;
/*!50503 SET character_set_client = utf8mb4 */;
CREATE TABLE `sys_notice` (
  `notice_id` int NOT NULL AUTO_INCREMENT COMMENT 'å…¬å‘ŠID',
  `notice_title` varchar(50) NOT NULL COMMENT 'å…¬å‘Šæ ‡é¢˜',
  `notice_type` char(1) NOT NULL COMMENT 'å…¬å‘Šç±»å‹ï¼ˆ1é€šçŸ¥ 2å…¬å‘Šï¼‰',
  `notice_content` varchar(2000) DEFAULT NULL COMMENT 'å…¬å‘Šå†…å®¹',
  `status` char(1) DEFAULT '0' COMMENT 'å…¬å‘ŠçŠ¶æ€ï¼ˆ0æ­£å¸¸ 1å…³é—­ï¼‰',
  `create_by` varchar(64) DEFAULT '' COMMENT 'åˆ›å»ºè€…',
  `create_time` datetime DEFAULT NULL COMMENT 'åˆ›å»ºæ—¶é—´',
  `update_by` varchar(64) DEFAULT '' COMMENT 'æ›´æ–°è€…',
  `update_time` datetime DEFAULT NULL COMMENT 'æ›´æ–°æ—¶é—´',
  `remark` varchar(255) DEFAULT NULL COMMENT 'å¤‡æ³¨',
  PRIMARY KEY (`notice_id`)
) ENGINE=InnoDB AUTO_INCREMENT=10 DEFAULT CHARSET=utf8 COMMENT='é€šçŸ¥å…¬å‘Šè¡¨';
/*!40101 SET character_set_client = @saved_cs_client */;

--
-- Dumping data for table `sys_notice`
--

LOCK TABLES `sys_notice` WRITE;
/*!40000 ALTER TABLE `sys_notice` DISABLE KEYS */;
INSERT INTO `sys_notice` VALUES (1,'æ¸©é¦¨æé†’ï¼š2018-07-01 è‹¥ä¾æ–°ç‰ˆæœ¬å‘å¸ƒå•¦','2','æ–°ç‰ˆæœ¬å†…å®¹','0','admin','2018-03-16 11:33:00','ry','2018-03-16 11:33:00','ç®¡ç†å‘˜'),(2,'ç»´æŠ¤é€šçŸ¥ï¼š2018-07-01 è‹¥ä¾ç³»ç»Ÿå‡Œæ™¨ç»´æŠ¤','1','ç»´æŠ¤å†…å®¹','0','admin','2018-03-16 11:33:00','ry','2018-03-16 11:33:00','ç®¡ç†å‘˜');
/*!40000 ALTER TABLE `sys_notice` ENABLE KEYS */;
UNLOCK TABLES;

--
-- Table structure for table `sys_oper_log`
--

DROP TABLE IF EXISTS `sys_oper_log`;
/*!40101 SET @saved_cs_client     = @@character_set_client */;
/*!50503 SET character_set_client = utf8mb4 */;
CREATE TABLE `sys_oper_log` (
  `oper_id` bigint NOT NULL AUTO_INCREMENT COMMENT 'æ—¥å¿—ä¸»é”®',
  `title` varchar(50) DEFAULT '' COMMENT 'æ¨¡å—æ ‡é¢˜',
  `business_type` int DEFAULT '0' COMMENT 'ä¸šåŠ¡ç±»å‹ï¼ˆ0å…¶å®ƒ 1æ–°å¢ 2ä¿®æ”¹ 3åˆ é™¤ï¼‰',
  `method` varchar(100) DEFAULT '' COMMENT 'æ–¹æ³•åç§°',
  `request_method` varchar(10) DEFAULT '' COMMENT 'è¯·æ±‚æ–¹å¼',
  `operator_type` int DEFAULT '0' COMMENT 'æ“ä½œç±»åˆ«ï¼ˆ0å…¶å®ƒ 1åå°ç”¨æˆ· 2æ‰‹æœºç«¯ç”¨æˆ·ï¼‰',
  `oper_name` varchar(50) DEFAULT '' COMMENT 'æ“ä½œäººå‘˜',
  `dept_name` varchar(50) DEFAULT '' COMMENT 'éƒ¨é—¨åç§°',
  `oper_url` varchar(255) DEFAULT '' COMMENT 'è¯·æ±‚URL',
  `oper_ip` varchar(50) DEFAULT '' COMMENT 'ä¸»æœºåœ°å€',
  `oper_location` varchar(255) DEFAULT '' COMMENT 'æ“ä½œåœ°ç‚¹',
  `oper_param` varchar(2000) DEFAULT '' COMMENT 'è¯·æ±‚å‚æ•°',
  `json_result` varchar(2000) DEFAULT '' COMMENT 'è¿”å›å‚æ•°',
  `status` int DEFAULT '0' COMMENT 'æ“ä½œçŠ¶æ€ï¼ˆ0æ­£å¸¸ 1å¼‚å¸¸ï¼‰',
  `error_msg` varchar(2000) DEFAULT '' COMMENT 'é”™è¯¯æ¶ˆæ¯',
  `oper_time` datetime DEFAULT NULL COMMENT 'æ“ä½œæ—¶é—´',
  PRIMARY KEY (`oper_id`)
) ENGINE=InnoDB AUTO_INCREMENT=361 DEFAULT CHARSET=utf8 COMMENT='æ“ä½œæ—¥å¿—è®°å½•';
/*!40101 SET character_set_client = @saved_cs_client */;

--
-- Dumping data for table `sys_oper_log`
--

LOCK TABLES `sys_oper_log` WRITE;
/*!40000 ALTER TABLE `sys_oper_log` DISABLE KEYS */;
INSERT INTO `sys_oper_log` VALUES (100,'éƒ¨é—¨ç®¡ç†',2,'com.ruoyi.web.controller.system.SysDeptController.editSave()','POST',1,'admin','ç ”å‘éƒ¨é—¨','/system/dept/edit','127.0.0.1','å†…ç½‘IP','{\r\n  \"deptId\" : [ \"100\" ],\r\n  \"parentId\" : [ \"0\" ],\r\n  \"parentName\" : [ \"æ— \" ],\r\n  \"deptName\" : [ \"éƒ¨é—¨\" ],\r\n  \"orderNum\" : [ \"0\" ],\r\n  \"leader\" : [ \"\" ],\r\n  \"phone\" : [ \"\" ],\r\n  \"email\" : [ \"\" ],\r\n  \"status\" : [ \"0\" ]\r\n}','{\r\n  \"msg\" : \"æ“ä½œæˆåŠŸ\",\r\n  \"code\" : 0\r\n}',0,NULL,'2020-02-11 08:57:44'),(101,'éƒ¨é—¨ç®¡ç†',3,'com.ruoyi.web.controller.system.SysDeptController.remove()','GET',1,'admin','ç ”å‘éƒ¨é—¨','/system/dept/remove/102','127.0.0.1','å†…ç½‘IP','{ }','{\r\n  \"msg\" : \"å­˜åœ¨ä¸‹çº§éƒ¨é—¨,ä¸å…è®¸åˆ é™¤\",\r\n  \"code\" : 301\r\n}',0,NULL,'2020-02-11 08:58:10'),(102,'éƒ¨é—¨ç®¡ç†',3,'com.ruoyi.web.controller.system.SysDeptController.remove()','GET',1,'admin','ç ”å‘éƒ¨é—¨','/system/dept/remove/109','127.0.0.1','å†…ç½‘IP','{ }','{\r\n  \"msg\" : \"æ“ä½œæˆåŠŸ\",\r\n  \"code\" : 0\r\n}',0,NULL,'2020-02-11 08:58:20'),(103,'éƒ¨é—¨ç®¡ç†',3,'com.ruoyi.web.controller.system.SysDeptController.remove()','GET',1,'admin','ç ”å‘éƒ¨é—¨','/system/dept/remove/108','127.0.0.1','å†…ç½‘IP','{ }','{\r\n  \"msg\" : \"æ“ä½œæˆåŠŸ\",\r\n  \"code\" : 0\r\n}',0,NULL,'2020-02-11 08:58:24'),(104,'éƒ¨é—¨ç®¡ç†',3,'com.ruoyi.web.controller.system.SysDeptController.remove()','GET',1,'admin','ç ”å‘éƒ¨é—¨','/system/dept/remove/102','127.0.0.1','å†…ç½‘IP','{ }','{\r\n  \"msg\" : \"æ“ä½œæˆåŠŸ\",\r\n  \"code\" : 0\r\n}',0,NULL,'2020-02-11 08:58:29'),(105,'éƒ¨é—¨ç®¡ç†',2,'com.ruoyi.web.controller.system.SysDeptController.editSave()','POST',1,'admin','ç ”å‘éƒ¨é—¨','/system/dept/edit','127.0.0.1','å†…ç½‘IP','{\r\n  \"deptId\" : [ \"101\" ],\r\n  \"parentId\" : [ \"100\" ],\r\n  \"parentName\" : [ \"éƒ¨é—¨\" ],\r\n  \"deptName\" : [ \"è®¾å¤‡ç®¡ç†éƒ¨é—¨\" ],\r\n  \"orderNum\" : [ \"1\" ],\r\n  \"leader\" : [ \"\" ],\r\n  \"phone\" : [ \"\" ],\r\n  \"email\" : [ \"\" ],\r\n  \"status\" : [ \"0\" ]\r\n}','{\r\n  \"msg\" : \"æ“ä½œæˆåŠŸ\",\r\n  \"code\" : 0\r\n}',0,NULL,'2020-02-11 09:03:04'),(106,'éƒ¨é—¨ç®¡ç†',2,'com.ruoyi.web.controller.system.SysDeptController.editSave()','POST',1,'admin','ç ”å‘éƒ¨é—¨','/system/dept/edit','127.0.0.1','å†…ç½‘IP','{\r\n  \"deptId\" : [ \"100\" ],\r\n  \"parentId\" : [ \"0\" ],\r\n  \"parentName\" : [ \"æ— \" ],\r\n  \"deptName\" : [ \"éƒ¨é—¨åˆ—è¡¨\" ],\r\n  \"orderNum\" : [ \"0\" ],\r\n  \"leader\" : [ \"\" ],\r\n  \"phone\" : [ \"\" ],\r\n  \"email\" : [ \"\" ],\r\n  \"status\" : [ \"0\" ]\r\n}','{\r\n  \"msg\" : \"æ“ä½œæˆåŠŸ\",\r\n  \"code\" : 0\r\n}',0,NULL,'2020-02-11 09:04:18'),(107,'ç”¨æˆ·ç®¡ç†',2,'com.ruoyi.web.controller.system.SysUserController.editSave()','POST',1,'admin','ç ”å‘éƒ¨é—¨','/system/user/edit','127.0.0.1','å†…ç½‘IP','{\r\n  \"userId\" : [ \"1\" ],\r\n  \"deptId\" : [ \"101\" ],\r\n  \"userName\" : [ \"è¶…çº§ç®¡ç†å‘˜\" ],\r\n  \"dept.deptName\" : [ \"è®¾å¤‡ç®¡ç†éƒ¨é—¨\" ],\r\n  \"phonenumber\" : [ \"15888888888\" ],\r\n  \"email\" : [ \"admin@163.com\" ],\r\n  \"loginName\" : [ \"admin\" ],\r\n  \"sex\" : [ \"2\" ],\r\n  \"role\" : [ \"1\" ],\r\n  \"remark\" : [ \"ç³»ç»Ÿè¶…çº§ç®¡ç†å‘˜\" ],\r\n  \"status\" : [ \"0\" ],\r\n  \"roleIds\" : [ \"1\" ],\r\n  \"postIds\" : [ \"\" ]\r\n}','null',1,'ä¸å…è®¸æ“ä½œè¶…çº§ç®¡ç†å‘˜ç”¨æˆ·','2020-02-11 09:09:05'),(108,'ç”¨æˆ·ç®¡ç†',2,'com.ruoyi.web.controller.system.SysUserController.editSave()','POST',1,'admin','ç ”å‘éƒ¨é—¨','/system/user/edit','127.0.0.1','å†…ç½‘IP','{\r\n  \"userId\" : [ \"2\" ],\r\n  \"deptId\" : [ \"105\" ],\r\n  \"userName\" : [ \"è‹¥ä¾\" ],\r\n  \"dept.deptName\" : [ \"æµ‹è¯•éƒ¨é—¨\" ],\r\n  \"phonenumber\" : [ \"15666666666\" ],\r\n  \"email\" : [ \"ry@qq.com\" ],\r\n  \"loginName\" : [ \"ry\" ],\r\n  \"sex\" : [ \"1\" ],\r\n  \"role\" : [ \"2\" ],\r\n  \"remark\" : [ \"æµ‹è¯•å‘˜\" ],\r\n  \"status\" : [ \"0\" ],\r\n  \"roleIds\" : [ \"2\" ],\r\n  \"postIds\" : [ \"\" ]\r\n}','{\r\n  \"msg\" : \"æ“ä½œæˆåŠŸ\",\r\n  \"code\" : 0\r\n}',0,NULL,'2020-02-11 09:09:38'),(109,'ä»£ç ç”Ÿæˆ',6,'com.ruoyi.generator.controller.GenController.importTableSave()','POST',1,'admin','ç ”å‘éƒ¨é—¨','/tool/gen/importTable','127.0.0.1','å†…ç½‘IP','{\r\n  \"tables\" : [ \"equ_class\" ]\r\n}','{\r\n  \"msg\" : \"æ“ä½œæˆåŠŸ\",\r\n  \"code\" : 0\r\n}',0,NULL,'2020-02-11 14:05:48'),(110,'ä»£ç ç”Ÿæˆ',8,'com.ruoyi.generator.controller.GenController.genCode()','GET',1,'admin','ç ”å‘éƒ¨é—¨','/tool/gen/genCode/equ_class','127.0.0.1','å†…ç½‘IP','{ }','null',0,NULL,'2020-02-11 14:06:32'),(111,'ä»£ç ç”Ÿæˆ',2,'com.ruoyi.generator.controller.GenController.editSave()','POST',1,'admin','ç ”å‘éƒ¨é—¨','/tool/gen/edit','127.0.0.1','å†…ç½‘IP','{\r\n  \"tableId\" : [ \"1\" ],\r\n  \"tableName\" : [ \"equ_class\" ],\r\n  \"tableComment\" : [ \"è®¾å¤‡åˆ†ç±»è¡¨\" ],\r\n  \"className\" : [ \"EquClass\" ],\r\n  \"functionAuthor\" : [ \"liugang\" ],\r\n  \"remark\" : [ \"\" ],\r\n  \"columns[0].columnId\" : [ \"1\" ],\r\n  \"columns[0].sort\" : [ \"1\" ],\r\n  \"columns[0].columnComment\" : [ \"ID ä¸»é”®\" ],\r\n  \"columns[0].javaType\" : [ \"Long\" ],\r\n  \"columns[0].javaField\" : [ \"classId\" ],\r\n  \"columns[0].isInsert\" : [ \"1\" ],\r\n  \"columns[0].queryType\" : [ \"EQ\" ],\r\n  \"columns[0].htmlType\" : [ \"input\" ],\r\n  \"columns[0].dictType\" : [ \"\" ],\r\n  \"columns[1].columnId\" : [ \"2\" ],\r\n  \"columns[1].sort\" : [ \"2\" ],\r\n  \"columns[1].columnComment\" : [ \"Guid guid\" ],\r\n  \"columns[1].javaType\" : [ \"String\" ],\r\n  \"columns[1].javaField\" : [ \"guid\" ],\r\n  \"columns[1].isInsert\" : [ \"1\" ],\r\n  \"columns[1].isEdit\" : [ \"1\" ],\r\n  \"columns[1].isList\" : [ \"1\" ],\r\n  \"columns[1].isQuery\" : [ \"1\" ],\r\n  \"columns[1].queryType\" : [ \"EQ\" ],\r\n  \"columns[1].isRequired\" : [ \"1\" ],\r\n  \"columns[1].htmlType\" : [ \"input\" ],\r\n  \"columns[1].dictType\" : [ \"\" ],\r\n  \"columns[2].columnId\" : [ \"3\" ],\r\n  \"columns[2].sort\" : [ \"3\" ],\r\n  \"columns[2].columnComment\" : [ \"çˆ¶çº§ID çˆ¶çº§ID\" ],\r\n  \"columns[2].javaType\" : [ \"Long\" ],\r\n  \"columns[2].javaField\" : [ \"parentId\" ],\r\n  \"columns[2].isInsert\" : [ \"1\" ],\r\n  \"columns[2].isEdit\" : [ \"1\" ],\r\n  \"columns[2].isList\" : [ \"1\" ],\r\n  \"columns[2].isQuery\" : [ \"1\" ],\r\n  \"columns[2].queryType\" : [ \"EQ\" ],\r\n  \"columns[2].isRequired\" : [ \"1\" ],\r\n  \"columns[2].htmlType\" : [ \"input\" ],\r\n  \"columns[2].dictType\" : [ \"\" ],\r\n  \"columns[3].columnId\" : [ \"4\" ],\r\n  \"columns[3].sort\" : [ \"4\" ],\r\n  \"columns[3].columnComment\" : [ \"ç¥–çº§åˆ—è¡¨ ç¥–çº§åˆ—è¡¨\" ],\r\n  \"columns[3].javaType\" : [ \"String\" ],\r\n  \"columns[3].javaField\" : [ \"ancestors\" ],\r\n  \"columns[3].isInsert\" : [ \"1\" ],\r\n  \"columns[3].isEdit\" : [ \"1\" ],\r\n  \"columns[3].isList\" : [ \"1\" ],\r\n  \"columns[3].isQuery\" : [ \"1\" ],\r\n  \"columns[3].queryType\" : [ \"EQ\" ],\r\n  \"columns[3].isRequired\" : [ \"1\" ],\r\n  \"columns[3].htmlType\" : [ \"input\" ],\r\n  \"columns[3].dictType\" : [ \"\" ],\r','{\r\n  \"msg\" : \"æ“ä½œæˆåŠŸ\",\r\n  \"code\" : 0\r\n}',0,NULL,'2020-02-11 14:14:18'),(112,'ä»£ç ç”Ÿæˆ',8,'com.ruoyi.generator.controller.GenController.genCode()','GET',1,'admin','ç ”å‘éƒ¨é—¨','/tool/gen/genCode/equ_class','127.0.0.1','å†…ç½‘IP','{ }','null',0,NULL,'2020-02-11 14:14:47'),(113,'ä»£ç ç”Ÿæˆ',2,'com.ruoyi.generator.controller.GenController.editSave()','POST',1,'admin','ç ”å‘éƒ¨é—¨','/tool/gen/edit','127.0.0.1','å†…ç½‘IP','{\r\n  \"tableId\" : [ \"1\" ],\r\n  \"tableName\" : [ \"equ_class\" ],\r\n  \"tableComment\" : [ \"è®¾å¤‡åˆ†ç±»è¡¨\" ],\r\n  \"className\" : [ \"EquClass\" ],\r\n  \"functionAuthor\" : [ \"liugang\" ],\r\n  \"remark\" : [ \"\" ],\r\n  \"columns[0].columnId\" : [ \"1\" ],\r\n  \"columns[0].sort\" : [ \"1\" ],\r\n  \"columns[0].columnComment\" : [ \"ID ä¸»é”®\" ],\r\n  \"columns[0].javaType\" : [ \"Long\" ],\r\n  \"columns[0].javaField\" : [ \"classId\" ],\r\n  \"columns[0].isInsert\" : [ \"1\" ],\r\n  \"columns[0].queryType\" : [ \"EQ\" ],\r\n  \"columns[0].htmlType\" : [ \"input\" ],\r\n  \"columns[0].dictType\" : [ \"\" ],\r\n  \"columns[1].columnId\" : [ \"2\" ],\r\n  \"columns[1].sort\" : [ \"2\" ],\r\n  \"columns[1].columnComment\" : [ \"Guid guid\" ],\r\n  \"columns[1].javaType\" : [ \"String\" ],\r\n  \"columns[1].javaField\" : [ \"guid\" ],\r\n  \"columns[1].isInsert\" : [ \"1\" ],\r\n  \"columns[1].isEdit\" : [ \"1\" ],\r\n  \"columns[1].isList\" : [ \"1\" ],\r\n  \"columns[1].isQuery\" : [ \"1\" ],\r\n  \"columns[1].queryType\" : [ \"EQ\" ],\r\n  \"columns[1].isRequired\" : [ \"1\" ],\r\n  \"columns[1].htmlType\" : [ \"input\" ],\r\n  \"columns[1].dictType\" : [ \"\" ],\r\n  \"columns[2].columnId\" : [ \"3\" ],\r\n  \"columns[2].sort\" : [ \"3\" ],\r\n  \"columns[2].columnComment\" : [ \"çˆ¶çº§ID çˆ¶çº§ID\" ],\r\n  \"columns[2].javaType\" : [ \"Long\" ],\r\n  \"columns[2].javaField\" : [ \"parentId\" ],\r\n  \"columns[2].isInsert\" : [ \"1\" ],\r\n  \"columns[2].isEdit\" : [ \"1\" ],\r\n  \"columns[2].isList\" : [ \"1\" ],\r\n  \"columns[2].isQuery\" : [ \"1\" ],\r\n  \"columns[2].queryType\" : [ \"EQ\" ],\r\n  \"columns[2].isRequired\" : [ \"1\" ],\r\n  \"columns[2].htmlType\" : [ \"input\" ],\r\n  \"columns[2].dictType\" : [ \"\" ],\r\n  \"columns[3].columnId\" : [ \"4\" ],\r\n  \"columns[3].sort\" : [ \"4\" ],\r\n  \"columns[3].columnComment\" : [ \"ç¥–çº§åˆ—è¡¨ ç¥–çº§åˆ—è¡¨\" ],\r\n  \"columns[3].javaType\" : [ \"String\" ],\r\n  \"columns[3].javaField\" : [ \"ancestors\" ],\r\n  \"columns[3].isInsert\" : [ \"1\" ],\r\n  \"columns[3].isEdit\" : [ \"1\" ],\r\n  \"columns[3].isList\" : [ \"1\" ],\r\n  \"columns[3].isQuery\" : [ \"1\" ],\r\n  \"columns[3].queryType\" : [ \"EQ\" ],\r\n  \"columns[3].isRequired\" : [ \"1\" ],\r\n  \"columns[3].htmlType\" : [ \"input\" ],\r\n  \"columns[3].dictType\" : [ \"\" ],\r','{\r\n  \"msg\" : \"æ“ä½œæˆåŠŸ\",\r\n  \"code\" : 0\r\n}',0,NULL,'2020-02-11 14:20:04'),(114,'ä»£ç ç”Ÿæˆ',2,'com.ruoyi.generator.controller.GenController.editSave()','POST',1,'admin','ç ”å‘éƒ¨é—¨','/tool/gen/edit','127.0.0.1','å†…ç½‘IP','{\r\n  \"tableId\" : [ \"1\" ],\r\n  \"tableName\" : [ \"equ_class\" ],\r\n  \"tableComment\" : [ \"è®¾å¤‡åˆ†ç±»è¡¨\" ],\r\n  \"className\" : [ \"EquClass\" ],\r\n  \"functionAuthor\" : [ \"liugang\" ],\r\n  \"remark\" : [ \"\" ],\r\n  \"columns[0].columnId\" : [ \"1\" ],\r\n  \"columns[0].sort\" : [ \"1\" ],\r\n  \"columns[0].columnComment\" : [ \"ID ä¸»é”®\" ],\r\n  \"columns[0].javaType\" : [ \"Long\" ],\r\n  \"columns[0].javaField\" : [ \"classId\" ],\r\n  \"columns[0].isInsert\" : [ \"1\" ],\r\n  \"columns[0].queryType\" : [ \"EQ\" ],\r\n  \"columns[0].htmlType\" : [ \"input\" ],\r\n  \"columns[0].dictType\" : [ \"\" ],\r\n  \"columns[1].columnId\" : [ \"2\" ],\r\n  \"columns[1].sort\" : [ \"2\" ],\r\n  \"columns[1].columnComment\" : [ \"Guid guid\" ],\r\n  \"columns[1].javaType\" : [ \"String\" ],\r\n  \"columns[1].javaField\" : [ \"guid\" ],\r\n  \"columns[1].isInsert\" : [ \"1\" ],\r\n  \"columns[1].isEdit\" : [ \"1\" ],\r\n  \"columns[1].isList\" : [ \"1\" ],\r\n  \"columns[1].isQuery\" : [ \"1\" ],\r\n  \"columns[1].queryType\" : [ \"EQ\" ],\r\n  \"columns[1].isRequired\" : [ \"1\" ],\r\n  \"columns[1].htmlType\" : [ \"input\" ],\r\n  \"columns[1].dictType\" : [ \"\" ],\r\n  \"columns[2].columnId\" : [ \"3\" ],\r\n  \"columns[2].sort\" : [ \"3\" ],\r\n  \"columns[2].columnComment\" : [ \"çˆ¶çº§ID çˆ¶çº§ID\" ],\r\n  \"columns[2].javaType\" : [ \"Long\" ],\r\n  \"columns[2].javaField\" : [ \"parentId\" ],\r\n  \"columns[2].isInsert\" : [ \"1\" ],\r\n  \"columns[2].isEdit\" : [ \"1\" ],\r\n  \"columns[2].isList\" : [ \"1\" ],\r\n  \"columns[2].isQuery\" : [ \"1\" ],\r\n  \"columns[2].queryType\" : [ \"EQ\" ],\r\n  \"columns[2].isRequired\" : [ \"1\" ],\r\n  \"columns[2].htmlType\" : [ \"input\" ],\r\n  \"columns[2].dictType\" : [ \"\" ],\r\n  \"columns[3].columnId\" : [ \"4\" ],\r\n  \"columns[3].sort\" : [ \"4\" ],\r\n  \"columns[3].columnComment\" : [ \"ç¥–çº§åˆ—è¡¨ ç¥–çº§åˆ—è¡¨\" ],\r\n  \"columns[3].javaType\" : [ \"String\" ],\r\n  \"columns[3].javaField\" : [ \"ancestors\" ],\r\n  \"columns[3].isInsert\" : [ \"1\" ],\r\n  \"columns[3].isEdit\" : [ \"1\" ],\r\n  \"columns[3].isList\" : [ \"1\" ],\r\n  \"columns[3].isQuery\" : [ \"1\" ],\r\n  \"columns[3].queryType\" : [ \"EQ\" ],\r\n  \"columns[3].isRequired\" : [ \"1\" ],\r\n  \"columns[3].htmlType\" : [ \"input\" ],\r\n  \"columns[3].dictType\" : [ \"\" ],\r','{\r\n  \"msg\" : \"æ“ä½œæˆåŠŸ\",\r\n  \"code\" : 0\r\n}',0,NULL,'2020-02-11 14:20:24'),(115,'ä»£ç ç”Ÿæˆ',8,'com.ruoyi.generator.controller.GenController.genCode()','GET',1,'admin','ç ”å‘éƒ¨é—¨','/tool/gen/genCode/equ_class','127.0.0.1','å†…ç½‘IP','{ }','null',0,NULL,'2020-02-11 14:20:27'),(116,'ä»£ç ç”Ÿæˆ',2,'com.ruoyi.generator.controller.GenController.editSave()','POST',1,'admin','ç ”å‘éƒ¨é—¨','/tool/gen/edit','127.0.0.1','å†…ç½‘IP','{\r\n  \"tableId\" : [ \"1\" ],\r\n  \"tableName\" : [ \"equ_class\" ],\r\n  \"tableComment\" : [ \"è®¾å¤‡åˆ†ç±»è¡¨\" ],\r\n  \"className\" : [ \"EquClass\" ],\r\n  \"functionAuthor\" : [ \"liugang\" ],\r\n  \"remark\" : [ \"\" ],\r\n  \"columns[0].columnId\" : [ \"1\" ],\r\n  \"columns[0].sort\" : [ \"1\" ],\r\n  \"columns[0].columnComment\" : [ \"ID ä¸»é”®\" ],\r\n  \"columns[0].javaType\" : [ \"Long\" ],\r\n  \"columns[0].javaField\" : [ \"classId\" ],\r\n  \"columns[0].isInsert\" : [ \"1\" ],\r\n  \"columns[0].queryType\" : [ \"EQ\" ],\r\n  \"columns[0].htmlType\" : [ \"input\" ],\r\n  \"columns[0].dictType\" : [ \"\" ],\r\n  \"columns[1].columnId\" : [ \"2\" ],\r\n  \"columns[1].sort\" : [ \"2\" ],\r\n  \"columns[1].columnComment\" : [ \"Guid guid\" ],\r\n  \"columns[1].javaType\" : [ \"String\" ],\r\n  \"columns[1].javaField\" : [ \"guid\" ],\r\n  \"columns[1].isInsert\" : [ \"1\" ],\r\n  \"columns[1].isEdit\" : [ \"1\" ],\r\n  \"columns[1].isList\" : [ \"1\" ],\r\n  \"columns[1].isQuery\" : [ \"1\" ],\r\n  \"columns[1].queryType\" : [ \"EQ\" ],\r\n  \"columns[1].isRequired\" : [ \"1\" ],\r\n  \"columns[1].htmlType\" : [ \"input\" ],\r\n  \"columns[1].dictType\" : [ \"\" ],\r\n  \"columns[2].columnId\" : [ \"3\" ],\r\n  \"columns[2].sort\" : [ \"3\" ],\r\n  \"columns[2].columnComment\" : [ \"çˆ¶çº§ID çˆ¶çº§ID\" ],\r\n  \"columns[2].javaType\" : [ \"Long\" ],\r\n  \"columns[2].javaField\" : [ \"parentId\" ],\r\n  \"columns[2].isInsert\" : [ \"1\" ],\r\n  \"columns[2].isEdit\" : [ \"1\" ],\r\n  \"columns[2].isList\" : [ \"1\" ],\r\n  \"columns[2].isQuery\" : [ \"1\" ],\r\n  \"columns[2].queryType\" : [ \"EQ\" ],\r\n  \"columns[2].isRequired\" : [ \"1\" ],\r\n  \"columns[2].htmlType\" : [ \"input\" ],\r\n  \"columns[2].dictType\" : [ \"\" ],\r\n  \"columns[3].columnId\" : [ \"4\" ],\r\n  \"columns[3].sort\" : [ \"4\" ],\r\n  \"columns[3].columnComment\" : [ \"ç¥–çº§åˆ—è¡¨ ç¥–çº§åˆ—è¡¨\" ],\r\n  \"columns[3].javaType\" : [ \"String\" ],\r\n  \"columns[3].javaField\" : [ \"ancestors\" ],\r\n  \"columns[3].isInsert\" : [ \"1\" ],\r\n  \"columns[3].isEdit\" : [ \"1\" ],\r\n  \"columns[3].isList\" : [ \"1\" ],\r\n  \"columns[3].isQuery\" : [ \"1\" ],\r\n  \"columns[3].queryType\" : [ \"EQ\" ],\r\n  \"columns[3].isRequired\" : [ \"1\" ],\r\n  \"columns[3].htmlType\" : [ \"input\" ],\r\n  \"columns[3].dictType\" : [ \"\" ],\r','{\r\n  \"msg\" : \"æ“ä½œæˆåŠŸ\",\r\n  \"code\" : 0\r\n}',0,NULL,'2020-02-11 14:39:25'),(117,'ä»£ç ç”Ÿæˆ',8,'com.ruoyi.generator.controller.GenController.genCode()','GET',1,'admin','ç ”å‘éƒ¨é—¨','/tool/gen/genCode/equ_class','127.0.0.1','å†…ç½‘IP','{ }','null',0,NULL,'2020-02-11 14:39:28'),(118,'èœå•ç®¡ç†',1,'com.ruoyi.web.controller.system.SysMenuController.addSave()','POST',1,'admin','ç ”å‘éƒ¨é—¨','/system/menu/add','127.0.0.1','å†…ç½‘IP','{\r\n  \"parentId\" : [ \"0\" ],\r\n  \"menuType\" : [ \"M\" ],\r\n  \"menuName\" : [ \"ä¸šåŠ¡ç³»ç»Ÿ\" ],\r\n  \"url\" : [ \"\" ],\r\n  \"target\" : [ \"menuItem\" ],\r\n  \"perms\" : [ \"\" ],\r\n  \"orderNum\" : [ \"4\" ],\r\n  \"icon\" : [ \"fa fa-building\" ],\r\n  \"visible\" : [ \"0\" ]\r\n}','{\r\n  \"msg\" : \"æ“ä½œæˆåŠŸ\",\r\n  \"code\" : 0\r\n}',0,NULL,'2020-02-11 15:04:03'),(119,'èœå•ç®¡ç†',2,'com.ruoyi.web.controller.system.SysMenuController.editSave()','POST',1,'admin','ç ”å‘éƒ¨é—¨','/system/menu/edit','127.0.0.1','å†…ç½‘IP','{\r\n  \"menuId\" : [ \"2006\" ],\r\n  \"parentId\" : [ \"0\" ],\r\n  \"menuType\" : [ \"M\" ],\r\n  \"menuName\" : [ \"è®¾å¤‡ç®¡ç†\" ],\r\n  \"url\" : [ \"#\" ],\r\n  \"target\" : [ \"menuItem\" ],\r\n  \"perms\" : [ \"\" ],\r\n  \"orderNum\" : [ \"4\" ],\r\n  \"icon\" : [ \"fa fa-building\" ],\r\n  \"visible\" : [ \"0\" ]\r\n}','{\r\n  \"msg\" : \"æ“ä½œæˆåŠŸ\",\r\n  \"code\" : 0\r\n}',0,NULL,'2020-02-11 15:05:35'),(120,'èœå•ç®¡ç†',2,'com.ruoyi.web.controller.system.SysMenuController.editSave()','POST',1,'admin','ç ”å‘éƒ¨é—¨','/system/menu/edit','127.0.0.1','å†…ç½‘IP','{\r\n  \"menuId\" : [ \"2006\" ],\r\n  \"parentId\" : [ \"0\" ],\r\n  \"menuType\" : [ \"M\" ],\r\n  \"menuName\" : [ \"è®¾å¤‡ç®¡ç†\" ],\r\n  \"url\" : [ \"#\" ],\r\n  \"target\" : [ \"menuItem\" ],\r\n  \"perms\" : [ \"\" ],\r\n  \"orderNum\" : [ \"4\" ],\r\n  \"icon\" : [ \"fa fa-window-maximize\" ],\r\n  \"visible\" : [ \"0\" ]\r\n}','{\r\n  \"msg\" : \"æ“ä½œæˆåŠŸ\",\r\n  \"code\" : 0\r\n}',0,NULL,'2020-02-11 15:06:10'),(121,'ç”¨æˆ·ç®¡ç†',2,'com.ruoyi.web.controller.system.SysUserController.editSave()','POST',1,'admin','ç ”å‘éƒ¨é—¨','/system/user/edit','127.0.0.1','å†…ç½‘IP','{\r\n  \"userId\" : [ \"2\" ],\r\n  \"deptId\" : [ \"101\" ],\r\n  \"userName\" : [ \"è®¾å¤‡ç®¡ç†å‘˜A\" ],\r\n  \"dept.deptName\" : [ \"è®¾å¤‡ç®¡ç†éƒ¨é—¨\" ],\r\n  \"phonenumber\" : [ \"15666666666\" ],\r\n  \"email\" : [ \"shglyya@qq.com\" ],\r\n  \"loginName\" : [ \"ry\" ],\r\n  \"sex\" : [ \"0\" ],\r\n  \"role\" : [ \"2\" ],\r\n  \"remark\" : [ \"è®¾å¤‡ç®¡ç†å‘˜A\" ],\r\n  \"status\" : [ \"0\" ],\r\n  \"roleIds\" : [ \"2\" ],\r\n  \"postIds\" : [ \"\" ]\r\n}','{\r\n  \"msg\" : \"æ“ä½œæˆåŠŸ\",\r\n  \"code\" : 0\r\n}',0,NULL,'2020-02-11 15:08:48'),(122,'è§’è‰²ç®¡ç†',4,'com.ruoyi.web.controller.system.SysRoleController.cancelAuthUser()','POST',1,'admin','ç ”å‘éƒ¨é—¨','/system/role/authUser/cancel','127.0.0.1','å†…ç½‘IP','{\r\n  \"roleId\" : [ \"2\" ],\r\n  \"userId\" : [ \"2\" ]\r\n}','{\r\n  \"msg\" : \"æ“ä½œæˆåŠŸ\",\r\n  \"code\" : 0\r\n}',0,NULL,'2020-02-11 15:10:46'),(123,'è§’è‰²ç®¡ç†',1,'com.ruoyi.web.controller.system.SysRoleController.addSave()','POST',1,'admin','ç ”å‘éƒ¨é—¨','/system/role/add','127.0.0.1','å†…ç½‘IP','{\r\n  \"roleName\" : [ \"è®¾å¤‡ç®¡ç†å‘˜\" ],\r\n  \"roleKey\" : [ \"euqadmin\" ],\r\n  \"roleSort\" : [ \"3\" ],\r\n  \"status\" : [ \"0\" ],\r\n  \"remark\" : [ \"\" ],\r\n  \"menuIds\" : [ \"\" ]\r\n}','{\r\n  \"msg\" : \"æ“ä½œæˆåŠŸ\",\r\n  \"code\" : 0\r\n}',0,NULL,'2020-02-11 15:12:26'),(124,'èœå•ç®¡ç†',3,'com.ruoyi.web.controller.system.SysMenuController.remove()','GET',1,'admin','ç ”å‘éƒ¨é—¨','/system/menu/remove/2005','127.0.0.1','å†…ç½‘IP','{ }','{\r\n  \"msg\" : \"æ“ä½œæˆåŠŸ\",\r\n  \"code\" : 0\r\n}',0,NULL,'2020-02-11 15:12:42'),(125,'è§’è‰²ç®¡ç†',4,'com.ruoyi.web.controller.system.SysRoleController.selectAuthUserAll()','POST',1,'admin','ç ”å‘éƒ¨é—¨','/system/role/authUser/selectAll','127.0.0.1','å†…ç½‘IP','{\r\n  \"roleId\" : [ \"100\" ],\r\n  \"userIds\" : [ \"2\" ]\r\n}','{\r\n  \"msg\" : \"æ“ä½œæˆåŠŸ\",\r\n  \"code\" : 0\r\n}',0,NULL,'2020-02-11 15:12:54'),(126,'è§’è‰²ç®¡ç†',2,'com.ruoyi.web.controller.system.SysRoleController.editSave()','POST',1,'admin','ç ”å‘éƒ¨é—¨','/system/role/edit','127.0.0.1','å†…ç½‘IP','{\r\n  \"roleId\" : [ \"100\" ],\r\n  \"roleName\" : [ \"è®¾å¤‡ç®¡ç†å‘˜\" ],\r\n  \"roleKey\" : [ \"euqadmin\" ],\r\n  \"roleSort\" : [ \"3\" ],\r\n  \"status\" : [ \"0\" ],\r\n  \"remark\" : [ \"\" ],\r\n  \"menuIds\" : [ \"2006,2000,2001,2002,2003,2004\" ]\r\n}','{\r\n  \"msg\" : \"æ“ä½œæˆåŠŸ\",\r\n  \"code\" : 0\r\n}',0,NULL,'2020-02-11 15:13:22'),(127,'é‡ç½®å¯†ç ',2,'com.ruoyi.web.controller.system.SysUserController.resetPwd()','GET',1,'admin','è®¾å¤‡ç®¡ç†éƒ¨é—¨','/system/user/resetPwd/2','127.0.0.1','å†…ç½‘IP','{ }','\"system/user/resetPwd\"',0,NULL,'2020-02-11 15:16:18'),(128,'é‡ç½®å¯†ç ',2,'com.ruoyi.web.controller.system.SysUserController.resetPwdSave()','POST',1,'admin','è®¾å¤‡ç®¡ç†éƒ¨é—¨','/system/user/resetPwd','127.0.0.1','å†…ç½‘IP','{\r\n  \"userId\" : [ \"2\" ],\r\n  \"loginName\" : [ \"sbglya\" ],\r\n  \"password\" : [ \"sbglya\" ]\r\n}','{\r\n  \"msg\" : \"æ“ä½œæˆåŠŸ\",\r\n  \"code\" : 0\r\n}',0,NULL,'2020-02-11 15:16:28'),(129,'ä»£ç ç”Ÿæˆ',3,'com.ruoyi.generator.controller.GenController.remove()','POST',1,'admin','è®¾å¤‡ç®¡ç†éƒ¨é—¨','/tool/gen/remove','127.0.0.1','å†…ç½‘IP','{\r\n  \"ids\" : [ \"1\" ]\r\n}','{\r\n  \"msg\" : \"æ“ä½œæˆåŠŸ\",\r\n  \"code\" : 0\r\n}',0,NULL,'2020-02-11 16:02:08'),(130,'ä»£ç ç”Ÿæˆ',6,'com.ruoyi.generator.controller.GenController.importTableSave()','POST',1,'admin','è®¾å¤‡ç®¡ç†éƒ¨é—¨','/tool/gen/importTable','127.0.0.1','å†…ç½‘IP','{\r\n  \"tables\" : [ \"equ_class\" ]\r\n}','{\r\n  \"msg\" : \"æ“ä½œæˆåŠŸ\",\r\n  \"code\" : 0\r\n}',0,NULL,'2020-02-11 16:02:18'),(131,'ä»£ç ç”Ÿæˆ',2,'com.ruoyi.generator.controller.GenController.editSave()','POST',1,'admin','è®¾å¤‡ç®¡ç†éƒ¨é—¨','/tool/gen/edit','127.0.0.1','å†…ç½‘IP','{\r\n  \"tableId\" : [ \"2\" ],\r\n  \"tableName\" : [ \"equ_class\" ],\r\n  \"tableComment\" : [ \"è®¾å¤‡åˆ†ç±»è¡¨ \" ],\r\n  \"className\" : [ \"EquClass\" ],\r\n  \"functionAuthor\" : [ \"ruoyi\" ],\r\n  \"remark\" : [ \"\" ],\r\n  \"columns[0].columnId\" : [ \"13\" ],\r\n  \"columns[0].sort\" : [ \"1\" ],\r\n  \"columns[0].columnComment\" : [ \"ID ä¸»é”®\" ],\r\n  \"columns[0].javaType\" : [ \"Long\" ],\r\n  \"columns[0].javaField\" : [ \"classId\" ],\r\n  \"columns[0].isInsert\" : [ \"1\" ],\r\n  \"columns[0].queryType\" : [ \"EQ\" ],\r\n  \"columns[0].htmlType\" : [ \"input\" ],\r\n  \"columns[0].dictType\" : [ \"\" ],\r\n  \"columns[1].columnId\" : [ \"14\" ],\r\n  \"columns[1].sort\" : [ \"2\" ],\r\n  \"columns[1].columnComment\" : [ \"Guid\" ],\r\n  \"columns[1].javaType\" : [ \"String\" ],\r\n  \"columns[1].javaField\" : [ \"classGuid\" ],\r\n  \"columns[1].isInsert\" : [ \"1\" ],\r\n  \"columns[1].isEdit\" : [ \"1\" ],\r\n  \"columns[1].isList\" : [ \"1\" ],\r\n  \"columns[1].isQuery\" : [ \"1\" ],\r\n  \"columns[1].queryType\" : [ \"EQ\" ],\r\n  \"columns[1].isRequired\" : [ \"1\" ],\r\n  \"columns[1].htmlType\" : [ \"input\" ],\r\n  \"columns[1].dictType\" : [ \"\" ],\r\n  \"columns[2].columnId\" : [ \"15\" ],\r\n  \"columns[2].sort\" : [ \"3\" ],\r\n  \"columns[2].columnComment\" : [ \"çˆ¶çº§ID\" ],\r\n  \"columns[2].javaType\" : [ \"Long\" ],\r\n  \"columns[2].javaField\" : [ \"parentId\" ],\r\n  \"columns[2].isInsert\" : [ \"1\" ],\r\n  \"columns[2].isEdit\" : [ \"1\" ],\r\n  \"columns[2].isList\" : [ \"1\" ],\r\n  \"columns[2].isQuery\" : [ \"1\" ],\r\n  \"columns[2].queryType\" : [ \"EQ\" ],\r\n  \"columns[2].isRequired\" : [ \"1\" ],\r\n  \"columns[2].htmlType\" : [ \"input\" ],\r\n  \"columns[2].dictType\" : [ \"\" ],\r\n  \"columns[3].columnId\" : [ \"16\" ],\r\n  \"columns[3].sort\" : [ \"4\" ],\r\n  \"columns[3].columnComment\" : [ \"ç¥–çº§åˆ—è¡¨\" ],\r\n  \"columns[3].javaType\" : [ \"String\" ],\r\n  \"columns[3].javaField\" : [ \"ancestors\" ],\r\n  \"columns[3].isInsert\" : [ \"1\" ],\r\n  \"columns[3].isEdit\" : [ \"1\" ],\r\n  \"columns[3].isList\" : [ \"1\" ],\r\n  \"columns[3].isQuery\" : [ \"1\" ],\r\n  \"columns[3].queryType\" : [ \"EQ\" ],\r\n  \"columns[3].isRequired\" : [ \"1\" ],\r\n  \"columns[3].htmlType\" : [ \"input\" ],\r\n  \"columns[3].dictType\" : [ \"\" ],\r\n  \"col','{\r\n  \"msg\" : \"æ“ä½œæˆåŠŸ\",\r\n  \"code\" : 0\r\n}',0,NULL,'2020-02-11 16:03:38'),(132,'ä»£ç ç”Ÿæˆ',8,'com.ruoyi.generator.controller.GenController.genCode()','GET',1,'admin','è®¾å¤‡ç®¡ç†éƒ¨é—¨','/tool/gen/genCode/equ_class','127.0.0.1','å†…ç½‘IP','{ }','null',0,NULL,'2020-02-11 16:04:27'),(133,'è®¾å¤‡åˆ†ç±»',1,'com.ruoyi.web.controller.system.EquClassController.addSave()','POST',1,'admin','è®¾å¤‡ç®¡ç†éƒ¨é—¨','/system/equclass/add','127.0.0.1','å†…ç½‘IP','{\r\n  \"parentId\" : [ \"1\" ],\r\n  \"className\" : [ \"æœºç”µè¿è¡Œè®¾å¤‡\" ],\r\n  \"orderNum\" : [ \"0\" ],\r\n  \"remark\" : [ \"\" ]\r\n}','null',1,'\r\n### Error updating database.  Cause: java.sql.SQLException: Field \'class_guid\' doesn\'t have a default value\r\n### The error may involve com.ruoyi.system.mapper.EquClassMapper.insertEquClass-Inline\r\n### The error occurred while setting parameters\r\n### SQL: insert into equ_class          ( parent_id,                          class_name,             order_num,                                                    create_time )           values ( ?,                          ?,             ?,                                                    ? )\r\n### Cause: java.sql.SQLException: Field \'class_guid\' doesn\'t have a default value\n; Field \'class_guid\' doesn\'t have a default value; nested exception is java.sql.SQLException: Field \'class_guid\' doesn\'t have a default value','2020-02-11 19:16:23'),(134,'è®¾å¤‡åˆ†ç±»ç®¡ç†',2,'com.ruoyi.web.controller.system.EquClassController.changeStatus()','POST',1,'admin','è®¾å¤‡ç®¡ç†éƒ¨é—¨','/system/equclass/changeStatus','127.0.0.1','å†…ç½‘IP','{\r\n  \"classId\" : [ \"1\" ],\r\n  \"status\" : [ \"1\" ]\r\n}','{\r\n  \"msg\" : \"æ“ä½œæˆåŠŸ\",\r\n  \"code\" : 0\r\n}',0,NULL,'2020-02-12 13:48:15'),(135,'è®¾å¤‡åˆ†ç±»ç®¡ç†',2,'com.ruoyi.web.controller.system.EquClassController.changeStatus()','POST',1,'admin','è®¾å¤‡ç®¡ç†éƒ¨é—¨','/system/equclass/changeStatus','127.0.0.1','å†…ç½‘IP','{\r\n  \"classId\" : [ \"1\" ],\r\n  \"status\" : [ \"0\" ]\r\n}','{\r\n  \"msg\" : \"æ“ä½œæˆåŠŸ\",\r\n  \"code\" : 0\r\n}',0,NULL,'2020-02-12 13:48:28'),(136,'ä»£ç ç”Ÿæˆ',3,'com.ruoyi.generator.controller.GenController.remove()','POST',1,'admin','è®¾å¤‡ç®¡ç†éƒ¨é—¨','/tool/gen/remove','127.0.0.1','å†…ç½‘IP','{\r\n  \"ids\" : [ \"2\" ]\r\n}','{\r\n  \"msg\" : \"æ“ä½œæˆåŠŸ\",\r\n  \"code\" : 0\r\n}',0,NULL,'2020-02-12 14:20:09'),(137,'ä»£ç ç”Ÿæˆ',6,'com.ruoyi.generator.controller.GenController.importTableSave()','POST',1,'admin','è®¾å¤‡ç®¡ç†éƒ¨é—¨','/tool/gen/importTable','127.0.0.1','å†…ç½‘IP','{\r\n  \"tables\" : [ \"equ_class\" ]\r\n}','{\r\n  \"msg\" : \"æ“ä½œæˆåŠŸ\",\r\n  \"code\" : 0\r\n}',0,NULL,'2020-02-12 14:20:25'),(138,'ä»£ç ç”Ÿæˆ',3,'com.ruoyi.generator.controller.GenController.remove()','POST',1,'admin','è®¾å¤‡ç®¡ç†éƒ¨é—¨','/tool/gen/remove','127.0.0.1','å†…ç½‘IP','{\r\n  \"ids\" : [ \"3\" ]\r\n}','{\r\n  \"msg\" : \"æ“ä½œæˆåŠŸ\",\r\n  \"code\" : 0\r\n}',0,NULL,'2020-02-12 14:20:59'),(139,'ä»£ç ç”Ÿæˆ',6,'com.ruoyi.generator.controller.GenController.importTableSave()','POST',1,'admin','è®¾å¤‡ç®¡ç†éƒ¨é—¨','/tool/gen/importTable','127.0.0.1','å†…ç½‘IP','{\r\n  \"tables\" : [ \"equ_class\" ]\r\n}','{\r\n  \"msg\" : \"æ“ä½œæˆåŠŸ\",\r\n  \"code\" : 0\r\n}',0,NULL,'2020-02-12 14:21:40'),(140,'ä»£ç ç”Ÿæˆ',2,'com.ruoyi.generator.controller.GenController.editSave()','POST',1,'admin','è®¾å¤‡ç®¡ç†éƒ¨é—¨','/tool/gen/edit','127.0.0.1','å†…ç½‘IP','{\r\n  \"tableId\" : [ \"4\" ],\r\n  \"tableName\" : [ \"equ_class\" ],\r\n  \"tableComment\" : [ \"è®¾å¤‡åˆ†ç±»è¡¨ \" ],\r\n  \"className\" : [ \"EquClass\" ],\r\n  \"functionAuthor\" : [ \"ruoyi\" ],\r\n  \"remark\" : [ \"\" ],\r\n  \"columns[0].columnId\" : [ \"39\" ],\r\n  \"columns[0].sort\" : [ \"1\" ],\r\n  \"columns[0].columnComment\" : [ \"ID ä¸»é”®\" ],\r\n  \"columns[0].javaType\" : [ \"Long\" ],\r\n  \"columns[0].javaField\" : [ \"classId\" ],\r\n  \"columns[0].isInsert\" : [ \"1\" ],\r\n  \"columns[0].queryType\" : [ \"EQ\" ],\r\n  \"columns[0].htmlType\" : [ \"input\" ],\r\n  \"columns[0].dictType\" : [ \"\" ],\r\n  \"columns[1].columnId\" : [ \"40\" ],\r\n  \"columns[1].sort\" : [ \"2\" ],\r\n  \"columns[1].columnComment\" : [ \"Guid\" ],\r\n  \"columns[1].javaType\" : [ \"String\" ],\r\n  \"columns[1].javaField\" : [ \"classGuid\" ],\r\n  \"columns[1].isInsert\" : [ \"1\" ],\r\n  \"columns[1].isEdit\" : [ \"1\" ],\r\n  \"columns[1].isList\" : [ \"1\" ],\r\n  \"columns[1].isQuery\" : [ \"1\" ],\r\n  \"columns[1].queryType\" : [ \"EQ\" ],\r\n  \"columns[1].htmlType\" : [ \"input\" ],\r\n  \"columns[1].dictType\" : [ \"\" ],\r\n  \"columns[2].columnId\" : [ \"41\" ],\r\n  \"columns[2].sort\" : [ \"3\" ],\r\n  \"columns[2].columnComment\" : [ \"çˆ¶çº§ID\" ],\r\n  \"columns[2].javaType\" : [ \"Long\" ],\r\n  \"columns[2].javaField\" : [ \"parentId\" ],\r\n  \"columns[2].isInsert\" : [ \"1\" ],\r\n  \"columns[2].isEdit\" : [ \"1\" ],\r\n  \"columns[2].isList\" : [ \"1\" ],\r\n  \"columns[2].isQuery\" : [ \"1\" ],\r\n  \"columns[2].queryType\" : [ \"EQ\" ],\r\n  \"columns[2].htmlType\" : [ \"input\" ],\r\n  \"columns[2].dictType\" : [ \"\" ],\r\n  \"columns[3].columnId\" : [ \"42\" ],\r\n  \"columns[3].sort\" : [ \"4\" ],\r\n  \"columns[3].columnComment\" : [ \"ç¥–çº§åˆ—è¡¨\" ],\r\n  \"columns[3].javaType\" : [ \"String\" ],\r\n  \"columns[3].javaField\" : [ \"ancestors\" ],\r\n  \"columns[3].isInsert\" : [ \"1\" ],\r\n  \"columns[3].isEdit\" : [ \"1\" ],\r\n  \"columns[3].isList\" : [ \"1\" ],\r\n  \"columns[3].isQuery\" : [ \"1\" ],\r\n  \"columns[3].queryType\" : [ \"EQ\" ],\r\n  \"columns[3].htmlType\" : [ \"input\" ],\r\n  \"columns[3].dictType\" : [ \"\" ],\r\n  \"columns[4].columnId\" : [ \"43\" ],\r\n  \"columns[4].sort\" : [ \"5\" ],\r\n  \"columns[4].columnComment\" : [ \"è®¾å¤‡åˆ†ç±»åç§°\" ],\r\n  \"co','{\r\n  \"msg\" : \"æ“ä½œæˆåŠŸ\",\r\n  \"code\" : 0\r\n}',0,NULL,'2020-02-12 14:22:18'),(141,'ä»£ç ç”Ÿæˆ',8,'com.ruoyi.generator.controller.GenController.genCode()','GET',1,'admin','è®¾å¤‡ç®¡ç†éƒ¨é—¨','/tool/gen/genCode/equ_class','127.0.0.1','å†…ç½‘IP','{ }','null',0,NULL,'2020-02-12 14:22:22'),(142,'è®¾å¤‡åˆ†ç±»',1,'com.ruoyi.web.controller.system.EquClassController.addSave()','POST',1,'admin','è®¾å¤‡ç®¡ç†éƒ¨é—¨','/system/equclass/add','127.0.0.1','å†…ç½‘IP','{\r\n  \"parentId\" : [ \"1\" ],\r\n  \"className\" : [ \"æœºç”µè¿è¡Œè®¾å¤‡\" ],\r\n  \"orderNum\" : [ \"0\" ],\r\n  \"remark\" : [ \"\" ]\r\n}','null',1,'\r\n### Error updating database.  Cause: com.mysql.cj.jdbc.exceptions.MysqlDataTruncation: Data truncation: Data too long for column \'class_guid\' at row 1\r\n### The error may involve com.ruoyi.system.mapper.EquClassMapper.insertEquClass-Inline\r\n### The error occurred while setting parameters\r\n### SQL: insert into equ_class          ( class_guid,             parent_id,                          class_name,             order_num,                                                                 create_time )           values ( ?,             ?,                          ?,             ?,                                                                 ? )\r\n### Cause: com.mysql.cj.jdbc.exceptions.MysqlDataTruncation: Data truncation: Data too long for column \'class_guid\' at row 1\n; Data truncation: Data too long for column \'class_guid\' at row 1; nested exception is com.mysql.cj.jdbc.exceptions.MysqlDataTruncation: Data truncation: Data too long for column \'class_guid\' at row 1','2020-02-12 14:27:21'),(143,'è®¾å¤‡åˆ†ç±»',1,'com.ruoyi.web.controller.system.EquClassController.addSave()','POST',1,'admin','è®¾å¤‡ç®¡ç†éƒ¨é—¨','/system/equclass/add','127.0.0.1','å†…ç½‘IP','{\r\n  \"parentId\" : [ \"1\" ],\r\n  \"className\" : [ \"æœºç”µè¿è¡Œè®¾å¤‡\" ],\r\n  \"orderNum\" : [ \"0\" ],\r\n  \"remark\" : [ \"\" ]\r\n}','null',1,'\r\n### Error updating database.  Cause: com.mysql.cj.jdbc.exceptions.MysqlDataTruncation: Data truncation: Data too long for column \'class_guid\' at row 1\r\n### The error may involve com.ruoyi.system.mapper.EquClassMapper.insertEquClass-Inline\r\n### The error occurred while setting parameters\r\n### SQL: insert into equ_class          ( class_guid,             parent_id,                          class_name,             order_num,                                                                 create_time )           values ( ?,             ?,                          ?,             ?,                                                                 ? )\r\n### Cause: com.mysql.cj.jdbc.exceptions.MysqlDataTruncation: Data truncation: Data too long for column \'class_guid\' at row 1\n; Data truncation: Data too long for column \'class_guid\' at row 1; nested exception is com.mysql.cj.jdbc.exceptions.MysqlDataTruncation: Data truncation: Data too long for column \'class_guid\' at row 1','2020-02-12 14:35:02'),(144,'è®¾å¤‡åˆ†ç±»',1,'com.ruoyi.web.controller.system.EquClassController.addSave()','POST',1,'admin','è®¾å¤‡ç®¡ç†éƒ¨é—¨','/system/equclass/add','127.0.0.1','å†…ç½‘IP','{\r\n  \"parentId\" : [ \"1\" ],\r\n  \"className\" : [ \"æœºç”µè¿è¡Œè®¾å¤‡\" ],\r\n  \"orderNum\" : [ \"0\" ],\r\n  \"remark\" : [ \"\" ]\r\n}','{\r\n  \"msg\" : \"æ“ä½œæˆåŠŸ\",\r\n  \"code\" : 0\r\n}',0,NULL,'2020-02-12 14:42:23'),(145,'è®¾å¤‡åˆ†ç±»',1,'com.ruoyi.web.controller.system.EquClassController.addSave()','POST',1,'admin','è®¾å¤‡ç®¡ç†éƒ¨é—¨','/system/equclass/add','127.0.0.1','å†…ç½‘IP','{\r\n  \"parentId\" : [ \"1\" ],\r\n  \"className\" : [ \"è¡Œæ”¿èµ„äº§è®¾å¤‡\" ],\r\n  \"orderNum\" : [ \"1\" ],\r\n  \"remark\" : [ \"\" ]\r\n}','null',1,'\r\n### Error querying database.  Cause: java.sql.SQLSyntaxErrorException: You have an error in your SQL syntax; check the manual that corresponds to your MySQL server version for the right syntax to use near \'== \'0\'\' at line 3\r\n### The error may exist in file [D:\\Program Files (x86)\\Project\\RuoYi\\ruoyi-system\\target\\classes\\mapper\\system\\EquClassMapper.xml]\r\n### The error may involve defaultParameterMap\r\n### The error occurred while setting parameters\r\n### SQL: select class_id, class_guid, parent_id, ancestors, class_name, order_num, status, remark, del_flag, create_by, create_time, update_by, update_time from equ_class         where class_name=? and parent_id = ? and del_flag == \'0\'\r\n### Cause: java.sql.SQLSyntaxErrorException: You have an error in your SQL syntax; check the manual that corresponds to your MySQL server version for the right syntax to use near \'== \'0\'\' at line 3\n; bad SQL grammar []; nested exception is java.sql.SQLSyntaxErrorException: You have an error in your SQL syntax; check the manual that corresponds to your MySQL server version for the right syntax to use near \'== \'0\'\' at line 3','2020-02-12 15:27:12'),(146,'è®¾å¤‡åˆ†ç±»',1,'com.ruoyi.web.controller.system.EquClassController.addSave()','POST',1,'admin','è®¾å¤‡ç®¡ç†éƒ¨é—¨','/system/equclass/add','127.0.0.1','å†…ç½‘IP','{\r\n  \"parentId\" : [ \"1\" ],\r\n  \"className\" : [ \"è¡Œæ”¿èµ„äº§è®¾å¤‡\" ],\r\n  \"orderNum\" : [ \"1\" ],\r\n  \"remark\" : [ \"\" ]\r\n}','{\r\n  \"msg\" : \"æ“ä½œæˆåŠŸ\",\r\n  \"code\" : 0\r\n}',0,NULL,'2020-02-12 15:29:51'),(147,'éƒ¨é—¨ç®¡ç†',1,'com.ruoyi.web.controller.system.SysDeptController.addSave()','POST',1,'admin','è®¾å¤‡ç®¡ç†éƒ¨é—¨','/system/dept/add','127.0.0.1','å†…ç½‘IP','{\r\n  \"parentId\" : [ \"100\" ],\r\n  \"deptName\" : [ \"åˆåŒç®¡ç†éƒ¨é—¨\" ],\r\n  \"orderNum\" : [ \"2\" ],\r\n  \"leader\" : [ \"\" ],\r\n  \"phone\" : [ \"\" ],\r\n  \"email\" : [ \"\" ],\r\n  \"status\" : [ \"0\" ]\r\n}','{\r\n  \"msg\" : \"æ“ä½œæˆåŠŸ\",\r\n  \"code\" : 0\r\n}',0,NULL,'2020-02-12 15:33:14'),(148,'è®¾å¤‡åˆ†ç±»',1,'com.ruoyi.web.controller.system.EquClassController.addSave()','POST',1,'admin','è®¾å¤‡ç®¡ç†éƒ¨é—¨','/system/equclass/add','127.0.0.1','å†…ç½‘IP','{\r\n  \"parentId\" : [ \"1\" ],\r\n  \"className\" : [ \"æœºç”µè¿è¡Œè®¾å¤‡\" ],\r\n  \"orderNum\" : [ \"3\" ],\r\n  \"remark\" : [ \"\" ]\r\n}','{\r\n  \"msg\" : \"æ–°å¢è®¾å¤‡åˆ†ç±»\'æœºç”µè¿è¡Œè®¾å¤‡\'å¤±è´¥ï¼Œåç§°å·²å­˜åœ¨\",\r\n  \"code\" : 500\r\n}',0,NULL,'2020-02-12 15:55:12'),(149,'è®¾å¤‡åˆ†ç±»',2,'com.ruoyi.web.controller.system.EquClassController.editSave()','POST',1,'admin','è®¾å¤‡ç®¡ç†éƒ¨é—¨','/system/equclass/edit','127.0.0.1','å†…ç½‘IP','{\r\n  \"classId\" : [ \"2\" ],\r\n  \"parentId\" : [ \"1\" ],\r\n  \"parentName\" : [ \"è®¾å¤‡åˆ†ç±»\" ],\r\n  \"className\" : [ \"æœºç”µè¿è¡Œè®¾å¤‡\" ],\r\n  \"orderNum\" : [ \"1\" ],\r\n  \"remark\" : [ \"\" ]\r\n}','{\r\n  \"msg\" : \"æ“ä½œæˆåŠŸ\",\r\n  \"code\" : 0\r\n}',0,NULL,'2020-02-12 15:57:52'),(150,'è®¾å¤‡åˆ†ç±»',2,'com.ruoyi.web.controller.system.EquClassController.editSave()','POST',1,'admin','è®¾å¤‡ç®¡ç†éƒ¨é—¨','/system/equclass/edit','127.0.0.1','å†…ç½‘IP','{\r\n  \"classId\" : [ \"3\" ],\r\n  \"parentId\" : [ \"1\" ],\r\n  \"parentName\" : [ \"è®¾å¤‡åˆ†ç±»\" ],\r\n  \"className\" : [ \"è¡Œæ”¿èµ„äº§è®¾å¤‡\" ],\r\n  \"orderNum\" : [ \"2\" ],\r\n  \"remark\" : [ \"\" ]\r\n}','{\r\n  \"msg\" : \"æ“ä½œæˆåŠŸ\",\r\n  \"code\" : 0\r\n}',0,NULL,'2020-02-12 15:57:58'),(151,'è®¾å¤‡åˆ†ç±»',2,'com.ruoyi.web.controller.system.EquClassController.editSave()','POST',1,'admin','è®¾å¤‡ç®¡ç†éƒ¨é—¨','/system/equclass/edit','127.0.0.1','å†…ç½‘IP','{\r\n  \"classId\" : [ \"2\" ],\r\n  \"parentId\" : [ \"2\" ],\r\n  \"parentName\" : [ \"æœºç”µè¿è¡Œè®¾å¤‡\" ],\r\n  \"className\" : [ \"æœºç”µè¿è¡Œè®¾å¤‡\" ],\r\n  \"orderNum\" : [ \"1\" ],\r\n  \"remark\" : [ \"\" ]\r\n}','{\r\n  \"msg\" : \"ä¿®æ”¹è®¾å¤‡åˆ†ç±»\'æœºç”µè¿è¡Œè®¾å¤‡\'å¤±è´¥ï¼Œåç§°å·²å­˜åœ¨\",\r\n  \"code\" : 500\r\n}',0,NULL,'2020-02-12 16:06:52'),(152,'è®¾å¤‡åˆ†ç±»',2,'com.ruoyi.web.controller.system.EquClassController.editSave()','POST',1,'admin','è®¾å¤‡ç®¡ç†éƒ¨é—¨','/system/equclass/edit','127.0.0.1','å†…ç½‘IP','{\r\n  \"classId\" : [ \"2\" ],\r\n  \"parentId\" : [ \"2\" ],\r\n  \"parentName\" : [ \"æœºç”µè¿è¡Œè®¾å¤‡\" ],\r\n  \"className\" : [ \"æœºç”µè¿è¡Œè®¾å¤‡\" ],\r\n  \"orderNum\" : [ \"1\" ],\r\n  \"remark\" : [ \"\" ]\r\n}','{\r\n  \"msg\" : \"ä¿®æ”¹éƒ¨é—¨\'æœºç”µè¿è¡Œè®¾å¤‡\'å¤±è´¥ï¼Œä¸Šçº§åˆ†ç±»ä¸èƒ½æ˜¯è‡ªå·±\",\r\n  \"code\" : 500\r\n}',0,NULL,'2020-02-12 16:11:32'),(153,'è®¾å¤‡åˆ†ç±»',2,'com.ruoyi.web.controller.system.EquClassController.editSave()','POST',1,'admin','è®¾å¤‡ç®¡ç†éƒ¨é—¨','/system/equclass/edit','127.0.0.1','å†…ç½‘IP','{\r\n  \"classId\" : [ \"2\" ],\r\n  \"parentId\" : [ \"1\" ],\r\n  \"parentName\" : [ \"è®¾å¤‡åˆ†ç±»\" ],\r\n  \"className\" : [ \"æœºç”µè¿è¡Œè®¾å¤‡\" ],\r\n  \"orderNum\" : [ \"1\" ],\r\n  \"remark\" : [ \"\" ]\r\n}','{\r\n  \"msg\" : \"æ“ä½œæˆåŠŸ\",\r\n  \"code\" : 0\r\n}',0,NULL,'2020-02-12 16:12:01'),(154,'è®¾å¤‡åˆ†ç±»',3,'com.ruoyi.web.controller.system.EquClassController.remove()','GET',1,'admin','è®¾å¤‡ç®¡ç†éƒ¨é—¨','/system/equclass/remove/3','127.0.0.1','å†…ç½‘IP','{ }','{\r\n  \"msg\" : \"æ“ä½œæˆåŠŸ\",\r\n  \"code\" : 0\r\n}',0,NULL,'2020-02-12 16:28:03'),(155,'è®¾å¤‡åˆ†ç±»',3,'com.ruoyi.web.controller.system.EquClassController.remove()','GET',1,'admin','è®¾å¤‡ç®¡ç†éƒ¨é—¨','/system/equclass/remove/2','127.0.0.1','å†…ç½‘IP','{ }','{\r\n  \"msg\" : \"æ“ä½œæˆåŠŸ\",\r\n  \"code\" : 0\r\n}',0,NULL,'2020-02-12 16:28:07'),(156,'è®¾å¤‡åˆ†ç±»',1,'com.ruoyi.web.controller.system.EquClassController.addSave()','POST',1,'admin','è®¾å¤‡ç®¡ç†éƒ¨é—¨','/system/equclass/add','127.0.0.1','å†…ç½‘IP','{\r\n  \"parentId\" : [ \"1\" ],\r\n  \"className\" : [ \"æœºç”µè¿è¡Œè®¾å¤‡\" ],\r\n  \"orderNum\" : [ \"1\" ],\r\n  \"remark\" : [ \"\" ]\r\n}','{\r\n  \"msg\" : \"æ“ä½œæˆåŠŸ\",\r\n  \"code\" : 0\r\n}',0,NULL,'2020-02-12 16:45:50'),(157,'è®¾å¤‡åˆ†ç±»',2,'com.ruoyi.web.controller.system.EquClassController.editSave()','POST',1,'admin','è®¾å¤‡ç®¡ç†éƒ¨é—¨','/system/equclass/edit','127.0.0.1','å†…ç½‘IP','{\r\n  \"classId\" : [ \"4\" ],\r\n  \"parentId\" : [ \"1\" ],\r\n  \"parentName\" : [ \"è®¾å¤‡åˆ†ç±»\" ],\r\n  \"className\" : [ \"æœºç”µè¿è¡Œè®¾å¤‡\" ],\r\n  \"orderNum\" : [ \"1\" ],\r\n  \"remark\" : [ \"\" ]\r\n}','{\r\n  \"msg\" : \"æ“ä½œæˆåŠŸ\",\r\n  \"code\" : 0\r\n}',0,NULL,'2020-02-12 16:46:10'),(158,'è®¾å¤‡åˆ†ç±»',3,'com.ruoyi.web.controller.system.EquClassController.remove()','GET',1,'admin','è®¾å¤‡ç®¡ç†éƒ¨é—¨','/system/equclass/remove/4','127.0.0.1','å†…ç½‘IP','{ }','{\r\n  \"msg\" : \"æ“ä½œæˆåŠŸ\",\r\n  \"code\" : 0\r\n}',0,NULL,'2020-02-12 16:46:25'),(159,'è®¾å¤‡åˆ†ç±»',1,'com.ruoyi.web.controller.system.EquClassController.addSave()','POST',1,'admin','è®¾å¤‡ç®¡ç†éƒ¨é—¨','/system/equclass/add','127.0.0.1','å†…ç½‘IP','{\r\n  \"parentId\" : [ \"1\" ],\r\n  \"className\" : [ \"æœºç”µè¿è¡Œè®¾å¤‡\" ],\r\n  \"orderNum\" : [ \"1\" ],\r\n  \"remark\" : [ \"\" ]\r\n}','{\r\n  \"msg\" : \"æ“ä½œæˆåŠŸ\",\r\n  \"code\" : 0\r\n}',0,NULL,'2020-02-12 16:46:51'),(160,'è®¾å¤‡åˆ†ç±»',2,'com.ruoyi.web.controller.system.EquClassController.editSave()','POST',1,'admin','è®¾å¤‡ç®¡ç†éƒ¨é—¨','/system/equclass/edit','127.0.0.1','å†…ç½‘IP','{\r\n  \"classId\" : [ \"5\" ],\r\n  \"parentId\" : [ \"1\" ],\r\n  \"parentName\" : [ \"è®¾å¤‡åˆ†ç±»\" ],\r\n  \"className\" : [ \"æœºç”µè¿è¡Œè®¾å¤‡\" ],\r\n  \"orderNum\" : [ \"1\" ],\r\n  \"remark\" : [ \"\" ]\r\n}','{\r\n  \"msg\" : \"æ“ä½œæˆåŠŸ\",\r\n  \"code\" : 0\r\n}',0,NULL,'2020-02-12 17:04:25'),(161,'è®¾å¤‡åˆ†ç±»',2,'com.ruoyi.web.controller.system.EquClassController.editSave()','POST',1,'admin','è®¾å¤‡ç®¡ç†éƒ¨é—¨','/system/equclass/edit','127.0.0.1','å†…ç½‘IP','{\r\n  \"classId\" : [ \"5\" ],\r\n  \"parentId\" : [ \"1\" ],\r\n  \"parentName\" : [ \"è®¾å¤‡åˆ†ç±»\" ],\r\n  \"className\" : [ \"æœºç”µè¿è¡Œè®¾å¤‡\" ],\r\n  \"orderNum\" : [ \"1\" ],\r\n  \"remark\" : [ \"\" ],\r\n  \"status\" : [ \"1\" ]\r\n}','{\r\n  \"msg\" : \"æ“ä½œæˆåŠŸ\",\r\n  \"code\" : 0\r\n}',0,NULL,'2020-02-12 17:10:40'),(162,'è®¾å¤‡åˆ†ç±»ç®¡ç†',2,'com.ruoyi.web.controller.system.EquClassController.changeStatus()','POST',1,'admin','è®¾å¤‡ç®¡ç†éƒ¨é—¨','/system/equclass/changeStatus','127.0.0.1','å†…ç½‘IP','{\r\n  \"classId\" : [ \"5\" ],\r\n  \"status\" : [ \"0\" ]\r\n}','{\r\n  \"msg\" : \"æ“ä½œæˆåŠŸ\",\r\n  \"code\" : 0\r\n}',0,NULL,'2020-02-12 17:10:43'),(163,'è®¾å¤‡åˆ†ç±»',1,'com.ruoyi.web.controller.system.EquClassController.addSave()','POST',1,'admin','è®¾å¤‡ç®¡ç†éƒ¨é—¨','/system/equclass/add','127.0.0.1','å†…ç½‘IP','{\r\n  \"parentId\" : [ \"1\" ],\r\n  \"className\" : [ \"è¡Œæ”¿èµ„äº§è®¾å¤‡\" ],\r\n  \"orderNum\" : [ \"2\" ],\r\n  \"remark\" : [ \"\" ],\r\n  \"status\" : [ \"0\" ]\r\n}','{\r\n  \"msg\" : \"æ“ä½œæˆåŠŸ\",\r\n  \"code\" : 0\r\n}',0,NULL,'2020-02-12 17:24:16'),(164,'è®¾å¤‡åˆ†ç±»ç®¡ç†',2,'com.ruoyi.web.controller.system.EquClassController.changeStatus()','POST',1,'admin','è®¾å¤‡ç®¡ç†éƒ¨é—¨','/system/equclass/changeStatus','127.0.0.1','å†…ç½‘IP','{\r\n  \"classId\" : [ \"1\" ],\r\n  \"status\" : [ \"1\" ]\r\n}','{\r\n  \"msg\" : \"æ“ä½œæˆåŠŸ\",\r\n  \"code\" : 0\r\n}',0,NULL,'2020-02-12 19:08:43'),(165,'è®¾å¤‡åˆ†ç±»ç®¡ç†',2,'com.ruoyi.web.controller.system.EquClassController.changeStatus()','POST',1,'admin','è®¾å¤‡ç®¡ç†éƒ¨é—¨','/system/equclass/changeStatus','127.0.0.1','å†…ç½‘IP','{\r\n  \"classId\" : [ \"1\" ],\r\n  \"status\" : [ \"0\" ]\r\n}','{\r\n  \"msg\" : \"æ“ä½œæˆåŠŸ\",\r\n  \"code\" : 0\r\n}',0,NULL,'2020-02-12 19:08:46'),(166,'è®¾å¤‡åˆ†ç±»ç®¡ç†',2,'com.ruoyi.web.controller.system.EquClassController.changeStatus()','POST',1,'admin','è®¾å¤‡ç®¡ç†éƒ¨é—¨','/system/equclass/changeStatus','127.0.0.1','å†…ç½‘IP','{\r\n  \"classId\" : [ \"5\" ],\r\n  \"status\" : [ \"1\" ]\r\n}','{\r\n  \"msg\" : \"æ“ä½œæˆåŠŸ\",\r\n  \"code\" : 0\r\n}',0,NULL,'2020-02-12 19:31:29'),(167,'è®¾å¤‡åˆ†ç±»ç®¡ç†',2,'com.ruoyi.web.controller.system.EquClassController.changeStatus()','POST',1,'admin','è®¾å¤‡ç®¡ç†éƒ¨é—¨','/system/equclass/changeStatus','127.0.0.1','å†…ç½‘IP','{\r\n  \"classId\" : [ \"5\" ],\r\n  \"status\" : [ \"0\" ]\r\n}','{\r\n  \"msg\" : \"æ“ä½œæˆåŠŸ\",\r\n  \"code\" : 0\r\n}',0,NULL,'2020-02-12 19:31:32'),(168,'è®¾å¤‡åˆ†ç±»ç®¡ç†',2,'com.ruoyi.web.controller.system.EquClassController.changeStatus()','POST',1,'admin','è®¾å¤‡ç®¡ç†éƒ¨é—¨','/system/equclass/changeStatus','127.0.0.1','å†…ç½‘IP','{\r\n  \"classId\" : [ \"5\" ],\r\n  \"status\" : [ \"1\" ]\r\n}','{\r\n  \"msg\" : \"æ“ä½œæˆåŠŸ\",\r\n  \"code\" : 0\r\n}',0,NULL,'2020-02-12 19:31:36'),(169,'è®¾å¤‡åˆ†ç±»ç®¡ç†',2,'com.ruoyi.web.controller.system.EquClassController.changeStatus()','POST',1,'admin','è®¾å¤‡ç®¡ç†éƒ¨é—¨','/system/equclass/changeStatus','127.0.0.1','å†…ç½‘IP','{\r\n  \"classId\" : [ \"5\" ],\r\n  \"status\" : [ \"0\" ]\r\n}','{\r\n  \"msg\" : \"æ“ä½œæˆåŠŸ\",\r\n  \"code\" : 0\r\n}',0,NULL,'2020-02-12 19:32:03'),(170,'ç”¨æˆ·ç®¡ç†',2,'com.ruoyi.web.controller.system.SysUserController.changeStatus()','POST',1,'admin','è®¾å¤‡ç®¡ç†éƒ¨é—¨','/system/user/changeStatus','127.0.0.1','å†…ç½‘IP','{\r\n  \"userId\" : [ \"2\" ],\r\n  \"status\" : [ \"1\" ]\r\n}','{\r\n  \"msg\" : \"æ“ä½œæˆåŠŸ\",\r\n  \"code\" : 0\r\n}',0,NULL,'2020-02-12 19:32:09'),(171,'ç”¨æˆ·ç®¡ç†',2,'com.ruoyi.web.controller.system.SysUserController.editSave()','POST',1,'admin','è®¾å¤‡ç®¡ç†éƒ¨é—¨','/system/user/edit','127.0.0.1','å†…ç½‘IP','{\r\n  \"userId\" : [ \"2\" ],\r\n  \"deptId\" : [ \"101\" ],\r\n  \"userName\" : [ \"è®¾å¤‡ç®¡ç†å‘˜A\" ],\r\n  \"dept.deptName\" : [ \"è®¾å¤‡ç®¡ç†éƒ¨é—¨\" ],\r\n  \"phonenumber\" : [ \"15222222222\" ],\r\n  \"email\" : [ \"sbglya@qq.com\" ],\r\n  \"loginName\" : [ \"sbglya\" ],\r\n  \"sex\" : [ \"0\" ],\r\n  \"role\" : [ \"100\" ],\r\n  \"remark\" : [ \"è®¾å¤‡ç®¡ç†å‘˜A\" ],\r\n  \"status\" : [ \"0\" ],\r\n  \"roleIds\" : [ \"100\" ],\r\n  \"postIds\" : [ \"\" ]\r\n}','{\r\n  \"msg\" : \"æ“ä½œæˆåŠŸ\",\r\n  \"code\" : 0\r\n}',0,NULL,'2020-02-12 19:32:15'),(172,'è®¾å¤‡åˆ†ç±»ç®¡ç†',2,'com.ruoyi.web.controller.system.EquClassController.changeStatus()','POST',1,'admin','è®¾å¤‡ç®¡ç†éƒ¨é—¨','/system/equclass/changeStatus','127.0.0.1','å†…ç½‘IP','{\r\n  \"classId\" : [ \"5\" ],\r\n  \"status\" : [ \"1\" ]\r\n}','{\r\n  \"msg\" : \"æ“ä½œæˆåŠŸ\",\r\n  \"code\" : 0\r\n}',0,NULL,'2020-02-12 19:33:18'),(173,'è®¾å¤‡åˆ†ç±»ç®¡ç†',2,'com.ruoyi.web.controller.system.EquClassController.changeStatus()','POST',1,'admin','è®¾å¤‡ç®¡ç†éƒ¨é—¨','/system/equclass/changeStatus','127.0.0.1','å†…ç½‘IP','{\r\n  \"classId\" : [ \"5\" ],\r\n  \"status\" : [ \"0\" ]\r\n}','{\r\n  \"msg\" : \"æ“ä½œæˆåŠŸ\",\r\n  \"code\" : 0\r\n}',0,NULL,'2020-02-12 19:35:16'),(174,'è®¾å¤‡åˆ†ç±»',1,'com.ruoyi.web.controller.system.EquClassController.addSave()','POST',1,'admin','è®¾å¤‡ç®¡ç†éƒ¨é—¨','/system/equclass/add','127.0.0.1','å†…ç½‘IP','{\r\n  \"parentId\" : [ \"1\" ],\r\n  \"className\" : [ \"å…¶ä»–\" ],\r\n  \"orderNum\" : [ \"3\" ],\r\n  \"remark\" : [ \"\" ],\r\n  \"status\" : [ \"0\" ]\r\n}','{\r\n  \"msg\" : \"æ“ä½œæˆåŠŸ\",\r\n  \"code\" : 0\r\n}',0,NULL,'2020-02-13 10:56:31'),(175,'è®¾å¤‡åˆ†ç±»',3,'com.ruoyi.web.controller.system.EquClassController.remove()','GET',1,'admin','è®¾å¤‡ç®¡ç†éƒ¨é—¨','/system/equclass/remove/7','127.0.0.1','å†…ç½‘IP','{ }','{\r\n  \"msg\" : \"æ“ä½œæˆåŠŸ\",\r\n  \"code\" : 0\r\n}',0,NULL,'2020-02-13 10:59:46'),(176,'è®¾å¤‡åˆ†ç±»',1,'com.ruoyi.web.controller.system.EquClassController.addSave()','POST',1,'admin','è®¾å¤‡ç®¡ç†éƒ¨é—¨','/system/equclass/add','127.0.0.1','å†…ç½‘IP','{\r\n  \"parentId\" : [ \"1\" ],\r\n  \"className\" : [ \"å…¶ä»–åˆ†ç±»\" ],\r\n  \"orderNum\" : [ \"3\" ],\r\n  \"remark\" : [ \"\" ],\r\n  \"status\" : [ \"0\" ]\r\n}','{\r\n  \"msg\" : \"æ“ä½œæˆåŠŸ\",\r\n  \"code\" : 0\r\n}',0,NULL,'2020-02-13 10:59:58'),(177,'ä»£ç ç”Ÿæˆ',6,'com.ruoyi.generator.controller.GenController.importTableSave()','POST',1,'admin','è®¾å¤‡ç®¡ç†éƒ¨é—¨','/tool/gen/importTable','127.0.0.1','å†…ç½‘IP','{\r\n  \"tables\" : [ \"equ_card\" ]\r\n}','{\r\n  \"msg\" : \"æ“ä½œæˆåŠŸ\",\r\n  \"code\" : 0\r\n}',0,NULL,'2020-02-14 09:55:38'),(178,'ä»£ç ç”Ÿæˆ',2,'com.ruoyi.generator.controller.GenController.editSave()','POST',1,'admin','è®¾å¤‡ç®¡ç†éƒ¨é—¨','/tool/gen/edit','127.0.0.1','å†…ç½‘IP','{\r\n  \"tableId\" : [ \"5\" ],\r\n  \"tableName\" : [ \"equ_card\" ],\r\n  \"tableComment\" : [ \"è®¾å¤‡æ¡£æ¡ˆè¡¨\" ],\r\n  \"className\" : [ \"EquCard\" ],\r\n  \"functionAuthor\" : [ \"ruoyi\" ],\r\n  \"remark\" : [ \"\" ],\r\n  \"columns[0].columnId\" : [ \"52\" ],\r\n  \"columns[0].sort\" : [ \"1\" ],\r\n  \"columns[0].columnComment\" : [ \"ID ä¸»é”®\" ],\r\n  \"columns[0].javaType\" : [ \"Long\" ],\r\n  \"columns[0].javaField\" : [ \"equId\" ],\r\n  \"columns[0].isInsert\" : [ \"1\" ],\r\n  \"columns[0].queryType\" : [ \"EQ\" ],\r\n  \"columns[0].htmlType\" : [ \"input\" ],\r\n  \"columns[0].dictType\" : [ \"\" ],\r\n  \"columns[1].columnId\" : [ \"53\" ],\r\n  \"columns[1].sort\" : [ \"2\" ],\r\n  \"columns[1].columnComment\" : [ \"Guid\" ],\r\n  \"columns[1].javaType\" : [ \"String\" ],\r\n  \"columns[1].javaField\" : [ \"equGuid\" ],\r\n  \"columns[1].isInsert\" : [ \"1\" ],\r\n  \"columns[1].queryType\" : [ \"EQ\" ],\r\n  \"columns[1].htmlType\" : [ \"input\" ],\r\n  \"columns[1].dictType\" : [ \"\" ],\r\n  \"columns[2].columnId\" : [ \"54\" ],\r\n  \"columns[2].sort\" : [ \"3\" ],\r\n  \"columns[2].columnComment\" : [ \"è®¾å¤‡ç¼–å·\" ],\r\n  \"columns[2].javaType\" : [ \"String\" ],\r\n  \"columns[2].javaField\" : [ \"equCode\" ],\r\n  \"columns[2].isInsert\" : [ \"1\" ],\r\n  \"columns[2].isEdit\" : [ \"1\" ],\r\n  \"columns[2].isList\" : [ \"1\" ],\r\n  \"columns[2].queryType\" : [ \"EQ\" ],\r\n  \"columns[2].htmlType\" : [ \"input\" ],\r\n  \"columns[2].dictType\" : [ \"\" ],\r\n  \"columns[3].columnId\" : [ \"55\" ],\r\n  \"columns[3].sort\" : [ \"4\" ],\r\n  \"columns[3].columnComment\" : [ \"è®¾å¤‡åç§°\" ],\r\n  \"columns[3].javaType\" : [ \"String\" ],\r\n  \"columns[3].javaField\" : [ \"equName\" ],\r\n  \"columns[3].isInsert\" : [ \"1\" ],\r\n  \"columns[3].isEdit\" : [ \"1\" ],\r\n  \"columns[3].isList\" : [ \"1\" ],\r\n  \"columns[3].queryType\" : [ \"LIKE\" ],\r\n  \"columns[3].htmlType\" : [ \"input\" ],\r\n  \"columns[3].dictType\" : [ \"\" ],\r\n  \"columns[4].columnId\" : [ \"56\" ],\r\n  \"columns[4].sort\" : [ \"5\" ],\r\n  \"columns[4].columnComment\" : [ \"è®¾å¤‡ç±»åˆ« è®¾å¤‡åˆ†ç±»è¡¨ä¸»é”®\" ],\r\n  \"columns[4].javaType\" : [ \"Long\" ],\r\n  \"columns[4].javaField\" : [ \"classId\" ],\r\n  \"columns[4].isInsert\" : [ \"1\" ],\r\n  \"columns[4].isEdit\" : [ \"1\" ],\r\n  \"columns[4].queryType\" :','{\r\n  \"msg\" : \"æ“ä½œæˆåŠŸ\",\r\n  \"code\" : 0\r\n}',0,NULL,'2020-02-14 09:59:39'),(179,'å­—å…¸ç±»å‹',1,'com.ruoyi.web.controller.system.SysDictTypeController.addSave()','POST',1,'admin','è®¾å¤‡ç®¡ç†éƒ¨é—¨','/system/dict/add','127.0.0.1','å†…ç½‘IP','{\r\n  \"dictName\" : [ \"è®¾å¤‡ç‰¹ç§å±æ€§\" ],\r\n  \"dictType\" : [ \"equ_attribute_ytpe\" ],\r\n  \"status\" : [ \"0\" ],\r\n  \"remark\" : [ \"\" ]\r\n}','{\r\n  \"msg\" : \"æ“ä½œæˆåŠŸ\",\r\n  \"code\" : 0\r\n}',0,NULL,'2020-02-14 10:00:59'),(180,'å­—å…¸ç±»å‹',2,'com.ruoyi.web.controller.system.SysDictTypeController.editSave()','POST',1,'admin','è®¾å¤‡ç®¡ç†éƒ¨é—¨','/system/dict/edit','127.0.0.1','å†…ç½‘IP','{\r\n  \"dictId\" : [ \"100\" ],\r\n  \"dictName\" : [ \"è®¾å¤‡ç‰¹ç§å±æ€§\" ],\r\n  \"dictType\" : [ \"equ_attribute_ytpe\" ],\r\n  \"status\" : [ \"0\" ],\r\n  \"remark\" : [ \"è®¾å¤‡ç‰¹ç§å±æ€§\" ]\r\n}','{\r\n  \"msg\" : \"æ“ä½œæˆåŠŸ\",\r\n  \"code\" : 0\r\n}',0,NULL,'2020-02-14 10:02:39'),(181,'å­—å…¸ç±»å‹',2,'com.ruoyi.web.controller.system.SysDictTypeController.editSave()','POST',1,'admin','è®¾å¤‡ç®¡ç†éƒ¨é—¨','/system/dict/edit','127.0.0.1','å†…ç½‘IP','{\r\n  \"dictId\" : [ \"100\" ],\r\n  \"dictName\" : [ \"è®¾å¤‡ç‰¹ç§å±æ€§\" ],\r\n  \"dictType\" : [ \"equ_attribute_ytpe\" ],\r\n  \"status\" : [ \"0\" ],\r\n  \"remark\" : [ \"è®¾å¤‡ç‰¹ç§åˆ—è¡¨\" ]\r\n}','{\r\n  \"msg\" : \"æ“ä½œæˆåŠŸ\",\r\n  \"code\" : 0\r\n}',0,NULL,'2020-02-14 10:02:49'),(182,'å­—å…¸ç±»å‹',2,'com.ruoyi.web.controller.system.SysDictTypeController.editSave()','POST',1,'admin','è®¾å¤‡ç®¡ç†éƒ¨é—¨','/system/dict/edit','127.0.0.1','å†…ç½‘IP','{\r\n  \"dictId\" : [ \"100\" ],\r\n  \"dictName\" : [ \"è®¾å¤‡ç‰¹ç§å±æ€§\" ],\r\n  \"dictType\" : [ \"equ_attribute_type\" ],\r\n  \"status\" : [ \"0\" ],\r\n  \"remark\" : [ \"è®¾å¤‡ç‰¹ç§åˆ—è¡¨\" ]\r\n}','{\r\n  \"msg\" : \"æ“ä½œæˆåŠŸ\",\r\n  \"code\" : 0\r\n}',0,NULL,'2020-02-14 10:06:46'),(183,'å­—å…¸æ•°æ®',1,'com.ruoyi.web.controller.system.SysDictDataController.addSave()','POST',1,'admin','è®¾å¤‡ç®¡ç†éƒ¨é—¨','/system/dict/data/add','127.0.0.1','å†…ç½‘IP','{\r\n  \"dictLabel\" : [ \"é”…ç‚‰\" ],\r\n  \"dictValue\" : [ \"0\" ],\r\n  \"dictType\" : [ \"equ_attribute_type\" ],\r\n  \"cssClass\" : [ \"\" ],\r\n  \"dictSort\" : [ \"0\" ],\r\n  \"listClass\" : [ \"\" ],\r\n  \"isDefault\" : [ \"Y\" ],\r\n  \"status\" : [ \"0\" ],\r\n  \"remark\" : [ \"\" ]\r\n}','{\r\n  \"msg\" : \"æ“ä½œæˆåŠŸ\",\r\n  \"code\" : 0\r\n}',0,NULL,'2020-02-14 10:10:49'),(184,'å­—å…¸æ•°æ®',1,'com.ruoyi.web.controller.system.SysDictDataController.addSave()','POST',1,'admin','è®¾å¤‡ç®¡ç†éƒ¨é—¨','/system/dict/data/add','127.0.0.1','å†…ç½‘IP','{\r\n  \"dictLabel\" : [ \"å‹åŠ›å®¹å™¨\" ],\r\n  \"dictValue\" : [ \"1\" ],\r\n  \"dictType\" : [ \"equ_attribute_type\" ],\r\n  \"cssClass\" : [ \"\" ],\r\n  \"dictSort\" : [ \"1\" ],\r\n  \"listClass\" : [ \"\" ],\r\n  \"isDefault\" : [ \"Y\" ],\r\n  \"status\" : [ \"0\" ],\r\n  \"remark\" : [ \"\" ]\r\n}','{\r\n  \"msg\" : \"æ“ä½œæˆåŠŸ\",\r\n  \"code\" : 0\r\n}',0,NULL,'2020-02-14 10:11:24'),(185,'å­—å…¸æ•°æ®',1,'com.ruoyi.web.controller.system.SysDictDataController.addSave()','POST',1,'admin','è®¾å¤‡ç®¡ç†éƒ¨é—¨','/system/dict/data/add','127.0.0.1','å†…ç½‘IP','{\r\n  \"dictLabel\" : [ \"å‹åŠ›ç®¡é“\" ],\r\n  \"dictValue\" : [ \"2\" ],\r\n  \"dictType\" : [ \"equ_attribute_type\" ],\r\n  \"cssClass\" : [ \"\" ],\r\n  \"dictSort\" : [ \"2\" ],\r\n  \"listClass\" : [ \"\" ],\r\n  \"isDefault\" : [ \"Y\" ],\r\n  \"status\" : [ \"0\" ],\r\n  \"remark\" : [ \"\" ]\r\n}','{\r\n  \"msg\" : \"æ“ä½œæˆåŠŸ\",\r\n  \"code\" : 0\r\n}',0,NULL,'2020-02-14 10:11:46'),(186,'å­—å…¸æ•°æ®',1,'com.ruoyi.web.controller.system.SysDictDataController.addSave()','POST',1,'admin','è®¾å¤‡ç®¡ç†éƒ¨é—¨','/system/dict/data/add','127.0.0.1','å†…ç½‘IP','{\r\n  \"dictLabel\" : [ \"ç”µæ¢¯\" ],\r\n  \"dictValue\" : [ \"3\" ],\r\n  \"dictType\" : [ \"equ_attribute_type\" ],\r\n  \"cssClass\" : [ \"\" ],\r\n  \"dictSort\" : [ \"3\" ],\r\n  \"listClass\" : [ \"\" ],\r\n  \"isDefault\" : [ \"Y\" ],\r\n  \"status\" : [ \"0\" ],\r\n  \"remark\" : [ \"\" ]\r\n}','{\r\n  \"msg\" : \"æ“ä½œæˆåŠŸ\",\r\n  \"code\" : 0\r\n}',0,NULL,'2020-02-14 10:12:06'),(187,'å­—å…¸æ•°æ®',1,'com.ruoyi.web.controller.system.SysDictDataController.addSave()','POST',1,'admin','è®¾å¤‡ç®¡ç†éƒ¨é—¨','/system/dict/data/add','127.0.0.1','å†…ç½‘IP','{\r\n  \"dictLabel\" : [ \"èµ·é‡æœºæ¢°\" ],\r\n  \"dictValue\" : [ \"4\" ],\r\n  \"dictType\" : [ \"equ_attribute_type\" ],\r\n  \"cssClass\" : [ \"\" ],\r\n  \"dictSort\" : [ \"4\" ],\r\n  \"listClass\" : [ \"\" ],\r\n  \"isDefault\" : [ \"Y\" ],\r\n  \"status\" : [ \"0\" ],\r\n  \"remark\" : [ \"\" ]\r\n}','{\r\n  \"msg\" : \"æ“ä½œæˆåŠŸ\",\r\n  \"code\" : 0\r\n}',0,NULL,'2020-02-14 10:12:18'),(188,'å­—å…¸æ•°æ®',1,'com.ruoyi.web.controller.system.SysDictDataController.addSave()','POST',1,'admin','è®¾å¤‡ç®¡ç†éƒ¨é—¨','/system/dict/data/add','127.0.0.1','å†…ç½‘IP','{\r\n  \"dictLabel\" : [ \"å®¢è¿ç´¢é“\" ],\r\n  \"dictValue\" : [ \"5\" ],\r\n  \"dictType\" : [ \"equ_attribute_type\" ],\r\n  \"cssClass\" : [ \"\" ],\r\n  \"dictSort\" : [ \"5\" ],\r\n  \"listClass\" : [ \"\" ],\r\n  \"isDefault\" : [ \"Y\" ],\r\n  \"status\" : [ \"0\" ],\r\n  \"remark\" : [ \"\" ]\r\n}','{\r\n  \"msg\" : \"æ“ä½œæˆåŠŸ\",\r\n  \"code\" : 0\r\n}',0,NULL,'2020-02-14 10:12:29'),(189,'å­—å…¸æ•°æ®',1,'com.ruoyi.web.controller.system.SysDictDataController.addSave()','POST',1,'admin','è®¾å¤‡ç®¡ç†éƒ¨é—¨','/system/dict/data/add','127.0.0.1','å†…ç½‘IP','{\r\n  \"dictLabel\" : [ \"å¤§å‹æ¸¸ä¹è®¾æ–½\" ],\r\n  \"dictValue\" : [ \"6\" ],\r\n  \"dictType\" : [ \"equ_attribute_type\" ],\r\n  \"cssClass\" : [ \"\" ],\r\n  \"dictSort\" : [ \"6\" ],\r\n  \"listClass\" : [ \"\" ],\r\n  \"isDefault\" : [ \"Y\" ],\r\n  \"status\" : [ \"0\" ],\r\n  \"remark\" : [ \"\" ]\r\n}','{\r\n  \"msg\" : \"æ“ä½œæˆåŠŸ\",\r\n  \"code\" : 0\r\n}',0,NULL,'2020-02-14 10:12:46'),(190,'å­—å…¸æ•°æ®',1,'com.ruoyi.web.controller.system.SysDictDataController.addSave()','POST',1,'admin','è®¾å¤‡ç®¡ç†éƒ¨é—¨','/system/dict/data/add','127.0.0.1','å†…ç½‘IP','{\r\n  \"dictLabel\" : [ \"åœºï¼ˆå‚ï¼‰å†…ä¸“ç”¨æœºåŠ¨è½¦è¾†\" ],\r\n  \"dictValue\" : [ \"7\" ],\r\n  \"dictType\" : [ \"equ_attribute_type\" ],\r\n  \"cssClass\" : [ \"\" ],\r\n  \"dictSort\" : [ \"7\" ],\r\n  \"listClass\" : [ \"\" ],\r\n  \"isDefault\" : [ \"Y\" ],\r\n  \"status\" : [ \"0\" ],\r\n  \"remark\" : [ \"\" ]\r\n}','{\r\n  \"msg\" : \"æ“ä½œæˆåŠŸ\",\r\n  \"code\" : 0\r\n}',0,NULL,'2020-02-14 10:12:57'),(191,'å­—å…¸ç±»å‹',1,'com.ruoyi.web.controller.system.SysDictTypeController.addSave()','POST',1,'admin','è®¾å¤‡ç®¡ç†éƒ¨é—¨','/system/dict/add','127.0.0.1','å†…ç½‘IP','{\r\n  \"dictName\" : [ \"è®¾å¤‡çŠ¶æ€\" ],\r\n  \"dictType\" : [ \"equ_status_type\" ],\r\n  \"status\" : [ \"0\" ],\r\n  \"remark\" : [ \"\" ]\r\n}','{\r\n  \"msg\" : \"æ“ä½œæˆåŠŸ\",\r\n  \"code\" : 0\r\n}',0,NULL,'2020-02-14 10:13:55'),(192,'å­—å…¸ç±»å‹',2,'com.ruoyi.web.controller.system.SysDictTypeController.editSave()','POST',1,'admin','è®¾å¤‡ç®¡ç†éƒ¨é—¨','/system/dict/edit','127.0.0.1','å†…ç½‘IP','{\r\n  \"dictId\" : [ \"101\" ],\r\n  \"dictName\" : [ \"è®¾å¤‡çŠ¶æ€\" ],\r\n  \"dictType\" : [ \"equ_status_type\" ],\r\n  \"status\" : [ \"0\" ],\r\n  \"remark\" : [ \"è®¾å¤‡çŠ¶æ€åˆ—è¡¨\" ]\r\n}','{\r\n  \"msg\" : \"æ“ä½œæˆåŠŸ\",\r\n  \"code\" : 0\r\n}',0,NULL,'2020-02-14 10:14:09'),(193,'å­—å…¸æ•°æ®',1,'com.ruoyi.web.controller.system.SysDictDataController.addSave()','POST',1,'admin','è®¾å¤‡ç®¡ç†éƒ¨é—¨','/system/dict/data/add','127.0.0.1','å†…ç½‘IP','{\r\n  \"dictLabel\" : [ \"é—²ç½®\" ],\r\n  \"dictValue\" : [ \"0\" ],\r\n  \"dictType\" : [ \"equ_status_type\" ],\r\n  \"cssClass\" : [ \"\" ],\r\n  \"dictSort\" : [ \"0\" ],\r\n  \"listClass\" : [ \"\" ],\r\n  \"isDefault\" : [ \"Y\" ],\r\n  \"status\" : [ \"0\" ],\r\n  \"remark\" : [ \"\" ]\r\n}','{\r\n  \"msg\" : \"æ“ä½œæˆåŠŸ\",\r\n  \"code\" : 0\r\n}',0,NULL,'2020-02-14 10:14:23'),(194,'å­—å…¸æ•°æ®',1,'com.ruoyi.web.controller.system.SysDictDataController.addSave()','POST',1,'admin','è®¾å¤‡ç®¡ç†éƒ¨é—¨','/system/dict/data/add','127.0.0.1','å†…ç½‘IP','{\r\n  \"dictLabel\" : [ \"æ­£å¸¸ä½¿ç”¨\" ],\r\n  \"dictValue\" : [ \"1\" ],\r\n  \"dictType\" : [ \"equ_status_type\" ],\r\n  \"cssClass\" : [ \"\" ],\r\n  \"dictSort\" : [ \"1\" ],\r\n  \"listClass\" : [ \"\" ],\r\n  \"isDefault\" : [ \"Y\" ],\r\n  \"status\" : [ \"0\" ],\r\n  \"remark\" : [ \"\" ]\r\n}','{\r\n  \"msg\" : \"æ“ä½œæˆåŠŸ\",\r\n  \"code\" : 0\r\n}',0,NULL,'2020-02-14 10:14:33'),(195,'å­—å…¸æ•°æ®',1,'com.ruoyi.web.controller.system.SysDictDataController.addSave()','POST',1,'admin','è®¾å¤‡ç®¡ç†éƒ¨é—¨','/system/dict/data/add','127.0.0.1','å†…ç½‘IP','{\r\n  \"dictLabel\" : [ \"æ•…éšœ\" ],\r\n  \"dictValue\" : [ \"2\" ],\r\n  \"dictType\" : [ \"equ_status_type\" ],\r\n  \"cssClass\" : [ \"\" ],\r\n  \"dictSort\" : [ \"2\" ],\r\n  \"listClass\" : [ \"\" ],\r\n  \"isDefault\" : [ \"Y\" ],\r\n  \"status\" : [ \"0\" ],\r\n  \"remark\" : [ \"\" ]\r\n}','{\r\n  \"msg\" : \"æ“ä½œæˆåŠŸ\",\r\n  \"code\" : 0\r\n}',0,NULL,'2020-02-14 10:14:41'),(196,'å­—å…¸æ•°æ®',1,'com.ruoyi.web.controller.system.SysDictDataController.addSave()','POST',1,'admin','è®¾å¤‡ç®¡ç†éƒ¨é—¨','/system/dict/data/add','127.0.0.1','å†…ç½‘IP','{\r\n  \"dictLabel\" : [ \"æŠ¥æŸæŠ¥åºŸ\" ],\r\n  \"dictValue\" : [ \"3\" ],\r\n  \"dictType\" : [ \"equ_status_type\" ],\r\n  \"cssClass\" : [ \"\" ],\r\n  \"dictSort\" : [ \"3\" ],\r\n  \"listClass\" : [ \"\" ],\r\n  \"isDefault\" : [ \"Y\" ],\r\n  \"status\" : [ \"0\" ],\r\n  \"remark\" : [ \"\" ]\r\n}','{\r\n  \"msg\" : \"æ“ä½œæˆåŠŸ\",\r\n  \"code\" : 0\r\n}',0,NULL,'2020-02-14 10:15:08'),(197,'ä»£ç ç”Ÿæˆ',2,'com.ruoyi.generator.controller.GenController.editSave()','POST',1,'admin','è®¾å¤‡ç®¡ç†éƒ¨é—¨','/tool/gen/edit','127.0.0.1','å†…ç½‘IP','{\r\n  \"tableId\" : [ \"5\" ],\r\n  \"tableName\" : [ \"equ_card\" ],\r\n  \"tableComment\" : [ \"è®¾å¤‡æ¡£æ¡ˆè¡¨\" ],\r\n  \"className\" : [ \"EquCard\" ],\r\n  \"functionAuthor\" : [ \"ruoyi\" ],\r\n  \"remark\" : [ \"\" ],\r\n  \"columns[0].columnId\" : [ \"52\" ],\r\n  \"columns[0].sort\" : [ \"1\" ],\r\n  \"columns[0].columnComment\" : [ \"ID ä¸»é”®\" ],\r\n  \"columns[0].javaType\" : [ \"Long\" ],\r\n  \"columns[0].javaField\" : [ \"equId\" ],\r\n  \"columns[0].isInsert\" : [ \"1\" ],\r\n  \"columns[0].queryType\" : [ \"EQ\" ],\r\n  \"columns[0].htmlType\" : [ \"input\" ],\r\n  \"columns[0].dictType\" : [ \"\" ],\r\n  \"columns[1].columnId\" : [ \"53\" ],\r\n  \"columns[1].sort\" : [ \"2\" ],\r\n  \"columns[1].columnComment\" : [ \"Guid\" ],\r\n  \"columns[1].javaType\" : [ \"String\" ],\r\n  \"columns[1].javaField\" : [ \"equGuid\" ],\r\n  \"columns[1].isInsert\" : [ \"1\" ],\r\n  \"columns[1].queryType\" : [ \"EQ\" ],\r\n  \"columns[1].htmlType\" : [ \"input\" ],\r\n  \"columns[1].dictType\" : [ \"\" ],\r\n  \"columns[2].columnId\" : [ \"54\" ],\r\n  \"columns[2].sort\" : [ \"3\" ],\r\n  \"columns[2].columnComment\" : [ \"è®¾å¤‡ç¼–å·\" ],\r\n  \"columns[2].javaType\" : [ \"String\" ],\r\n  \"columns[2].javaField\" : [ \"equCode\" ],\r\n  \"columns[2].isInsert\" : [ \"1\" ],\r\n  \"columns[2].isEdit\" : [ \"1\" ],\r\n  \"columns[2].isList\" : [ \"1\" ],\r\n  \"columns[2].queryType\" : [ \"EQ\" ],\r\n  \"columns[2].htmlType\" : [ \"input\" ],\r\n  \"columns[2].dictType\" : [ \"\" ],\r\n  \"columns[3].columnId\" : [ \"55\" ],\r\n  \"columns[3].sort\" : [ \"4\" ],\r\n  \"columns[3].columnComment\" : [ \"è®¾å¤‡åç§°\" ],\r\n  \"columns[3].javaType\" : [ \"String\" ],\r\n  \"columns[3].javaField\" : [ \"equName\" ],\r\n  \"columns[3].isInsert\" : [ \"1\" ],\r\n  \"columns[3].isEdit\" : [ \"1\" ],\r\n  \"columns[3].isList\" : [ \"1\" ],\r\n  \"columns[3].queryType\" : [ \"LIKE\" ],\r\n  \"columns[3].htmlType\" : [ \"input\" ],\r\n  \"columns[3].dictType\" : [ \"\" ],\r\n  \"columns[4].columnId\" : [ \"56\" ],\r\n  \"columns[4].sort\" : [ \"5\" ],\r\n  \"columns[4].columnComment\" : [ \"è®¾å¤‡ç±»åˆ« è®¾å¤‡åˆ†ç±»è¡¨ä¸»é”®\" ],\r\n  \"columns[4].javaType\" : [ \"Long\" ],\r\n  \"columns[4].javaField\" : [ \"classId\" ],\r\n  \"columns[4].isInsert\" : [ \"1\" ],\r\n  \"columns[4].isEdit\" : [ \"1\" ],\r\n  \"columns[4].queryType\" :','{\r\n  \"msg\" : \"æ“ä½œæˆåŠŸ\",\r\n  \"code\" : 0\r\n}',0,NULL,'2020-02-14 10:16:59'),(198,'ä»£ç ç”Ÿæˆ',8,'com.ruoyi.generator.controller.GenController.genCode()','GET',1,'admin','è®¾å¤‡ç®¡ç†éƒ¨é—¨','/tool/gen/genCode/equ_card','127.0.0.1','å†…ç½‘IP','{ }','null',0,NULL,'2020-02-14 10:17:03'),(199,'èœå•ç®¡ç†',3,'com.ruoyi.web.controller.system.SysMenuController.remove()','GET',1,'admin','è®¾å¤‡ç®¡ç†éƒ¨é—¨','/system/menu/remove/2012','127.0.0.1','å†…ç½‘IP','{ }','{\r\n  \"msg\" : \"æ“ä½œæˆåŠŸ\",\r\n  \"code\" : 0\r\n}',0,NULL,'2020-02-14 10:21:11'),(200,'ä»£ç ç”Ÿæˆ',2,'com.ruoyi.generator.controller.GenController.editSave()','POST',1,'admin','è®¾å¤‡ç®¡ç†éƒ¨é—¨','/tool/gen/edit','127.0.0.1','å†…ç½‘IP','{\r\n  \"tableId\" : [ \"5\" ],\r\n  \"tableName\" : [ \"equ_card\" ],\r\n  \"tableComment\" : [ \"è®¾å¤‡æ¡£æ¡ˆè¡¨\" ],\r\n  \"className\" : [ \"EquCard\" ],\r\n  \"functionAuthor\" : [ \"ruoyi\" ],\r\n  \"remark\" : [ \"\" ],\r\n  \"columns[0].columnId\" : [ \"52\" ],\r\n  \"columns[0].sort\" : [ \"1\" ],\r\n  \"columns[0].columnComment\" : [ \"ID ä¸»é”®\" ],\r\n  \"columns[0].javaType\" : [ \"Long\" ],\r\n  \"columns[0].javaField\" : [ \"equId\" ],\r\n  \"columns[0].isInsert\" : [ \"1\" ],\r\n  \"columns[0].queryType\" : [ \"EQ\" ],\r\n  \"columns[0].htmlType\" : [ \"input\" ],\r\n  \"columns[0].dictType\" : [ \"\" ],\r\n  \"columns[1].columnId\" : [ \"53\" ],\r\n  \"columns[1].sort\" : [ \"2\" ],\r\n  \"columns[1].columnComment\" : [ \"Guid\" ],\r\n  \"columns[1].javaType\" : [ \"String\" ],\r\n  \"columns[1].javaField\" : [ \"equGuid\" ],\r\n  \"columns[1].isInsert\" : [ \"1\" ],\r\n  \"columns[1].queryType\" : [ \"EQ\" ],\r\n  \"columns[1].htmlType\" : [ \"input\" ],\r\n  \"columns[1].dictType\" : [ \"\" ],\r\n  \"columns[2].columnId\" : [ \"54\" ],\r\n  \"columns[2].sort\" : [ \"3\" ],\r\n  \"columns[2].columnComment\" : [ \"è®¾å¤‡ç¼–å·\" ],\r\n  \"columns[2].javaType\" : [ \"String\" ],\r\n  \"columns[2].javaField\" : [ \"equCode\" ],\r\n  \"columns[2].isInsert\" : [ \"1\" ],\r\n  \"columns[2].isEdit\" : [ \"1\" ],\r\n  \"columns[2].isList\" : [ \"1\" ],\r\n  \"columns[2].isQuery\" : [ \"1\" ],\r\n  \"columns[2].queryType\" : [ \"EQ\" ],\r\n  \"columns[2].htmlType\" : [ \"input\" ],\r\n  \"columns[2].dictType\" : [ \"\" ],\r\n  \"columns[3].columnId\" : [ \"55\" ],\r\n  \"columns[3].sort\" : [ \"4\" ],\r\n  \"columns[3].columnComment\" : [ \"è®¾å¤‡åç§°\" ],\r\n  \"columns[3].javaType\" : [ \"String\" ],\r\n  \"columns[3].javaField\" : [ \"equName\" ],\r\n  \"columns[3].isInsert\" : [ \"1\" ],\r\n  \"columns[3].isEdit\" : [ \"1\" ],\r\n  \"columns[3].isList\" : [ \"1\" ],\r\n  \"columns[3].isQuery\" : [ \"1\" ],\r\n  \"columns[3].queryType\" : [ \"LIKE\" ],\r\n  \"columns[3].htmlType\" : [ \"input\" ],\r\n  \"columns[3].dictType\" : [ \"\" ],\r\n  \"columns[4].columnId\" : [ \"56\" ],\r\n  \"columns[4].sort\" : [ \"5\" ],\r\n  \"columns[4].columnComment\" : [ \"è®¾å¤‡ç±»åˆ« è®¾å¤‡åˆ†ç±»è¡¨ä¸»é”®\" ],\r\n  \"columns[4].javaType\" : [ \"Long\" ],\r\n  \"columns[4].javaField\" : [ \"classId\" ],\r\n  \"columns[4].isInsert\" : ','{\r\n  \"msg\" : \"æ“ä½œæˆåŠŸ\",\r\n  \"code\" : 0\r\n}',0,NULL,'2020-02-14 10:28:59'),(201,'ä»£ç ç”Ÿæˆ',8,'com.ruoyi.generator.controller.GenController.genCode()','GET',1,'admin','è®¾å¤‡ç®¡ç†éƒ¨é—¨','/tool/gen/genCode/equ_card','127.0.0.1','å†…ç½‘IP','{ }','null',0,NULL,'2020-02-14 10:29:05'),(202,'ä»£ç ç”Ÿæˆ',2,'com.ruoyi.generator.controller.GenController.editSave()','POST',1,'admin','è®¾å¤‡ç®¡ç†éƒ¨é—¨','/tool/gen/edit','127.0.0.1','å†…ç½‘IP','{\r\n  \"tableId\" : [ \"5\" ],\r\n  \"tableName\" : [ \"equ_card\" ],\r\n  \"tableComment\" : [ \"è®¾å¤‡æ¡£æ¡ˆè¡¨\" ],\r\n  \"className\" : [ \"EquCard\" ],\r\n  \"functionAuthor\" : [ \"ruoyi\" ],\r\n  \"remark\" : [ \"\" ],\r\n  \"columns[0].columnId\" : [ \"52\" ],\r\n  \"columns[0].sort\" : [ \"1\" ],\r\n  \"columns[0].columnComment\" : [ \"ID ä¸»é”®\" ],\r\n  \"columns[0].javaType\" : [ \"Long\" ],\r\n  \"columns[0].javaField\" : [ \"equId\" ],\r\n  \"columns[0].isInsert\" : [ \"1\" ],\r\n  \"columns[0].queryType\" : [ \"EQ\" ],\r\n  \"columns[0].htmlType\" : [ \"input\" ],\r\n  \"columns[0].dictType\" : [ \"\" ],\r\n  \"columns[1].columnId\" : [ \"53\" ],\r\n  \"columns[1].sort\" : [ \"2\" ],\r\n  \"columns[1].columnComment\" : [ \"Guid\" ],\r\n  \"columns[1].javaType\" : [ \"String\" ],\r\n  \"columns[1].javaField\" : [ \"equGuid\" ],\r\n  \"columns[1].isInsert\" : [ \"1\" ],\r\n  \"columns[1].queryType\" : [ \"EQ\" ],\r\n  \"columns[1].htmlType\" : [ \"input\" ],\r\n  \"columns[1].dictType\" : [ \"\" ],\r\n  \"columns[2].columnId\" : [ \"54\" ],\r\n  \"columns[2].sort\" : [ \"3\" ],\r\n  \"columns[2].columnComment\" : [ \"è®¾å¤‡ç¼–å·\" ],\r\n  \"columns[2].javaType\" : [ \"String\" ],\r\n  \"columns[2].javaField\" : [ \"equCode\" ],\r\n  \"columns[2].isInsert\" : [ \"1\" ],\r\n  \"columns[2].isEdit\" : [ \"1\" ],\r\n  \"columns[2].isList\" : [ \"1\" ],\r\n  \"columns[2].isQuery\" : [ \"1\" ],\r\n  \"columns[2].queryType\" : [ \"EQ\" ],\r\n  \"columns[2].htmlType\" : [ \"input\" ],\r\n  \"columns[2].dictType\" : [ \"\" ],\r\n  \"columns[3].columnId\" : [ \"55\" ],\r\n  \"columns[3].sort\" : [ \"4\" ],\r\n  \"columns[3].columnComment\" : [ \"è®¾å¤‡åç§°\" ],\r\n  \"columns[3].javaType\" : [ \"String\" ],\r\n  \"columns[3].javaField\" : [ \"equName\" ],\r\n  \"columns[3].isInsert\" : [ \"1\" ],\r\n  \"columns[3].isEdit\" : [ \"1\" ],\r\n  \"columns[3].isList\" : [ \"1\" ],\r\n  \"columns[3].isQuery\" : [ \"1\" ],\r\n  \"columns[3].queryType\" : [ \"LIKE\" ],\r\n  \"columns[3].htmlType\" : [ \"input\" ],\r\n  \"columns[3].dictType\" : [ \"\" ],\r\n  \"columns[4].columnId\" : [ \"56\" ],\r\n  \"columns[4].sort\" : [ \"5\" ],\r\n  \"columns[4].columnComment\" : [ \"è®¾å¤‡ç±»åˆ« è®¾å¤‡åˆ†ç±»è¡¨ä¸»é”®\" ],\r\n  \"columns[4].javaType\" : [ \"Long\" ],\r\n  \"columns[4].javaField\" : [ \"classId\" ],\r\n  \"columns[4].isInsert\" : ','{\r\n  \"msg\" : \"æ“ä½œæˆåŠŸ\",\r\n  \"code\" : 0\r\n}',0,NULL,'2020-02-14 10:30:52'),(203,'ä»£ç ç”Ÿæˆ',8,'com.ruoyi.generator.controller.GenController.genCode()','GET',1,'admin','è®¾å¤‡ç®¡ç†éƒ¨é—¨','/tool/gen/genCode/equ_card','127.0.0.1','å†…ç½‘IP','{ }','null',0,NULL,'2020-02-14 10:30:55'),(204,'èœå•ç®¡ç†',2,'com.ruoyi.web.controller.system.SysMenuController.editSave()','POST',1,'admin','è®¾å¤‡ç®¡ç†éƒ¨é—¨','/system/menu/edit','127.0.0.1','å†…ç½‘IP','{\r\n  \"menuId\" : [ \"2007\" ],\r\n  \"parentId\" : [ \"2006\" ],\r\n  \"menuType\" : [ \"C\" ],\r\n  \"menuName\" : [ \"è®¾å¤‡æ¡£æ¡ˆ\" ],\r\n  \"url\" : [ \"/system/euqcard\" ],\r\n  \"target\" : [ \"menuItem\" ],\r\n  \"perms\" : [ \"system:euqCard:view\" ],\r\n  \"orderNum\" : [ \"2\" ],\r\n  \"icon\" : [ \"#\" ],\r\n  \"visible\" : [ \"0\" ]\r\n}','{\r\n  \"msg\" : \"æ“ä½œæˆåŠŸ\",\r\n  \"code\" : 0\r\n}',0,NULL,'2020-02-14 10:35:36'),(205,'èœå•ç®¡ç†',2,'com.ruoyi.web.controller.system.SysMenuController.editSave()','POST',1,'admin','è®¾å¤‡ç®¡ç†éƒ¨é—¨','/system/menu/edit','127.0.0.1','å†…ç½‘IP','{\r\n  \"menuId\" : [ \"2007\" ],\r\n  \"parentId\" : [ \"2006\" ],\r\n  \"menuType\" : [ \"C\" ],\r\n  \"menuName\" : [ \"è®¾å¤‡æ¡£æ¡ˆ\" ],\r\n  \"url\" : [ \"/system/euqcard\" ],\r\n  \"target\" : [ \"menuItem\" ],\r\n  \"perms\" : [ \"system:euqcard:view\" ],\r\n  \"orderNum\" : [ \"2\" ],\r\n  \"icon\" : [ \"#\" ],\r\n  \"visible\" : [ \"0\" ]\r\n}','{\r\n  \"msg\" : \"æ“ä½œæˆåŠŸ\",\r\n  \"code\" : 0\r\n}',0,NULL,'2020-02-14 10:35:50'),(206,'èœå•ç®¡ç†',2,'com.ruoyi.web.controller.system.SysMenuController.editSave()','POST',1,'admin','è®¾å¤‡ç®¡ç†éƒ¨é—¨','/system/menu/edit','127.0.0.1','å†…ç½‘IP','{\r\n  \"menuId\" : [ \"2008\" ],\r\n  \"parentId\" : [ \"2007\" ],\r\n  \"menuType\" : [ \"F\" ],\r\n  \"menuName\" : [ \"è®¾å¤‡æ¡£æ¡ˆæŸ¥è¯¢\" ],\r\n  \"url\" : [ \"#\" ],\r\n  \"target\" : [ \"menuItem\" ],\r\n  \"perms\" : [ \"system:euqcard:list\" ],\r\n  \"orderNum\" : [ \"1\" ],\r\n  \"icon\" : [ \"#\" ],\r\n  \"visible\" : [ \"0\" ]\r\n}','{\r\n  \"msg\" : \"æ“ä½œæˆåŠŸ\",\r\n  \"code\" : 0\r\n}',0,NULL,'2020-02-14 10:36:21'),(207,'å­—å…¸æ•°æ®',2,'com.ruoyi.web.controller.system.SysDictDataController.editSave()','POST',1,'admin','è®¾å¤‡ç®¡ç†éƒ¨é—¨','/system/dict/data/edit','127.0.0.1','å†…ç½‘IP','{\r\n  \"dictCode\" : [ \"111\" ],\r\n  \"dictLabel\" : [ \"æŠ¥æŸæŠ¥åºŸ\" ],\r\n  \"dictValue\" : [ \"3\" ],\r\n  \"dictType\" : [ \"equ_status_type\" ],\r\n  \"cssClass\" : [ \"\" ],\r\n  \"dictSort\" : [ \"3\" ],\r\n  \"listClass\" : [ \"\" ],\r\n  \"isDefault\" : [ \"N\" ],\r\n  \"status\" : [ \"0\" ],\r\n  \"remark\" : [ \"\" ]\r\n}','{\r\n  \"msg\" : \"æ“ä½œæˆåŠŸ\",\r\n  \"code\" : 0\r\n}',0,NULL,'2020-02-14 11:25:40'),(208,'å­—å…¸æ•°æ®',2,'com.ruoyi.web.controller.system.SysDictDataController.editSave()','POST',1,'admin','è®¾å¤‡ç®¡ç†éƒ¨é—¨','/system/dict/data/edit','127.0.0.1','å†…ç½‘IP','{\r\n  \"dictCode\" : [ \"110\" ],\r\n  \"dictLabel\" : [ \"æ•…éšœ\" ],\r\n  \"dictValue\" : [ \"2\" ],\r\n  \"dictType\" : [ \"equ_status_type\" ],\r\n  \"cssClass\" : [ \"\" ],\r\n  \"dictSort\" : [ \"2\" ],\r\n  \"listClass\" : [ \"\" ],\r\n  \"isDefault\" : [ \"N\" ],\r\n  \"status\" : [ \"0\" ],\r\n  \"remark\" : [ \"\" ]\r\n}','{\r\n  \"msg\" : \"æ“ä½œæˆåŠŸ\",\r\n  \"code\" : 0\r\n}',0,NULL,'2020-02-14 11:25:45'),(209,'å­—å…¸æ•°æ®',2,'com.ruoyi.web.controller.system.SysDictDataController.editSave()','POST',1,'admin','è®¾å¤‡ç®¡ç†éƒ¨é—¨','/system/dict/data/edit','127.0.0.1','å†…ç½‘IP','{\r\n  \"dictCode\" : [ \"109\" ],\r\n  \"dictLabel\" : [ \"æ­£å¸¸ä½¿ç”¨\" ],\r\n  \"dictValue\" : [ \"1\" ],\r\n  \"dictType\" : [ \"equ_status_type\" ],\r\n  \"cssClass\" : [ \"\" ],\r\n  \"dictSort\" : [ \"1\" ],\r\n  \"listClass\" : [ \"\" ],\r\n  \"isDefault\" : [ \"N\" ],\r\n  \"status\" : [ \"0\" ],\r\n  \"remark\" : [ \"\" ]\r\n}','{\r\n  \"msg\" : \"æ“ä½œæˆåŠŸ\",\r\n  \"code\" : 0\r\n}',0,NULL,'2020-02-14 11:25:50'),(210,'å­—å…¸æ•°æ®',2,'com.ruoyi.web.controller.system.SysDictDataController.editSave()','POST',1,'admin','è®¾å¤‡ç®¡ç†éƒ¨é—¨','/system/dict/data/edit','127.0.0.1','å†…ç½‘IP','{\r\n  \"dictCode\" : [ \"101\" ],\r\n  \"dictLabel\" : [ \"å‹åŠ›å®¹å™¨\" ],\r\n  \"dictValue\" : [ \"1\" ],\r\n  \"dictType\" : [ \"equ_attribute_type\" ],\r\n  \"cssClass\" : [ \"\" ],\r\n  \"dictSort\" : [ \"1\" ],\r\n  \"listClass\" : [ \"\" ],\r\n  \"isDefault\" : [ \"N\" ],\r\n  \"status\" : [ \"0\" ],\r\n  \"remark\" : [ \"\" ]\r\n}','{\r\n  \"msg\" : \"æ“ä½œæˆåŠŸ\",\r\n  \"code\" : 0\r\n}',0,NULL,'2020-02-14 11:43:10'),(211,'å­—å…¸æ•°æ®',2,'com.ruoyi.web.controller.system.SysDictDataController.editSave()','POST',1,'admin','è®¾å¤‡ç®¡ç†éƒ¨é—¨','/system/dict/data/edit','127.0.0.1','å†…ç½‘IP','{\r\n  \"dictCode\" : [ \"102\" ],\r\n  \"dictLabel\" : [ \"å‹åŠ›ç®¡é“\" ],\r\n  \"dictValue\" : [ \"2\" ],\r\n  \"dictType\" : [ \"equ_attribute_type\" ],\r\n  \"cssClass\" : [ \"\" ],\r\n  \"dictSort\" : [ \"2\" ],\r\n  \"listClass\" : [ \"\" ],\r\n  \"isDefault\" : [ \"N\" ],\r\n  \"status\" : [ \"0\" ],\r\n  \"remark\" : [ \"\" ]\r\n}','{\r\n  \"msg\" : \"æ“ä½œæˆåŠŸ\",\r\n  \"code\" : 0\r\n}',0,NULL,'2020-02-14 11:43:13'),(212,'å­—å…¸æ•°æ®',2,'com.ruoyi.web.controller.system.SysDictDataController.editSave()','POST',1,'admin','è®¾å¤‡ç®¡ç†éƒ¨é—¨','/system/dict/data/edit','127.0.0.1','å†…ç½‘IP','{\r\n  \"dictCode\" : [ \"103\" ],\r\n  \"dictLabel\" : [ \"ç”µæ¢¯\" ],\r\n  \"dictValue\" : [ \"3\" ],\r\n  \"dictType\" : [ \"equ_attribute_type\" ],\r\n  \"cssClass\" : [ \"\" ],\r\n  \"dictSort\" : [ \"3\" ],\r\n  \"listClass\" : [ \"\" ],\r\n  \"isDefault\" : [ \"N\" ],\r\n  \"status\" : [ \"0\" ],\r\n  \"remark\" : [ \"\" ]\r\n}','{\r\n  \"msg\" : \"æ“ä½œæˆåŠŸ\",\r\n  \"code\" : 0\r\n}',0,NULL,'2020-02-14 11:43:20'),(213,'å­—å…¸æ•°æ®',2,'com.ruoyi.web.controller.system.SysDictDataController.editSave()','POST',1,'admin','è®¾å¤‡ç®¡ç†éƒ¨é—¨','/system/dict/data/edit','127.0.0.1','å†…ç½‘IP','{\r\n  \"dictCode\" : [ \"104\" ],\r\n  \"dictLabel\" : [ \"èµ·é‡æœºæ¢°\" ],\r\n  \"dictValue\" : [ \"4\" ],\r\n  \"dictType\" : [ \"equ_attribute_type\" ],\r\n  \"cssClass\" : [ \"\" ],\r\n  \"dictSort\" : [ \"4\" ],\r\n  \"listClass\" : [ \"\" ],\r\n  \"isDefault\" : [ \"N\" ],\r\n  \"status\" : [ \"0\" ],\r\n  \"remark\" : [ \"\" ]\r\n}','{\r\n  \"msg\" : \"æ“ä½œæˆåŠŸ\",\r\n  \"code\" : 0\r\n}',0,NULL,'2020-02-14 11:43:25'),(214,'å­—å…¸æ•°æ®',2,'com.ruoyi.web.controller.system.SysDictDataController.editSave()','POST',1,'admin','è®¾å¤‡ç®¡ç†éƒ¨é—¨','/system/dict/data/edit','127.0.0.1','å†…ç½‘IP','{\r\n  \"dictCode\" : [ \"105\" ],\r\n  \"dictLabel\" : [ \"å®¢è¿ç´¢é“\" ],\r\n  \"dictValue\" : [ \"5\" ],\r\n  \"dictType\" : [ \"equ_attribute_type\" ],\r\n  \"cssClass\" : [ \"\" ],\r\n  \"dictSort\" : [ \"5\" ],\r\n  \"listClass\" : [ \"\" ],\r\n  \"isDefault\" : [ \"N\" ],\r\n  \"status\" : [ \"0\" ],\r\n  \"remark\" : [ \"\" ]\r\n}','{\r\n  \"msg\" : \"æ“ä½œæˆåŠŸ\",\r\n  \"code\" : 0\r\n}',0,NULL,'2020-02-14 11:43:28'),(215,'å­—å…¸æ•°æ®',2,'com.ruoyi.web.controller.system.SysDictDataController.editSave()','POST',1,'admin','è®¾å¤‡ç®¡ç†éƒ¨é—¨','/system/dict/data/edit','127.0.0.1','å†…ç½‘IP','{\r\n  \"dictCode\" : [ \"106\" ],\r\n  \"dictLabel\" : [ \"å¤§å‹æ¸¸ä¹è®¾æ–½\" ],\r\n  \"dictValue\" : [ \"6\" ],\r\n  \"dictType\" : [ \"equ_attribute_type\" ],\r\n  \"cssClass\" : [ \"\" ],\r\n  \"dictSort\" : [ \"6\" ],\r\n  \"listClass\" : [ \"\" ],\r\n  \"isDefault\" : [ \"N\" ],\r\n  \"status\" : [ \"0\" ],\r\n  \"remark\" : [ \"\" ]\r\n}','{\r\n  \"msg\" : \"æ“ä½œæˆåŠŸ\",\r\n  \"code\" : 0\r\n}',0,NULL,'2020-02-14 11:43:31'),(216,'å­—å…¸æ•°æ®',2,'com.ruoyi.web.controller.system.SysDictDataController.editSave()','POST',1,'admin','è®¾å¤‡ç®¡ç†éƒ¨é—¨','/system/dict/data/edit','127.0.0.1','å†…ç½‘IP','{\r\n  \"dictCode\" : [ \"107\" ],\r\n  \"dictLabel\" : [ \"åœºï¼ˆå‚ï¼‰å†…ä¸“ç”¨æœºåŠ¨è½¦è¾†\" ],\r\n  \"dictValue\" : [ \"7\" ],\r\n  \"dictType\" : [ \"equ_attribute_type\" ],\r\n  \"cssClass\" : [ \"\" ],\r\n  \"dictSort\" : [ \"7\" ],\r\n  \"listClass\" : [ \"\" ],\r\n  \"isDefault\" : [ \"N\" ],\r\n  \"status\" : [ \"0\" ],\r\n  \"remark\" : [ \"\" ]\r\n}','{\r\n  \"msg\" : \"æ“ä½œæˆåŠŸ\",\r\n  \"code\" : 0\r\n}',0,NULL,'2020-02-14 11:43:35'),(217,'è®¾å¤‡æ¡£æ¡ˆ',1,'com.ruoyi.web.controller.system.EquCardController.addSave()','POST',1,'admin','è®¾å¤‡ç®¡ç†éƒ¨é—¨','/system/euqcard/add','127.0.0.1','å†…ç½‘IP','{\r\n  \"classId\" : [ \"5\" ],\r\n  \"equCode\" : [ \"\" ],\r\n  \"equName\" : [ \"\" ],\r\n  \"className\" : [ \"æœºç”µè¿è¡Œè®¾å¤‡\" ],\r\n  \"equCount\" : [ \"\" ],\r\n  \"equSprice\" : [ \"\" ],\r\n  \"supplierId\" : [ \"\" ],\r\n  \"equBrand\" : [ \"\" ],\r\n  \"equParam\" : [ \"\" ],\r\n  \"deptId\" : [ \"\" ],\r\n  \"equAdmin\" : [ \"\" ],\r\n  \"equTime\" : [ \"\" ],\r\n  \"equYear\" : [ \"\" ],\r\n  \"equArea\" : [ \"\" ],\r\n  \"equStatus\" : [ \"0\" ],\r\n  \"remark\" : [ \"\" ],\r\n  \"equAttribute\" : [ \"\" ]\r\n}','null',1,'\r\n### Error updating database.  Cause: java.sql.SQLException: Field \'equ_guid\' doesn\'t have a default value\r\n### The error may involve com.ruoyi.system.mapper.EquCardMapper.insertEquCard-Inline\r\n### The error occurred while setting parameters\r\n### SQL: insert into equ_card          ( class_id,                                                                                                                                               equ_status,                                                                              create_time )           values ( ?,                                                                                                                                               ?,                                                                              ? )\r\n### Cause: java.sql.SQLException: Field \'equ_guid\' doesn\'t have a default value\n; Field \'equ_guid\' doesn\'t have a default value; nested exception is java.sql.SQLException: Field \'equ_guid\' doesn\'t have a default value','2020-02-14 12:53:42'),(218,'è®¾å¤‡åˆ†ç±»',1,'com.ruoyi.web.controller.system.EquClassController.addSave()','POST',1,'admin','è®¾å¤‡ç®¡ç†éƒ¨é—¨','/system/equclass/add','127.0.0.1','å†…ç½‘IP','{\r\n  \"parentId\" : [ \"5\" ],\r\n  \"className\" : [ \"ç©ºè°ƒ\" ],\r\n  \"orderNum\" : [ \"0\" ],\r\n  \"remark\" : [ \"\" ],\r\n  \"status\" : [ \"0\" ]\r\n}','{\r\n  \"msg\" : \"æ“ä½œæˆåŠŸ\",\r\n  \"code\" : 0\r\n}',0,NULL,'2020-02-14 13:40:50'),(219,'è®¾å¤‡æ¡£æ¡ˆ',1,'com.ruoyi.web.controller.system.EquCardController.addSave()','POST',1,'admin','è®¾å¤‡ç®¡ç†éƒ¨é—¨','/system/euqcard/add','127.0.0.1','å†…ç½‘IP','{\r\n  \"classId\" : [ \"9\" ],\r\n  \"equName\" : [ \"ç©ºè°ƒ\" ],\r\n  \"className\" : [ \"ç©ºè°ƒ\" ],\r\n  \"equCount\" : [ \"1\" ],\r\n  \"equSprice\" : [ \"3000\" ],\r\n  \"supplierId\" : [ \"\" ],\r\n  \"equBrand\" : [ \"\" ],\r\n  \"equParam\" : [ \"\" ],\r\n  \"deptId\" : [ \"\" ],\r\n  \"equAdmin\" : [ \"\" ],\r\n  \"equTime\" : [ \"\" ],\r\n  \"equYear\" : [ \"\" ],\r\n  \"equArea\" : [ \"\" ],\r\n  \"equStatus\" : [ \"0\" ],\r\n  \"remark\" : [ \"\" ],\r\n  \"equAttribute\" : [ \"\" ]\r\n}','{\r\n  \"msg\" : \"æ“ä½œæˆåŠŸ\",\r\n  \"code\" : 0\r\n}',0,NULL,'2020-02-14 13:41:17'),(220,'è®¾å¤‡æ¡£æ¡ˆ',1,'com.ruoyi.web.controller.system.EquCardController.addSave()','POST',1,'admin','è®¾å¤‡ç®¡ç†éƒ¨é—¨','/system/euqcard/add','127.0.0.1','å†…ç½‘IP','{\r\n  \"classId\" : [ \"9\" ],\r\n  \"equName\" : [ \"ä¸­å¤®ç©ºè°ƒ\" ],\r\n  \"className\" : [ \"ç©ºè°ƒ\" ],\r\n  \"equCount\" : [ \"1\" ],\r\n  \"equSprice\" : [ \"4000\" ],\r\n  \"supplierId\" : [ \"\" ],\r\n  \"equBrand\" : [ \"\" ],\r\n  \"equParam\" : [ \"\" ],\r\n  \"deptId\" : [ \"\" ],\r\n  \"equAdmin\" : [ \"\" ],\r\n  \"equTime\" : [ \"\" ],\r\n  \"equYear\" : [ \"\" ],\r\n  \"equArea\" : [ \"\" ],\r\n  \"equStatus\" : [ \"0\" ],\r\n  \"remark\" : [ \"\" ],\r\n  \"equAttribute\" : [ \"\" ]\r\n}','null',1,'\r\n### Error updating database.  Cause: java.sql.SQLException: Parameter number 1 is not an OUT parameter\r\n### SQL: CALL GetSerialNo(?)\r\n### Cause: java.sql.SQLException: Parameter number 1 is not an OUT parameter\n; Parameter number 1 is not an OUT parameter; nested exception is java.sql.SQLException: Parameter number 1 is not an OUT parameter','2020-02-14 14:43:08'),(221,'è®¾å¤‡æ¡£æ¡ˆ',1,'com.ruoyi.web.controller.system.EquCardController.addSave()','POST',1,'admin','è®¾å¤‡ç®¡ç†éƒ¨é—¨','/system/euqcard/add','127.0.0.1','å†…ç½‘IP','{\r\n  \"classId\" : [ \"9\" ],\r\n  \"equName\" : [ \"ä¸­å¤®ç©ºè°ƒ\" ],\r\n  \"className\" : [ \"ç©ºè°ƒ\" ],\r\n  \"equCount\" : [ \"1\" ],\r\n  \"equSprice\" : [ \"4000\" ],\r\n  \"supplierId\" : [ \"\" ],\r\n  \"equBrand\" : [ \"\" ],\r\n  \"equParam\" : [ \"\" ],\r\n  \"deptId\" : [ \"\" ],\r\n  \"equAdmin\" : [ \"\" ],\r\n  \"equTime\" : [ \"\" ],\r\n  \"equYear\" : [ \"\" ],\r\n  \"equArea\" : [ \"\" ],\r\n  \"equStatus\" : [ \"0\" ],\r\n  \"remark\" : [ \"\" ],\r\n  \"equAttribute\" : [ \"\" ]\r\n}','null',1,'\r\n### Error updating database.  Cause: java.sql.SQLException: Parameter number 1 is not an OUT parameter\r\n### SQL: CALL GetSerialNo(?)\r\n### Cause: java.sql.SQLException: Parameter number 1 is not an OUT parameter\n; Parameter number 1 is not an OUT parameter; nested exception is java.sql.SQLException: Parameter number 1 is not an OUT parameter','2020-02-14 14:44:31'),(222,'è®¾å¤‡æ¡£æ¡ˆ',1,'com.ruoyi.web.controller.system.EquCardController.addSave()','POST',1,'admin','è®¾å¤‡ç®¡ç†éƒ¨é—¨','/system/euqcard/add','127.0.0.1','å†…ç½‘IP','{\r\n  \"classId\" : [ \"9\" ],\r\n  \"equName\" : [ \"ä¸­å¤®ç©ºè°ƒ\" ],\r\n  \"className\" : [ \"ç©ºè°ƒ\" ],\r\n  \"equCount\" : [ \"1\" ],\r\n  \"equSprice\" : [ \"10000\" ],\r\n  \"supplierId\" : [ \"\" ],\r\n  \"equBrand\" : [ \"\" ],\r\n  \"equParam\" : [ \"\" ],\r\n  \"deptId\" : [ \"\" ],\r\n  \"equAdmin\" : [ \"\" ],\r\n  \"equTime\" : [ \"\" ],\r\n  \"equYear\" : [ \"\" ],\r\n  \"equArea\" : [ \"\" ],\r\n  \"equStatus\" : [ \"0\" ],\r\n  \"remark\" : [ \"\" ],\r\n  \"equAttribute\" : [ \"\" ]\r\n}','{\r\n  \"msg\" : \"æ“ä½œæˆåŠŸ\",\r\n  \"code\" : 0\r\n}',0,NULL,'2020-02-14 14:46:50'),(223,'è®¾å¤‡æ¡£æ¡ˆ',1,'com.ruoyi.web.controller.system.EquCardController.addSave()','POST',1,'admin','è®¾å¤‡ç®¡ç†éƒ¨é—¨','/system/euqcard/add','127.0.0.1','å†…ç½‘IP','{\r\n  \"classId\" : [ \"9\" ],\r\n  \"equName\" : [ \"ç”µæ¢¯ç©ºè°ƒ\" ],\r\n  \"className\" : [ \"ç©ºè°ƒ\" ],\r\n  \"equCount\" : [ \"1\" ],\r\n  \"equSprice\" : [ \"1000\" ],\r\n  \"supplierId\" : [ \"\" ],\r\n  \"equBrand\" : [ \"\" ],\r\n  \"equParam\" : [ \"\" ],\r\n  \"deptId\" : [ \"\" ],\r\n  \"equAdmin\" : [ \"\" ],\r\n  \"equTime\" : [ \"\" ],\r\n  \"equYear\" : [ \"\" ],\r\n  \"equArea\" : [ \"\" ],\r\n  \"equStatus\" : [ \"0\" ],\r\n  \"remark\" : [ \"\" ],\r\n  \"equAttribute\" : [ \"\" ]\r\n}','{\r\n  \"msg\" : \"æ“ä½œæˆåŠŸ\",\r\n  \"code\" : 0\r\n}',0,NULL,'2020-02-14 15:02:32'),(224,'è®¾å¤‡æ¡£æ¡ˆ',5,'com.ruoyi.web.controller.system.EquCardController.export()','POST',1,'admin','è®¾å¤‡ç®¡ç†éƒ¨é—¨','/system/euqcard/export','127.0.0.1','å†…ç½‘IP','{\r\n  \"equSerial\" : [ \"\" ],\r\n  \"equName\" : [ \"\" ],\r\n  \"equStatus\" : [ \"\" ],\r\n  \"params[beginCreateTime]\" : [ \"\" ],\r\n  \"params[endCreateTime]\" : [ \"\" ]\r\n}','{\r\n  \"msg\" : \"570de7a8-1eeb-4de6-8fb6-5f75cbda03a5_euqcard.xlsx\",\r\n  \"code\" : 0\r\n}',0,NULL,'2020-02-14 15:06:00'),(225,'è®¾å¤‡æ¡£æ¡ˆ',2,'com.ruoyi.web.controller.system.EquCardController.editSave()','POST',1,'admin','è®¾å¤‡ç®¡ç†éƒ¨é—¨','/system/euqcard/edit','127.0.0.1','å†…ç½‘IP','{\r\n  \"equAttribute\" : [ \"\" ]\r\n}','null',1,'','2020-02-14 15:59:09'),(226,'è®¾å¤‡æ¡£æ¡ˆ',2,'com.ruoyi.web.controller.system.EquCardController.editSave()','POST',1,'admin','è®¾å¤‡ç®¡ç†éƒ¨é—¨','/system/euqcard/edit','127.0.0.1','å†…ç½‘IP','{\r\n  \"equAttribute\" : [ \"\" ]\r\n}','null',1,'','2020-02-14 16:07:41'),(227,'è®¾å¤‡æ¡£æ¡ˆ',2,'com.ruoyi.web.controller.system.EquCardController.editSave()','POST',1,'admin','è®¾å¤‡ç®¡ç†éƒ¨é—¨','/system/euqcard/edit','127.0.0.1','å†…ç½‘IP','{\r\n  \"equAttribute\" : [ \"\" ]\r\n}','null',1,'','2020-02-14 16:08:10'),(228,'è®¾å¤‡æ¡£æ¡ˆ',2,'com.ruoyi.web.controller.system.EquCardController.editSave()','POST',1,'admin','è®¾å¤‡ç®¡ç†éƒ¨é—¨','/system/euqcard/edit','127.0.0.1','å†…ç½‘IP','{\r\n  \"equAttribute\" : [ \"\" ]\r\n}','null',1,'','2020-02-14 16:13:23'),(229,'è®¾å¤‡æ¡£æ¡ˆ',2,'com.ruoyi.web.controller.system.EquCardController.editSave()','POST',1,'admin','è®¾å¤‡ç®¡ç†éƒ¨é—¨','/system/euqcard/edit','127.0.0.1','å†…ç½‘IP','{\r\n  \"equAttribute\" : [ \"\" ]\r\n}','null',1,'','2020-02-14 16:14:51'),(230,'è®¾å¤‡æ¡£æ¡ˆ',2,'com.ruoyi.web.controller.system.EquCardController.editSave()','POST',1,'admin','è®¾å¤‡ç®¡ç†éƒ¨é—¨','/system/euqcard/edit','127.0.0.1','å†…ç½‘IP','{\r\n  \"equAttribute\" : [ \"\" ]\r\n}','null',1,'','2020-02-14 16:16:52'),(231,'è®¾å¤‡æ¡£æ¡ˆ',2,'com.ruoyi.web.controller.system.EquCardController.editSave()','POST',1,'admin','è®¾å¤‡ç®¡ç†éƒ¨é—¨','/system/euqcard/edit','127.0.0.1','å†…ç½‘IP','{\r\n  \"equId\" : [ \"1\" ],\r\n  \"classId\" : [ \"9\" ],\r\n  \"equName\" : [ \"ç©ºè°ƒ\" ],\r\n  \"className\" : [ \"ç©ºè°ƒ\" ],\r\n  \"equCount\" : [ \"1.0\" ],\r\n  \"equSprice\" : [ \"3000.0\" ],\r\n  \"supplierId\" : [ \"\" ],\r\n  \"equBrand\" : [ \"\" ],\r\n  \"equParam\" : [ \"\" ],\r\n  \"deptId\" : [ \"\" ],\r\n  \"equAdmin\" : [ \"\" ],\r\n  \"equTime\" : [ \"\" ],\r\n  \"equYear\" : [ \"\" ],\r\n  \"equArea\" : [ \"\" ],\r\n  \"remark\" : [ \"\" ],\r\n  \"equAttribute\" : [ \"\" ]\r\n}','{\r\n  \"msg\" : \"æ“ä½œæˆåŠŸ\",\r\n  \"code\" : 0\r\n}',0,NULL,'2020-02-14 16:17:09'),(232,'è®¾å¤‡æ¡£æ¡ˆ',2,'com.ruoyi.web.controller.system.EquCardController.editSave()','POST',1,'admin','è®¾å¤‡ç®¡ç†éƒ¨é—¨','/system/euqcard/edit','127.0.0.1','å†…ç½‘IP','{\r\n  \"equId\" : [ \"1\" ],\r\n  \"classId\" : [ \"9\" ],\r\n  \"equName\" : [ \"ç©ºè°ƒ\" ],\r\n  \"className\" : [ \"ç©ºè°ƒ\" ],\r\n  \"equCount\" : [ \"2.0\" ],\r\n  \"equSprice\" : [ \"3000.0\" ],\r\n  \"supplierId\" : [ \"\" ],\r\n  \"equBrand\" : [ \"\" ],\r\n  \"equParam\" : [ \"\" ],\r\n  \"deptId\" : [ \"\" ],\r\n  \"equAdmin\" : [ \"\" ],\r\n  \"equTime\" : [ \"\" ],\r\n  \"equYear\" : [ \"\" ],\r\n  \"equArea\" : [ \"\" ],\r\n  \"equStatus\" : [ \"0\" ],\r\n  \"remark\" : [ \"\" ],\r\n  \"equAttribute\" : [ \"\" ]\r\n}','{\r\n  \"msg\" : \"æ“ä½œæˆåŠŸ\",\r\n  \"code\" : 0\r\n}',0,NULL,'2020-02-14 16:18:19'),(233,'è®¾å¤‡æ¡£æ¡ˆ',2,'com.ruoyi.web.controller.system.EquCardController.editSave()','POST',1,'admin','è®¾å¤‡ç®¡ç†éƒ¨é—¨','/system/euqcard/edit','127.0.0.1','å†…ç½‘IP','{\r\n  \"equId\" : [ \"2\" ],\r\n  \"classId\" : [ \"9\" ],\r\n  \"equName\" : [ \"ä¸­å¤®ç©ºè°ƒ\" ],\r\n  \"className\" : [ \"ç©ºè°ƒ\" ],\r\n  \"equCount\" : [ \"1.0\" ],\r\n  \"equSprice\" : [ \"10000.0\" ],\r\n  \"supplierId\" : [ \"\" ],\r\n  \"equBrand\" : [ \"\" ],\r\n  \"equParam\" : [ \"\" ],\r\n  \"deptId\" : [ \"\" ],\r\n  \"equAdmin\" : [ \"\" ],\r\n  \"equTime\" : [ \"\" ],\r\n  \"equYear\" : [ \"\" ],\r\n  \"equArea\" : [ \"\" ],\r\n  \"equStatus\" : [ \"0\" ],\r\n  \"remark\" : [ \"\" ],\r\n  \"equAttribute\" : [ \"\" ]\r\n}','{\r\n  \"msg\" : \"æ“ä½œæˆåŠŸ\",\r\n  \"code\" : 0\r\n}',0,NULL,'2020-02-14 16:20:42'),(234,'è®¾å¤‡æ¡£æ¡ˆ',2,'com.ruoyi.web.controller.system.EquCardController.editSave()','POST',1,'admin','è®¾å¤‡ç®¡ç†éƒ¨é—¨','/system/euqcard/edit','127.0.0.1','å†…ç½‘IP','{\r\n  \"equId\" : [ \"3\" ],\r\n  \"classId\" : [ \"9\" ],\r\n  \"equName\" : [ \"ç”µæ¢¯ç©ºè°ƒ\" ],\r\n  \"className\" : [ \"ç©ºè°ƒ\" ],\r\n  \"equCount\" : [ \"1.0\" ],\r\n  \"equSprice\" : [ \"1000.0\" ],\r\n  \"supplierId\" : [ \"\" ],\r\n  \"equBrand\" : [ \"\" ],\r\n  \"equParam\" : [ \"\" ],\r\n  \"deptId\" : [ \"\" ],\r\n  \"equAdmin\" : [ \"\" ],\r\n  \"equTime\" : [ \"\" ],\r\n  \"equYear\" : [ \"\" ],\r\n  \"equArea\" : [ \"\" ],\r\n  \"equStatus\" : [ \"0\" ],\r\n  \"remark\" : [ \"\" ],\r\n  \"equAttribute\" : [ \"\" ]\r\n}','{\r\n  \"msg\" : \"æ“ä½œæˆåŠŸ\",\r\n  \"code\" : 0\r\n}',0,NULL,'2020-02-14 16:20:49'),(235,'è®¾å¤‡æ¡£æ¡ˆ',2,'com.ruoyi.web.controller.system.EquCardController.editSave()','POST',1,'admin','è®¾å¤‡ç®¡ç†éƒ¨é—¨','/system/euqcard/edit','127.0.0.1','å†…ç½‘IP','{\r\n  \"equId\" : [ \"1\" ],\r\n  \"classId\" : [ \"9\" ],\r\n  \"equName\" : [ \"ç©ºè°ƒ\" ],\r\n  \"className\" : [ \"ç©ºè°ƒ\" ],\r\n  \"equCount\" : [ \"2.0\" ],\r\n  \"equSprice\" : [ \"3000.0\" ],\r\n  \"supplierId\" : [ \"\" ],\r\n  \"equBrand\" : [ \"\" ],\r\n  \"equParam\" : [ \"\" ],\r\n  \"deptId\" : [ \"\" ],\r\n  \"equAdmin\" : [ \"\" ],\r\n  \"equTime\" : [ \"\" ],\r\n  \"equYear\" : [ \"\" ],\r\n  \"equArea\" : [ \"\" ],\r\n  \"equStatus\" : [ \"1\" ],\r\n  \"remark\" : [ \"\" ],\r\n  \"equAttribute\" : [ \"\" ]\r\n}','{\r\n  \"msg\" : \"æ“ä½œæˆåŠŸ\",\r\n  \"code\" : 0\r\n}',0,NULL,'2020-02-14 16:25:33'),(236,'è®¾å¤‡æ¡£æ¡ˆ',2,'com.ruoyi.web.controller.system.EquCardController.editSave()','POST',1,'admin','è®¾å¤‡ç®¡ç†éƒ¨é—¨','/system/euqcard/edit','127.0.0.1','å†…ç½‘IP','{\r\n  \"equId\" : [ \"3\" ],\r\n  \"classId\" : [ \"9\" ],\r\n  \"equName\" : [ \"ç”µæ¢¯ç©ºè°ƒ\" ],\r\n  \"className\" : [ \"ç©ºè°ƒ\" ],\r\n  \"equCount\" : [ \"1.0\" ],\r\n  \"equSprice\" : [ \"1000.0\" ],\r\n  \"supplierId\" : [ \"\" ],\r\n  \"equBrand\" : [ \"\" ],\r\n  \"equParam\" : [ \"\" ],\r\n  \"deptId\" : [ \"\" ],\r\n  \"equAdmin\" : [ \"\" ],\r\n  \"equTime\" : [ \"\" ],\r\n  \"equYear\" : [ \"\" ],\r\n  \"equArea\" : [ \"\" ],\r\n  \"equStatus\" : [ \"1\" ],\r\n  \"remark\" : [ \"\" ],\r\n  \"equAttribute\" : [ \"\" ]\r\n}','{\r\n  \"msg\" : \"æ“ä½œæˆåŠŸ\",\r\n  \"code\" : 0\r\n}',0,NULL,'2020-02-14 16:28:16'),(237,'è®¾å¤‡æ¡£æ¡ˆ',2,'com.ruoyi.web.controller.system.EquCardController.editSave()','POST',1,'admin','è®¾å¤‡ç®¡ç†éƒ¨é—¨','/system/euqcard/edit','127.0.0.1','å†…ç½‘IP','{\r\n  \"equId\" : [ \"3\" ],\r\n  \"classId\" : [ \"9\" ],\r\n  \"equName\" : [ \"ç”µæ¢¯ç©ºè°ƒ\" ],\r\n  \"className\" : [ \"ç©ºè°ƒ\" ],\r\n  \"equCount\" : [ \"1.0\" ],\r\n  \"equSprice\" : [ \"1000.0\" ],\r\n  \"supplierId\" : [ \"\" ],\r\n  \"equBrand\" : [ \"\" ],\r\n  \"equParam\" : [ \"\" ],\r\n  \"deptId\" : [ \"\" ],\r\n  \"equAdmin\" : [ \"\" ],\r\n  \"equTime\" : [ \"\" ],\r\n  \"equYear\" : [ \"\" ],\r\n  \"equArea\" : [ \"\" ],\r\n  \"equStatus\" : [ \"0\" ],\r\n  \"remark\" : [ \"\" ],\r\n  \"equAttribute\" : [ \"\" ]\r\n}','{\r\n  \"msg\" : \"æ“ä½œæˆåŠŸ\",\r\n  \"code\" : 0\r\n}',0,NULL,'2020-02-14 16:28:23'),(238,'è®¾å¤‡æ¡£æ¡ˆ',2,'com.ruoyi.web.controller.system.EquCardController.editSave()','POST',1,'admin','è®¾å¤‡ç®¡ç†éƒ¨é—¨','/system/euqcard/edit','127.0.0.1','å†…ç½‘IP','{\r\n  \"equId\" : [ \"1\" ],\r\n  \"classId\" : [ \"9\" ],\r\n  \"equName\" : [ \"ç©ºè°ƒ\" ],\r\n  \"className\" : [ \"ç©ºè°ƒ\" ],\r\n  \"equCount\" : [ \"2.0\" ],\r\n  \"equSprice\" : [ \"3000.0\" ],\r\n  \"supplierId\" : [ \"\" ],\r\n  \"equBrand\" : [ \"\" ],\r\n  \"equParam\" : [ \"\" ],\r\n  \"deptId\" : [ \"\" ],\r\n  \"equAdmin\" : [ \"\" ],\r\n  \"equTime\" : [ \"\" ],\r\n  \"equYear\" : [ \"\" ],\r\n  \"equArea\" : [ \"\" ],\r\n  \"equStatus\" : [ \"0\" ],\r\n  \"remark\" : [ \"\" ],\r\n  \"equAttribute\" : [ \"\" ]\r\n}','{\r\n  \"msg\" : \"æ“ä½œæˆåŠŸ\",\r\n  \"code\" : 0\r\n}',0,NULL,'2020-02-14 16:28:28'),(239,'è®¾å¤‡æ¡£æ¡ˆ',2,'com.ruoyi.web.controller.system.EquCardController.editSave()','POST',1,'admin','è®¾å¤‡ç®¡ç†éƒ¨é—¨','/system/euqcard/edit','127.0.0.1','å†…ç½‘IP','{\r\n  \"equId\" : [ \"1\" ],\r\n  \"classId\" : [ \"9\" ],\r\n  \"deptId\" : [ \"101\" ],\r\n  \"equName\" : [ \"ç©ºè°ƒ\" ],\r\n  \"className\" : [ \"ç©ºè°ƒ\" ],\r\n  \"equCount\" : [ \"2.0\" ],\r\n  \"equSprice\" : [ \"3000.0\" ],\r\n  \"supplierId\" : [ \"\" ],\r\n  \"equBrand\" : [ \"\" ],\r\n  \"equParam\" : [ \"\" ],\r\n  \"deptName\" : [ \"è®¾å¤‡ç®¡ç†éƒ¨é—¨\" ],\r\n  \"equAdmin\" : [ \"\" ],\r\n  \"equTime\" : [ \"\" ],\r\n  \"equYear\" : [ \"\" ],\r\n  \"equArea\" : [ \"\" ],\r\n  \"equStatus\" : [ \"0\" ],\r\n  \"remark\" : [ \"\" ],\r\n  \"equAttribute\" : [ \"\" ]\r\n}','{\r\n  \"msg\" : \"æ“ä½œæˆåŠŸ\",\r\n  \"code\" : 0\r\n}',0,NULL,'2020-02-14 16:48:17'),(240,'è®¾å¤‡æ¡£æ¡ˆ',2,'com.ruoyi.web.controller.system.EquCardController.editSave()','POST',1,'admin','è®¾å¤‡ç®¡ç†éƒ¨é—¨','/system/euqcard/edit','127.0.0.1','å†…ç½‘IP','{\r\n  \"equId\" : [ \"1\" ],\r\n  \"classId\" : [ \"9\" ],\r\n  \"deptId\" : [ \"101\" ],\r\n  \"equName\" : [ \"ç©ºè°ƒ\" ],\r\n  \"className\" : [ \"ç©ºè°ƒ\" ],\r\n  \"equCount\" : [ \"2.0\" ],\r\n  \"equSprice\" : [ \"3000.0\" ],\r\n  \"supplierId\" : [ \"\" ],\r\n  \"equBrand\" : [ \"\" ],\r\n  \"equParam\" : [ \"\" ],\r\n  \"deptName\" : [ \"è®¾å¤‡ç®¡ç†éƒ¨é—¨\" ],\r\n  \"equAdmin\" : [ \"\" ],\r\n  \"equTime\" : [ \"\" ],\r\n  \"equYear\" : [ \"\" ],\r\n  \"equArea\" : [ \"\" ],\r\n  \"equStatus\" : [ \"0\" ],\r\n  \"remark\" : [ \"\" ],\r\n  \"equAttribute\" : [ \"\" ]\r\n}','{\r\n  \"msg\" : \"æ“ä½œæˆåŠŸ\",\r\n  \"code\" : 0\r\n}',0,NULL,'2020-02-14 16:48:42'),(241,'è®¾å¤‡æ¡£æ¡ˆ',2,'com.ruoyi.web.controller.system.EquCardController.editSave()','POST',1,'admin','è®¾å¤‡ç®¡ç†éƒ¨é—¨','/system/euqcard/edit','127.0.0.1','å†…ç½‘IP','{\r\n  \"equId\" : [ \"1\" ],\r\n  \"classId\" : [ \"9\" ],\r\n  \"deptId\" : [ \"101\" ],\r\n  \"equName\" : [ \"ç©ºè°ƒ\" ],\r\n  \"className\" : [ \"ç©ºè°ƒ\" ],\r\n  \"equCount\" : [ \"2.0\" ],\r\n  \"equSprice\" : [ \"3000.0\" ],\r\n  \"supplierId\" : [ \"\" ],\r\n  \"equBrand\" : [ \"\" ],\r\n  \"equParam\" : [ \"\" ],\r\n  \"deptName\" : [ \"è®¾å¤‡ç®¡ç†éƒ¨é—¨\" ],\r\n  \"equAdmin\" : [ \"\" ],\r\n  \"equTime\" : [ \"\" ],\r\n  \"equYear\" : [ \"\" ],\r\n  \"equArea\" : [ \"\" ],\r\n  \"equStatus\" : [ \"0\" ],\r\n  \"remark\" : [ \"\" ],\r\n  \"equAttribute\" : [ \"0\" ]\r\n}','{\r\n  \"msg\" : \"æ“ä½œæˆåŠŸ\",\r\n  \"code\" : 0\r\n}',0,NULL,'2020-02-14 16:51:10'),(242,'è®¾å¤‡æ¡£æ¡ˆ',2,'com.ruoyi.web.controller.system.EquCardController.editSave()','POST',1,'admin','è®¾å¤‡ç®¡ç†éƒ¨é—¨','/system/euqcard/edit','127.0.0.1','å†…ç½‘IP','{\r\n  \"equId\" : [ \"1\" ],\r\n  \"classId\" : [ \"9\" ],\r\n  \"deptId\" : [ \"101\" ],\r\n  \"equName\" : [ \"ç©ºè°ƒ\" ],\r\n  \"className\" : [ \"ç©ºè°ƒ\" ],\r\n  \"equCount\" : [ \"2.0\" ],\r\n  \"equSprice\" : [ \"3000.0\" ],\r\n  \"supplierId\" : [ \"\" ],\r\n  \"equBrand\" : [ \"\" ],\r\n  \"equParam\" : [ \"\" ],\r\n  \"deptName\" : [ \"è®¾å¤‡ç®¡ç†éƒ¨é—¨\" ],\r\n  \"equAdmin\" : [ \"\" ],\r\n  \"equTime\" : [ \"\" ],\r\n  \"equYear\" : [ \"\" ],\r\n  \"equArea\" : [ \"\" ],\r\n  \"equAttribute\" : [ \"1\" ],\r\n  \"equStatus\" : [ \"0\" ],\r\n  \"remark\" : [ \"\" ]\r\n}','{\r\n  \"msg\" : \"æ“ä½œæˆåŠŸ\",\r\n  \"code\" : 0\r\n}',0,NULL,'2020-02-14 17:19:04'),(243,'è®¾å¤‡æ¡£æ¡ˆ',2,'com.ruoyi.web.controller.system.EquCardController.editSave()','POST',1,'admin','è®¾å¤‡ç®¡ç†éƒ¨é—¨','/system/euqcard/edit','127.0.0.1','å†…ç½‘IP','{\r\n  \"equId\" : [ \"1\" ],\r\n  \"classId\" : [ \"9\" ],\r\n  \"deptId\" : [ \"101\" ],\r\n  \"equName\" : [ \"ç©ºè°ƒ\" ],\r\n  \"className\" : [ \"ç©ºè°ƒ\" ],\r\n  \"equCount\" : [ \"2.0\" ],\r\n  \"equSprice\" : [ \"3000.0\" ],\r\n  \"supplierId\" : [ \"\" ],\r\n  \"equBrand\" : [ \"\" ],\r\n  \"equParam\" : [ \"\" ],\r\n  \"deptName\" : [ \"è®¾å¤‡ç®¡ç†éƒ¨é—¨\" ],\r\n  \"equAdmin\" : [ \"\" ],\r\n  \"equTime\" : [ \"\" ],\r\n  \"equYear\" : [ \"\" ],\r\n  \"equArea\" : [ \"\" ],\r\n  \"equAttribute\" : [ \"0\" ],\r\n  \"equStatus\" : [ \"0\" ],\r\n  \"remark\" : [ \"\" ]\r\n}','{\r\n  \"msg\" : \"æ“ä½œæˆåŠŸ\",\r\n  \"code\" : 0\r\n}',0,NULL,'2020-02-14 17:19:10'),(244,'å­—å…¸æ•°æ®',2,'com.ruoyi.web.controller.system.SysDictDataController.editSave()','POST',1,'admin','è®¾å¤‡ç®¡ç†éƒ¨é—¨','/system/dict/data/edit','127.0.0.1','å†…ç½‘IP','{\r\n  \"dictCode\" : [ \"100\" ],\r\n  \"dictLabel\" : [ \"æ— \" ],\r\n  \"dictValue\" : [ \"0\" ],\r\n  \"dictType\" : [ \"equ_attribute_type\" ],\r\n  \"cssClass\" : [ \"\" ],\r\n  \"dictSort\" : [ \"0\" ],\r\n  \"listClass\" : [ \"\" ],\r\n  \"isDefault\" : [ \"Y\" ],\r\n  \"status\" : [ \"0\" ],\r\n  \"remark\" : [ \"\" ]\r\n}','{\r\n  \"msg\" : \"æ“ä½œæˆåŠŸ\",\r\n  \"code\" : 0\r\n}',0,NULL,'2020-02-14 17:20:01'),(245,'å­—å…¸æ•°æ®',1,'com.ruoyi.web.controller.system.SysDictDataController.addSave()','POST',1,'admin','è®¾å¤‡ç®¡ç†éƒ¨é—¨','/system/dict/data/add','127.0.0.1','å†…ç½‘IP','{\r\n  \"dictLabel\" : [ \"1\" ],\r\n  \"dictValue\" : [ \"8\" ],\r\n  \"dictType\" : [ \"equ_attribute_type\" ],\r\n  \"cssClass\" : [ \"\" ],\r\n  \"dictSort\" : [ \"8\" ],\r\n  \"listClass\" : [ \"\" ],\r\n  \"isDefault\" : [ \"N\" ],\r\n  \"status\" : [ \"0\" ],\r\n  \"remark\" : [ \"\" ]\r\n}','{\r\n  \"msg\" : \"æ“ä½œæˆåŠŸ\",\r\n  \"code\" : 0\r\n}',0,NULL,'2020-02-14 17:20:17'),(246,'å­—å…¸æ•°æ®',2,'com.ruoyi.web.controller.system.SysDictDataController.editSave()','POST',1,'admin','è®¾å¤‡ç®¡ç†éƒ¨é—¨','/system/dict/data/edit','127.0.0.1','å†…ç½‘IP','{\r\n  \"dictCode\" : [ \"112\" ],\r\n  \"dictLabel\" : [ \"åœºï¼ˆå‚ï¼‰å†…ä¸“ç”¨æœºåŠ¨è½¦è¾†\" ],\r\n  \"dictValue\" : [ \"8\" ],\r\n  \"dictType\" : [ \"equ_attribute_type\" ],\r\n  \"cssClass\" : [ \"\" ],\r\n  \"dictSort\" : [ \"8\" ],\r\n  \"listClass\" : [ \"\" ],\r\n  \"isDefault\" : [ \"N\" ],\r\n  \"status\" : [ \"0\" ],\r\n  \"remark\" : [ \"\" ]\r\n}','{\r\n  \"msg\" : \"æ“ä½œæˆåŠŸ\",\r\n  \"code\" : 0\r\n}',0,NULL,'2020-02-14 17:20:25'),(247,'å­—å…¸æ•°æ®',2,'com.ruoyi.web.controller.system.SysDictDataController.editSave()','POST',1,'admin','è®¾å¤‡ç®¡ç†éƒ¨é—¨','/system/dict/data/edit','127.0.0.1','å†…ç½‘IP','{\r\n  \"dictCode\" : [ \"107\" ],\r\n  \"dictLabel\" : [ \"å¤§å‹æ¸¸ä¹è®¾æ–½\" ],\r\n  \"dictValue\" : [ \"7\" ],\r\n  \"dictType\" : [ \"equ_attribute_type\" ],\r\n  \"cssClass\" : [ \"\" ],\r\n  \"dictSort\" : [ \"7\" ],\r\n  \"listClass\" : [ \"\" ],\r\n  \"isDefault\" : [ \"N\" ],\r\n  \"status\" : [ \"0\" ],\r\n  \"remark\" : [ \"\" ]\r\n}','{\r\n  \"msg\" : \"æ“ä½œæˆåŠŸ\",\r\n  \"code\" : 0\r\n}',0,NULL,'2020-02-14 17:20:31'),(248,'å­—å…¸æ•°æ®',2,'com.ruoyi.web.controller.system.SysDictDataController.editSave()','POST',1,'admin','è®¾å¤‡ç®¡ç†éƒ¨é—¨','/system/dict/data/edit','127.0.0.1','å†…ç½‘IP','{\r\n  \"dictCode\" : [ \"106\" ],\r\n  \"dictLabel\" : [ \"å®¢è¿ç´¢é“\" ],\r\n  \"dictValue\" : [ \"6\" ],\r\n  \"dictType\" : [ \"equ_attribute_type\" ],\r\n  \"cssClass\" : [ \"\" ],\r\n  \"dictSort\" : [ \"6\" ],\r\n  \"listClass\" : [ \"\" ],\r\n  \"isDefault\" : [ \"N\" ],\r\n  \"status\" : [ \"0\" ],\r\n  \"remark\" : [ \"\" ]\r\n}','{\r\n  \"msg\" : \"æ“ä½œæˆåŠŸ\",\r\n  \"code\" : 0\r\n}',0,NULL,'2020-02-14 17:20:36'),(249,'å­—å…¸æ•°æ®',2,'com.ruoyi.web.controller.system.SysDictDataController.editSave()','POST',1,'admin','è®¾å¤‡ç®¡ç†éƒ¨é—¨','/system/dict/data/edit','127.0.0.1','å†…ç½‘IP','{\r\n  \"dictCode\" : [ \"105\" ],\r\n  \"dictLabel\" : [ \"èµ·é‡æœºæ¢°\" ],\r\n  \"dictValue\" : [ \"5\" ],\r\n  \"dictType\" : [ \"equ_attribute_type\" ],\r\n  \"cssClass\" : [ \"\" ],\r\n  \"dictSort\" : [ \"5\" ],\r\n  \"listClass\" : [ \"\" ],\r\n  \"isDefault\" : [ \"N\" ],\r\n  \"status\" : [ \"0\" ],\r\n  \"remark\" : [ \"\" ]\r\n}','{\r\n  \"msg\" : \"æ“ä½œæˆåŠŸ\",\r\n  \"code\" : 0\r\n}',0,NULL,'2020-02-14 17:20:41'),(250,'å­—å…¸æ•°æ®',2,'com.ruoyi.web.controller.system.SysDictDataController.editSave()','POST',1,'admin','è®¾å¤‡ç®¡ç†éƒ¨é—¨','/system/dict/data/edit','127.0.0.1','å†…ç½‘IP','{\r\n  \"dictCode\" : [ \"104\" ],\r\n  \"dictLabel\" : [ \"ç”µæ¢¯\" ],\r\n  \"dictValue\" : [ \"4\" ],\r\n  \"dictType\" : [ \"equ_attribute_type\" ],\r\n  \"cssClass\" : [ \"\" ],\r\n  \"dictSort\" : [ \"4\" ],\r\n  \"listClass\" : [ \"\" ],\r\n  \"isDefault\" : [ \"N\" ],\r\n  \"status\" : [ \"0\" ],\r\n  \"remark\" : [ \"\" ]\r\n}','{\r\n  \"msg\" : \"æ“ä½œæˆåŠŸ\",\r\n  \"code\" : 0\r\n}',0,NULL,'2020-02-14 17:20:46'),(251,'å­—å…¸æ•°æ®',2,'com.ruoyi.web.controller.system.SysDictDataController.editSave()','POST',1,'admin','è®¾å¤‡ç®¡ç†éƒ¨é—¨','/system/dict/data/edit','127.0.0.1','å†…ç½‘IP','{\r\n  \"dictCode\" : [ \"103\" ],\r\n  \"dictLabel\" : [ \"å‹åŠ›ç®¡é“\" ],\r\n  \"dictValue\" : [ \"3\" ],\r\n  \"dictType\" : [ \"equ_attribute_type\" ],\r\n  \"cssClass\" : [ \"\" ],\r\n  \"dictSort\" : [ \"3\" ],\r\n  \"listClass\" : [ \"\" ],\r\n  \"isDefault\" : [ \"N\" ],\r\n  \"status\" : [ \"0\" ],\r\n  \"remark\" : [ \"\" ]\r\n}','{\r\n  \"msg\" : \"æ“ä½œæˆåŠŸ\",\r\n  \"code\" : 0\r\n}',0,NULL,'2020-02-14 17:20:52'),(252,'å­—å…¸æ•°æ®',2,'com.ruoyi.web.controller.system.SysDictDataController.editSave()','POST',1,'admin','è®¾å¤‡ç®¡ç†éƒ¨é—¨','/system/dict/data/edit','127.0.0.1','å†…ç½‘IP','{\r\n  \"dictCode\" : [ \"102\" ],\r\n  \"dictLabel\" : [ \"å‹åŠ›å®¹å™¨\" ],\r\n  \"dictValue\" : [ \"2\" ],\r\n  \"dictType\" : [ \"equ_attribute_type\" ],\r\n  \"cssClass\" : [ \"\" ],\r\n  \"dictSort\" : [ \"2\" ],\r\n  \"listClass\" : [ \"\" ],\r\n  \"isDefault\" : [ \"N\" ],\r\n  \"status\" : [ \"0\" ],\r\n  \"remark\" : [ \"\" ]\r\n}','{\r\n  \"msg\" : \"æ“ä½œæˆåŠŸ\",\r\n  \"code\" : 0\r\n}',0,NULL,'2020-02-14 17:20:57'),(253,'å­—å…¸æ•°æ®',2,'com.ruoyi.web.controller.system.SysDictDataController.editSave()','POST',1,'admin','è®¾å¤‡ç®¡ç†éƒ¨é—¨','/system/dict/data/edit','127.0.0.1','å†…ç½‘IP','{\r\n  \"dictCode\" : [ \"101\" ],\r\n  \"dictLabel\" : [ \"é”…ç‚‰\" ],\r\n  \"dictValue\" : [ \"1\" ],\r\n  \"dictType\" : [ \"equ_attribute_type\" ],\r\n  \"cssClass\" : [ \"\" ],\r\n  \"dictSort\" : [ \"1\" ],\r\n  \"listClass\" : [ \"\" ],\r\n  \"isDefault\" : [ \"N\" ],\r\n  \"status\" : [ \"0\" ],\r\n  \"remark\" : [ \"\" ]\r\n}','{\r\n  \"msg\" : \"æ“ä½œæˆåŠŸ\",\r\n  \"code\" : 0\r\n}',0,NULL,'2020-02-14 17:21:07'),(254,'è®¾å¤‡æ¡£æ¡ˆ',2,'com.ruoyi.web.controller.system.EquCardController.editSave()','POST',1,'admin','è®¾å¤‡ç®¡ç†éƒ¨é—¨','/system/euqcard/edit','127.0.0.1','å†…ç½‘IP','{\r\n  \"equId\" : [ \"1\" ],\r\n  \"classId\" : [ \"9\" ],\r\n  \"deptId\" : [ \"101\" ],\r\n  \"equName\" : [ \"ç©ºè°ƒ\" ],\r\n  \"className\" : [ \"ç©ºè°ƒ\" ],\r\n  \"equCount\" : [ \"2.0\" ],\r\n  \"equSprice\" : [ \"3000.0\" ],\r\n  \"supplierId\" : [ \"\" ],\r\n  \"equBrand\" : [ \"\" ],\r\n  \"equParam\" : [ \"\" ],\r\n  \"deptName\" : [ \"è®¾å¤‡ç®¡ç†éƒ¨é—¨\" ],\r\n  \"equAdmin\" : [ \"\" ],\r\n  \"equTime\" : [ \"2020-02-14\" ],\r\n  \"equYear\" : [ \"\" ],\r\n  \"equArea\" : [ \"\" ],\r\n  \"equAttribute\" : [ \"0\" ],\r\n  \"equStatus\" : [ \"0\" ],\r\n  \"remark\" : [ \"\" ]\r\n}','{\r\n  \"msg\" : \"æ“ä½œæˆåŠŸ\",\r\n  \"code\" : 0\r\n}',0,NULL,'2020-02-14 17:21:28'),(255,'ä»£ç ç”Ÿæˆ',6,'com.ruoyi.generator.controller.GenController.importTableSave()','POST',1,'admin','è®¾å¤‡ç®¡ç†éƒ¨é—¨','/tool/gen/importTable','127.0.0.1','å†…ç½‘IP','{\r\n  \"tables\" : [ \"equ_supplier\" ]\r\n}','{\r\n  \"msg\" : \"æ“ä½œæˆåŠŸ\",\r\n  \"code\" : 0\r\n}',0,NULL,'2020-02-17 09:55:29'),(256,'ä»£ç ç”Ÿæˆ',2,'com.ruoyi.generator.controller.GenController.editSave()','POST',1,'admin','è®¾å¤‡ç®¡ç†éƒ¨é—¨','/tool/gen/edit','127.0.0.1','å†…ç½‘IP','{\r\n  \"tableId\" : [ \"6\" ],\r\n  \"tableName\" : [ \"equ_supplier\" ],\r\n  \"tableComment\" : [ \"è®¾å¤‡ä¾›åº”å•†è¡¨\" ],\r\n  \"className\" : [ \"EquSupplier\" ],\r\n  \"functionAuthor\" : [ \"ruoyi\" ],\r\n  \"remark\" : [ \"\" ],\r\n  \"columns[0].columnId\" : [ \"76\" ],\r\n  \"columns[0].sort\" : [ \"1\" ],\r\n  \"columns[0].columnComment\" : [ \"ID ä¸»é”®\" ],\r\n  \"columns[0].javaType\" : [ \"Long\" ],\r\n  \"columns[0].javaField\" : [ \"supId\" ],\r\n  \"columns[0].isInsert\" : [ \"1\" ],\r\n  \"columns[0].queryType\" : [ \"EQ\" ],\r\n  \"columns[0].htmlType\" : [ \"input\" ],\r\n  \"columns[0].dictType\" : [ \"\" ],\r\n  \"columns[1].columnId\" : [ \"77\" ],\r\n  \"columns[1].sort\" : [ \"2\" ],\r\n  \"columns[1].columnComment\" : [ \"Guid\" ],\r\n  \"columns[1].javaType\" : [ \"String\" ],\r\n  \"columns[1].javaField\" : [ \"supGuid\" ],\r\n  \"columns[1].isInsert\" : [ \"1\" ],\r\n  \"columns[1].queryType\" : [ \"EQ\" ],\r\n  \"columns[1].htmlType\" : [ \"input\" ],\r\n  \"columns[1].dictType\" : [ \"\" ],\r\n  \"columns[2].columnId\" : [ \"78\" ],\r\n  \"columns[2].sort\" : [ \"3\" ],\r\n  \"columns[2].columnComment\" : [ \"ç»Ÿä¸€ç¤¾ä¼šä¿¡ç”¨ä»£ç \" ],\r\n  \"columns[2].javaType\" : [ \"String\" ],\r\n  \"columns[2].javaField\" : [ \"supCode\" ],\r\n  \"columns[2].isInsert\" : [ \"1\" ],\r\n  \"columns[2].isEdit\" : [ \"1\" ],\r\n  \"columns[2].isList\" : [ \"1\" ],\r\n  \"columns[2].isQuery\" : [ \"1\" ],\r\n  \"columns[2].queryType\" : [ \"EQ\" ],\r\n  \"columns[2].htmlType\" : [ \"input\" ],\r\n  \"columns[2].dictType\" : [ \"\" ],\r\n  \"columns[3].columnId\" : [ \"79\" ],\r\n  \"columns[3].sort\" : [ \"4\" ],\r\n  \"columns[3].columnComment\" : [ \"ä¼ä¸šåç§°\" ],\r\n  \"columns[3].javaType\" : [ \"String\" ],\r\n  \"columns[3].javaField\" : [ \"supName\" ],\r\n  \"columns[3].isInsert\" : [ \"1\" ],\r\n  \"columns[3].isEdit\" : [ \"1\" ],\r\n  \"columns[3].isList\" : [ \"1\" ],\r\n  \"columns[3].isQuery\" : [ \"1\" ],\r\n  \"columns[3].queryType\" : [ \"LIKE\" ],\r\n  \"columns[3].htmlType\" : [ \"input\" ],\r\n  \"columns[3].dictType\" : [ \"\" ],\r\n  \"columns[4].columnId\" : [ \"80\" ],\r\n  \"columns[4].sort\" : [ \"5\" ],\r\n  \"columns[4].columnComment\" : [ \"æ³•å®šä»£è¡¨äºº\" ],\r\n  \"columns[4].javaType\" : [ \"String\" ],\r\n  \"columns[4].javaField\" : [ \"supLeg\" ],\r\n  \"columns[4].isIns','{\r\n  \"msg\" : \"æ“ä½œæˆåŠŸ\",\r\n  \"code\" : 0\r\n}',0,NULL,'2020-02-17 10:00:29'),(257,'ä»£ç ç”Ÿæˆ',2,'com.ruoyi.generator.controller.GenController.editSave()','POST',1,'admin','è®¾å¤‡ç®¡ç†éƒ¨é—¨','/tool/gen/edit','127.0.0.1','å†…ç½‘IP','{\r\n  \"tableId\" : [ \"6\" ],\r\n  \"tableName\" : [ \"equ_supplier\" ],\r\n  \"tableComment\" : [ \"è®¾å¤‡ä¾›åº”å•†è¡¨\" ],\r\n  \"className\" : [ \"EquSupplier\" ],\r\n  \"functionAuthor\" : [ \"ruoyi\" ],\r\n  \"remark\" : [ \"\" ],\r\n  \"columns[0].columnId\" : [ \"76\" ],\r\n  \"columns[0].sort\" : [ \"1\" ],\r\n  \"columns[0].columnComment\" : [ \"ID ä¸»é”®\" ],\r\n  \"columns[0].javaType\" : [ \"Long\" ],\r\n  \"columns[0].javaField\" : [ \"supId\" ],\r\n  \"columns[0].isInsert\" : [ \"1\" ],\r\n  \"columns[0].queryType\" : [ \"EQ\" ],\r\n  \"columns[0].htmlType\" : [ \"input\" ],\r\n  \"columns[0].dictType\" : [ \"\" ],\r\n  \"columns[1].columnId\" : [ \"77\" ],\r\n  \"columns[1].sort\" : [ \"2\" ],\r\n  \"columns[1].columnComment\" : [ \"Guid\" ],\r\n  \"columns[1].javaType\" : [ \"String\" ],\r\n  \"columns[1].javaField\" : [ \"supGuid\" ],\r\n  \"columns[1].isInsert\" : [ \"1\" ],\r\n  \"columns[1].queryType\" : [ \"EQ\" ],\r\n  \"columns[1].htmlType\" : [ \"input\" ],\r\n  \"columns[1].dictType\" : [ \"\" ],\r\n  \"columns[2].columnId\" : [ \"78\" ],\r\n  \"columns[2].sort\" : [ \"3\" ],\r\n  \"columns[2].columnComment\" : [ \"ç»Ÿä¸€ç¤¾ä¼šä¿¡ç”¨ä»£ç \" ],\r\n  \"columns[2].javaType\" : [ \"String\" ],\r\n  \"columns[2].javaField\" : [ \"supCode\" ],\r\n  \"columns[2].isInsert\" : [ \"1\" ],\r\n  \"columns[2].isEdit\" : [ \"1\" ],\r\n  \"columns[2].isList\" : [ \"1\" ],\r\n  \"columns[2].isQuery\" : [ \"1\" ],\r\n  \"columns[2].queryType\" : [ \"EQ\" ],\r\n  \"columns[2].htmlType\" : [ \"input\" ],\r\n  \"columns[2].dictType\" : [ \"\" ],\r\n  \"columns[3].columnId\" : [ \"79\" ],\r\n  \"columns[3].sort\" : [ \"4\" ],\r\n  \"columns[3].columnComment\" : [ \"ä¼ä¸šåç§°\" ],\r\n  \"columns[3].javaType\" : [ \"String\" ],\r\n  \"columns[3].javaField\" : [ \"supName\" ],\r\n  \"columns[3].isInsert\" : [ \"1\" ],\r\n  \"columns[3].isEdit\" : [ \"1\" ],\r\n  \"columns[3].isList\" : [ \"1\" ],\r\n  \"columns[3].isQuery\" : [ \"1\" ],\r\n  \"columns[3].queryType\" : [ \"LIKE\" ],\r\n  \"columns[3].htmlType\" : [ \"input\" ],\r\n  \"columns[3].dictType\" : [ \"\" ],\r\n  \"columns[4].columnId\" : [ \"80\" ],\r\n  \"columns[4].sort\" : [ \"5\" ],\r\n  \"columns[4].columnComment\" : [ \"æ³•å®šä»£è¡¨äºº\" ],\r\n  \"columns[4].javaType\" : [ \"String\" ],\r\n  \"columns[4].javaField\" : [ \"supLeg\" ],\r\n  \"columns[4].isIns','{\r\n  \"msg\" : \"æ“ä½œæˆåŠŸ\",\r\n  \"code\" : 0\r\n}',0,NULL,'2020-02-17 10:15:38'),(258,'ä»£ç ç”Ÿæˆ',8,'com.ruoyi.generator.controller.GenController.genCode()','GET',1,'admin','è®¾å¤‡ç®¡ç†éƒ¨é—¨','/tool/gen/genCode/equ_supplier','127.0.0.1','å†…ç½‘IP','{ }','null',0,NULL,'2020-02-17 10:15:42'),(259,'ä»£ç ç”Ÿæˆ',2,'com.ruoyi.generator.controller.GenController.editSave()','POST',1,'admin','è®¾å¤‡ç®¡ç†éƒ¨é—¨','/tool/gen/edit','127.0.0.1','å†…ç½‘IP','{\r\n  \"tableId\" : [ \"6\" ],\r\n  \"tableName\" : [ \"equ_supplier\" ],\r\n  \"tableComment\" : [ \"è®¾å¤‡ä¾›åº”å•†è¡¨\" ],\r\n  \"className\" : [ \"EquSupplier\" ],\r\n  \"functionAuthor\" : [ \"ruoyi\" ],\r\n  \"remark\" : [ \"\" ],\r\n  \"columns[0].columnId\" : [ \"76\" ],\r\n  \"columns[0].sort\" : [ \"1\" ],\r\n  \"columns[0].columnComment\" : [ \"ID ä¸»é”®\" ],\r\n  \"columns[0].javaType\" : [ \"Long\" ],\r\n  \"columns[0].javaField\" : [ \"supId\" ],\r\n  \"columns[0].isInsert\" : [ \"1\" ],\r\n  \"columns[0].queryType\" : [ \"EQ\" ],\r\n  \"columns[0].htmlType\" : [ \"input\" ],\r\n  \"columns[0].dictType\" : [ \"\" ],\r\n  \"columns[1].columnId\" : [ \"77\" ],\r\n  \"columns[1].sort\" : [ \"2\" ],\r\n  \"columns[1].columnComment\" : [ \"Guid\" ],\r\n  \"columns[1].javaType\" : [ \"String\" ],\r\n  \"columns[1].javaField\" : [ \"supGuid\" ],\r\n  \"columns[1].isInsert\" : [ \"1\" ],\r\n  \"columns[1].queryType\" : [ \"EQ\" ],\r\n  \"columns[1].htmlType\" : [ \"input\" ],\r\n  \"columns[1].dictType\" : [ \"\" ],\r\n  \"columns[2].columnId\" : [ \"78\" ],\r\n  \"columns[2].sort\" : [ \"3\" ],\r\n  \"columns[2].columnComment\" : [ \"ç»Ÿä¸€ç¤¾ä¼šä¿¡ç”¨ä»£ç \" ],\r\n  \"columns[2].javaType\" : [ \"String\" ],\r\n  \"columns[2].javaField\" : [ \"supCode\" ],\r\n  \"columns[2].isInsert\" : [ \"1\" ],\r\n  \"columns[2].isEdit\" : [ \"1\" ],\r\n  \"columns[2].isList\" : [ \"1\" ],\r\n  \"columns[2].isQuery\" : [ \"1\" ],\r\n  \"columns[2].queryType\" : [ \"EQ\" ],\r\n  \"columns[2].htmlType\" : [ \"input\" ],\r\n  \"columns[2].dictType\" : [ \"\" ],\r\n  \"columns[3].columnId\" : [ \"79\" ],\r\n  \"columns[3].sort\" : [ \"4\" ],\r\n  \"columns[3].columnComment\" : [ \"ä¼ä¸šåç§°\" ],\r\n  \"columns[3].javaType\" : [ \"String\" ],\r\n  \"columns[3].javaField\" : [ \"supName\" ],\r\n  \"columns[3].isInsert\" : [ \"1\" ],\r\n  \"columns[3].isEdit\" : [ \"1\" ],\r\n  \"columns[3].isList\" : [ \"1\" ],\r\n  \"columns[3].isQuery\" : [ \"1\" ],\r\n  \"columns[3].queryType\" : [ \"LIKE\" ],\r\n  \"columns[3].htmlType\" : [ \"input\" ],\r\n  \"columns[3].dictType\" : [ \"\" ],\r\n  \"columns[4].columnId\" : [ \"80\" ],\r\n  \"columns[4].sort\" : [ \"5\" ],\r\n  \"columns[4].columnComment\" : [ \"æ³•å®šä»£è¡¨äºº\" ],\r\n  \"columns[4].javaType\" : [ \"String\" ],\r\n  \"columns[4].javaField\" : [ \"supLeg\" ],\r\n  \"columns[4].isIns','{\r\n  \"msg\" : \"æ“ä½œæˆåŠŸ\",\r\n  \"code\" : 0\r\n}',0,NULL,'2020-02-17 10:25:45'),(260,'ä»£ç ç”Ÿæˆ',2,'com.ruoyi.generator.controller.GenController.editSave()','POST',1,'admin','è®¾å¤‡ç®¡ç†éƒ¨é—¨','/tool/gen/edit','127.0.0.1','å†…ç½‘IP','{\r\n  \"tableId\" : [ \"6\" ],\r\n  \"tableName\" : [ \"equ_supplier\" ],\r\n  \"tableComment\" : [ \"è®¾å¤‡ä¾›åº”å•†è¡¨\" ],\r\n  \"className\" : [ \"EquSupplier\" ],\r\n  \"functionAuthor\" : [ \"ruoyi\" ],\r\n  \"remark\" : [ \"\" ],\r\n  \"columns[0].columnId\" : [ \"76\" ],\r\n  \"columns[0].sort\" : [ \"1\" ],\r\n  \"columns[0].columnComment\" : [ \"ID ä¸»é”®\" ],\r\n  \"columns[0].javaType\" : [ \"Long\" ],\r\n  \"columns[0].javaField\" : [ \"supId\" ],\r\n  \"columns[0].isInsert\" : [ \"1\" ],\r\n  \"columns[0].queryType\" : [ \"EQ\" ],\r\n  \"columns[0].htmlType\" : [ \"input\" ],\r\n  \"columns[0].dictType\" : [ \"\" ],\r\n  \"columns[1].columnId\" : [ \"77\" ],\r\n  \"columns[1].sort\" : [ \"2\" ],\r\n  \"columns[1].columnComment\" : [ \"Guid\" ],\r\n  \"columns[1].javaType\" : [ \"String\" ],\r\n  \"columns[1].javaField\" : [ \"supGuid\" ],\r\n  \"columns[1].isInsert\" : [ \"1\" ],\r\n  \"columns[1].queryType\" : [ \"EQ\" ],\r\n  \"columns[1].htmlType\" : [ \"input\" ],\r\n  \"columns[1].dictType\" : [ \"\" ],\r\n  \"columns[2].columnId\" : [ \"78\" ],\r\n  \"columns[2].sort\" : [ \"3\" ],\r\n  \"columns[2].columnComment\" : [ \"ç»Ÿä¸€ç¤¾ä¼šä¿¡ç”¨ä»£ç \" ],\r\n  \"columns[2].javaType\" : [ \"String\" ],\r\n  \"columns[2].javaField\" : [ \"supCode\" ],\r\n  \"columns[2].isInsert\" : [ \"1\" ],\r\n  \"columns[2].isEdit\" : [ \"1\" ],\r\n  \"columns[2].isList\" : [ \"1\" ],\r\n  \"columns[2].isQuery\" : [ \"1\" ],\r\n  \"columns[2].queryType\" : [ \"EQ\" ],\r\n  \"columns[2].htmlType\" : [ \"input\" ],\r\n  \"columns[2].dictType\" : [ \"\" ],\r\n  \"columns[3].columnId\" : [ \"79\" ],\r\n  \"columns[3].sort\" : [ \"4\" ],\r\n  \"columns[3].columnComment\" : [ \"ä¼ä¸šåç§°\" ],\r\n  \"columns[3].javaType\" : [ \"String\" ],\r\n  \"columns[3].javaField\" : [ \"supName\" ],\r\n  \"columns[3].isInsert\" : [ \"1\" ],\r\n  \"columns[3].isEdit\" : [ \"1\" ],\r\n  \"columns[3].isList\" : [ \"1\" ],\r\n  \"columns[3].isQuery\" : [ \"1\" ],\r\n  \"columns[3].queryType\" : [ \"LIKE\" ],\r\n  \"columns[3].htmlType\" : [ \"input\" ],\r\n  \"columns[3].dictType\" : [ \"\" ],\r\n  \"columns[4].columnId\" : [ \"80\" ],\r\n  \"columns[4].sort\" : [ \"5\" ],\r\n  \"columns[4].columnComment\" : [ \"æ³•å®šä»£è¡¨äºº\" ],\r\n  \"columns[4].javaType\" : [ \"String\" ],\r\n  \"columns[4].javaField\" : [ \"supLeg\" ],\r\n  \"columns[4].isIns','{\r\n  \"msg\" : \"æ“ä½œæˆåŠŸ\",\r\n  \"code\" : 0\r\n}',0,NULL,'2020-02-17 10:26:15'),(261,'ä»£ç ç”Ÿæˆ',8,'com.ruoyi.generator.controller.GenController.genCode()','GET',1,'admin','è®¾å¤‡ç®¡ç†éƒ¨é—¨','/tool/gen/genCode/equ_supplier','127.0.0.1','å†…ç½‘IP','{ }','null',0,NULL,'2020-02-17 10:26:17'),(262,'è®¾å¤‡æ¡£æ¡ˆ',2,'com.ruoyi.web.controller.system.EquCardController.editSave()','POST',1,'admin','è®¾å¤‡ç®¡ç†éƒ¨é—¨','/system/equcard/edit','127.0.0.1','å†…ç½‘IP','{\r\n  \"equId\" : [ \"1\" ],\r\n  \"classId\" : [ \"9\" ],\r\n  \"deptId\" : [ \"101\" ],\r\n  \"equName\" : [ \"ç©ºè°ƒ\" ],\r\n  \"className\" : [ \"ç©ºè°ƒ\" ],\r\n  \"equCount\" : [ \"2.0\" ],\r\n  \"equSprice\" : [ \"3000.0\" ],\r\n  \"supplierId\" : [ \"\" ],\r\n  \"equBrand\" : [ \"\" ],\r\n  \"equParam\" : [ \"\" ],\r\n  \"deptName\" : [ \"è®¾å¤‡ç®¡ç†éƒ¨é—¨\" ],\r\n  \"equAdmin\" : [ \"\" ],\r\n  \"equTime\" : [ \"2020-02-14\" ],\r\n  \"equYear\" : [ \"\" ],\r\n  \"equArea\" : [ \"\" ],\r\n  \"equAttribute\" : [ \"1\" ],\r\n  \"equStatus\" : [ \"0\" ],\r\n  \"remark\" : [ \"\" ]\r\n}','{\r\n  \"msg\" : \"æ“ä½œæˆåŠŸ\",\r\n  \"code\" : 0\r\n}',0,NULL,'2020-02-17 10:57:41'),(263,'è®¾å¤‡æ¡£æ¡ˆ',2,'com.ruoyi.web.controller.system.EquCardController.editSave()','POST',1,'admin','è®¾å¤‡ç®¡ç†éƒ¨é—¨','/system/equcard/edit','127.0.0.1','å†…ç½‘IP','{\r\n  \"equId\" : [ \"1\" ],\r\n  \"classId\" : [ \"9\" ],\r\n  \"deptId\" : [ \"101\" ],\r\n  \"equName\" : [ \"ç©ºè°ƒ\" ],\r\n  \"className\" : [ \"ç©ºè°ƒ\" ],\r\n  \"equCount\" : [ \"2.0\" ],\r\n  \"equSprice\" : [ \"3000.0\" ],\r\n  \"supplierId\" : [ \"\" ],\r\n  \"equBrand\" : [ \"\" ],\r\n  \"equParam\" : [ \"\" ],\r\n  \"deptName\" : [ \"è®¾å¤‡ç®¡ç†éƒ¨é—¨\" ],\r\n  \"equAdmin\" : [ \"\" ],\r\n  \"equTime\" : [ \"2020-02-14\" ],\r\n  \"equYear\" : [ \"\" ],\r\n  \"equArea\" : [ \"\" ],\r\n  \"equAttribute\" : [ \"1\" ],\r\n  \"equStatus\" : [ \"0\" ],\r\n  \"remark\" : [ \"\" ]\r\n}','{\r\n  \"msg\" : \"æ“ä½œæˆåŠŸ\",\r\n  \"code\" : 0\r\n}',0,NULL,'2020-02-17 11:56:35'),(264,'å­—å…¸æ•°æ®',2,'com.ruoyi.web.controller.system.SysDictDataController.editSave()','POST',1,'admin','è®¾å¤‡ç®¡ç†éƒ¨é—¨','/system/dict/data/edit','127.0.0.1','å†…ç½‘IP','{\r\n  \"dictCode\" : [ \"100\" ],\r\n  \"dictLabel\" : [ \"æ— \" ],\r\n  \"dictValue\" : [ \"0\" ],\r\n  \"dictType\" : [ \"equ_attribute_type\" ],\r\n  \"cssClass\" : [ \"\" ],\r\n  \"dictSort\" : [ \"0\" ],\r\n  \"listClass\" : [ \"\" ],\r\n  \"isDefault\" : [ \"Y\" ],\r\n  \"status\" : [ \"0\" ],\r\n  \"remark\" : [ \"\" ]\r\n}','{\r\n  \"msg\" : \"æ“ä½œæˆåŠŸ\",\r\n  \"code\" : 0\r\n}',0,NULL,'2020-02-17 12:07:29'),(265,'ä»£ç ç”Ÿæˆ',2,'com.ruoyi.generator.controller.GenController.editSave()','POST',1,'admin','è®¾å¤‡ç®¡ç†éƒ¨é—¨','/tool/gen/edit','127.0.0.1','å†…ç½‘IP','{\r\n  \"tableId\" : [ \"6\" ],\r\n  \"tableName\" : [ \"equ_supplier\" ],\r\n  \"tableComment\" : [ \"è®¾å¤‡ä¾›åº”å•†è¡¨\" ],\r\n  \"className\" : [ \"EquSupplier\" ],\r\n  \"functionAuthor\" : [ \"ruoyi\" ],\r\n  \"remark\" : [ \"\" ],\r\n  \"columns[0].columnId\" : [ \"76\" ],\r\n  \"columns[0].sort\" : [ \"1\" ],\r\n  \"columns[0].columnComment\" : [ \"ID ä¸»é”®\" ],\r\n  \"columns[0].javaType\" : [ \"Long\" ],\r\n  \"columns[0].javaField\" : [ \"supId\" ],\r\n  \"columns[0].isInsert\" : [ \"1\" ],\r\n  \"columns[0].queryType\" : [ \"EQ\" ],\r\n  \"columns[0].htmlType\" : [ \"input\" ],\r\n  \"columns[0].dictType\" : [ \"\" ],\r\n  \"columns[1].columnId\" : [ \"77\" ],\r\n  \"columns[1].sort\" : [ \"2\" ],\r\n  \"columns[1].columnComment\" : [ \"Guid\" ],\r\n  \"columns[1].javaType\" : [ \"String\" ],\r\n  \"columns[1].javaField\" : [ \"supGuid\" ],\r\n  \"columns[1].isInsert\" : [ \"1\" ],\r\n  \"columns[1].queryType\" : [ \"EQ\" ],\r\n  \"columns[1].htmlType\" : [ \"input\" ],\r\n  \"columns[1].dictType\" : [ \"\" ],\r\n  \"columns[2].columnId\" : [ \"78\" ],\r\n  \"columns[2].sort\" : [ \"3\" ],\r\n  \"columns[2].columnComment\" : [ \"ç»Ÿä¸€ç¤¾ä¼šä¿¡ç”¨ä»£ç \" ],\r\n  \"columns[2].javaType\" : [ \"String\" ],\r\n  \"columns[2].javaField\" : [ \"supCode\" ],\r\n  \"columns[2].isInsert\" : [ \"1\" ],\r\n  \"columns[2].isEdit\" : [ \"1\" ],\r\n  \"columns[2].isList\" : [ \"1\" ],\r\n  \"columns[2].isQuery\" : [ \"1\" ],\r\n  \"columns[2].queryType\" : [ \"EQ\" ],\r\n  \"columns[2].htmlType\" : [ \"input\" ],\r\n  \"columns[2].dictType\" : [ \"\" ],\r\n  \"columns[3].columnId\" : [ \"79\" ],\r\n  \"columns[3].sort\" : [ \"4\" ],\r\n  \"columns[3].columnComment\" : [ \"ä¼ä¸šåç§°\" ],\r\n  \"columns[3].javaType\" : [ \"String\" ],\r\n  \"columns[3].javaField\" : [ \"supName\" ],\r\n  \"columns[3].isInsert\" : [ \"1\" ],\r\n  \"columns[3].isEdit\" : [ \"1\" ],\r\n  \"columns[3].isList\" : [ \"1\" ],\r\n  \"columns[3].isQuery\" : [ \"1\" ],\r\n  \"columns[3].queryType\" : [ \"LIKE\" ],\r\n  \"columns[3].htmlType\" : [ \"input\" ],\r\n  \"columns[3].dictType\" : [ \"\" ],\r\n  \"columns[4].columnId\" : [ \"80\" ],\r\n  \"columns[4].sort\" : [ \"5\" ],\r\n  \"columns[4].columnComment\" : [ \"æ³•å®šä»£è¡¨äºº\" ],\r\n  \"columns[4].javaType\" : [ \"String\" ],\r\n  \"columns[4].javaField\" : [ \"supLeg\" ],\r\n  \"columns[4].isIns','{\r\n  \"msg\" : \"æ“ä½œæˆåŠŸ\",\r\n  \"code\" : 0\r\n}',0,NULL,'2020-02-17 12:08:46'),(266,'ä»£ç ç”Ÿæˆ',8,'com.ruoyi.generator.controller.GenController.genCode()','GET',1,'admin','è®¾å¤‡ç®¡ç†éƒ¨é—¨','/tool/gen/genCode/equ_supplier','127.0.0.1','å†…ç½‘IP','{ }','null',0,NULL,'2020-02-17 12:10:00'),(267,'å­—å…¸ç±»å‹',1,'com.ruoyi.web.controller.system.SysDictTypeController.addSave()','POST',1,'admin','è®¾å¤‡ç®¡ç†éƒ¨é—¨','/system/dict/add','127.0.0.1','å†…ç½‘IP','{\r\n  \"dictName\" : [ \"ä¾›åº”å•†çŠ¶æ€\" ],\r\n  \"dictType\" : [ \"equ_supplier_status\" ],\r\n  \"status\" : [ \"0\" ],\r\n  \"remark\" : [ \"\" ]\r\n}','{\r\n  \"msg\" : \"æ“ä½œæˆåŠŸ\",\r\n  \"code\" : 0\r\n}',0,NULL,'2020-02-17 13:48:49'),(268,'å­—å…¸ç±»å‹',2,'com.ruoyi.web.controller.system.SysDictTypeController.editSave()','POST',1,'admin','è®¾å¤‡ç®¡ç†éƒ¨é—¨','/system/dict/edit','127.0.0.1','å†…ç½‘IP','{\r\n  \"dictId\" : [ \"102\" ],\r\n  \"dictName\" : [ \"ä¾›åº”å•†çŠ¶æ€\" ],\r\n  \"dictType\" : [ \"equ_supplier_status\" ],\r\n  \"status\" : [ \"0\" ],\r\n  \"remark\" : [ \"ä¾›åº”å•†çŠ¶æ€åˆ—è¡¨\" ]\r\n}','{\r\n  \"msg\" : \"æ“ä½œæˆåŠŸ\",\r\n  \"code\" : 0\r\n}',0,NULL,'2020-02-17 13:49:07'),(269,'å­—å…¸ç±»å‹',2,'com.ruoyi.web.controller.system.SysDictTypeController.editSave()','POST',1,'admin','è®¾å¤‡ç®¡ç†éƒ¨é—¨','/system/dict/edit','127.0.0.1','å†…ç½‘IP','{\r\n  \"dictId\" : [ \"102\" ],\r\n  \"dictName\" : [ \"ä¾›åº”å•†çŠ¶æ€\" ],\r\n  \"dictType\" : [ \"supplier_status_type\" ],\r\n  \"status\" : [ \"0\" ],\r\n  \"remark\" : [ \"ä¾›åº”å•†çŠ¶æ€åˆ—è¡¨\" ]\r\n}','{\r\n  \"msg\" : \"æ“ä½œæˆåŠŸ\",\r\n  \"code\" : 0\r\n}',0,NULL,'2020-02-17 13:49:17'),(270,'å­—å…¸æ•°æ®',1,'com.ruoyi.web.controller.system.SysDictDataController.addSave()','POST',1,'admin','è®¾å¤‡ç®¡ç†éƒ¨é—¨','/system/dict/data/add','127.0.0.1','å†…ç½‘IP','{\r\n  \"dictLabel\" : [ \"æ­£å¸¸\" ],\r\n  \"dictValue\" : [ \"0\" ],\r\n  \"dictType\" : [ \"supplier_status_type\" ],\r\n  \"cssClass\" : [ \"\" ],\r\n  \"dictSort\" : [ \"0\" ],\r\n  \"listClass\" : [ \"\" ],\r\n  \"isDefault\" : [ \"Y\" ],\r\n  \"status\" : [ \"0\" ],\r\n  \"remark\" : [ \"\" ]\r\n}','{\r\n  \"msg\" : \"æ“ä½œæˆåŠŸ\",\r\n  \"code\" : 0\r\n}',0,NULL,'2020-02-17 13:49:50'),(271,'å­—å…¸æ•°æ®',1,'com.ruoyi.web.controller.system.SysDictDataController.addSave()','POST',1,'admin','è®¾å¤‡ç®¡ç†éƒ¨é—¨','/system/dict/data/add','127.0.0.1','å†…ç½‘IP','{\r\n  \"dictLabel\" : [ \"é»‘åå•\" ],\r\n  \"dictValue\" : [ \"1\" ],\r\n  \"dictType\" : [ \"supplier_status_type\" ],\r\n  \"cssClass\" : [ \"\" ],\r\n  \"dictSort\" : [ \"1\" ],\r\n  \"listClass\" : [ \"\" ],\r\n  \"isDefault\" : [ \"Y\" ],\r\n  \"status\" : [ \"0\" ],\r\n  \"remark\" : [ \"\" ]\r\n}','{\r\n  \"msg\" : \"æ“ä½œæˆåŠŸ\",\r\n  \"code\" : 0\r\n}',0,NULL,'2020-02-17 13:50:03'),(272,'å­—å…¸æ•°æ®',2,'com.ruoyi.web.controller.system.SysDictDataController.editSave()','POST',1,'admin','è®¾å¤‡ç®¡ç†éƒ¨é—¨','/system/dict/data/edit','127.0.0.1','å†…ç½‘IP','{\r\n  \"dictCode\" : [ \"114\" ],\r\n  \"dictLabel\" : [ \"é»‘åå•\" ],\r\n  \"dictValue\" : [ \"1\" ],\r\n  \"dictType\" : [ \"supplier_status_type\" ],\r\n  \"cssClass\" : [ \"\" ],\r\n  \"dictSort\" : [ \"1\" ],\r\n  \"listClass\" : [ \"warning\" ],\r\n  \"isDefault\" : [ \"N\" ],\r\n  \"status\" : [ \"0\" ],\r\n  \"remark\" : [ \"\" ]\r\n}','{\r\n  \"msg\" : \"æ“ä½œæˆåŠŸ\",\r\n  \"code\" : 0\r\n}',0,NULL,'2020-02-17 13:50:15'),(273,'è®¾å¤‡æ¡£æ¡ˆ',1,'com.ruoyi.web.controller.system.EquCardController.addSave()','POST',1,'admin','è®¾å¤‡ç®¡ç†éƒ¨é—¨','/system/equcard/add','127.0.0.1','å†…ç½‘IP','{\r\n  \"classId\" : [ \"9\" ],\r\n  \"deptId\" : [ \"\" ],\r\n  \"equName\" : [ \"ç«‹å¼ç©ºè°ƒ\" ],\r\n  \"className\" : [ \"ç©ºè°ƒ\" ],\r\n  \"equCount\" : [ \"5\" ],\r\n  \"equSprice\" : [ \"3500\" ],\r\n  \"supplierId\" : [ \"\" ],\r\n  \"equBrand\" : [ \"\" ],\r\n  \"equParam\" : [ \"\" ],\r\n  \"deptName\" : [ \"\" ],\r\n  \"equAdmin\" : [ \"\" ],\r\n  \"equTime\" : [ \"\" ],\r\n  \"equYear\" : [ \"\" ],\r\n  \"equArea\" : [ \"\" ],\r\n  \"equAttribute\" : [ \"0\" ],\r\n  \"equStatus\" : [ \"0\" ],\r\n  \"remark\" : [ \"\" ]\r\n}','{\r\n  \"msg\" : \"æ“ä½œæˆåŠŸ\",\r\n  \"code\" : 0\r\n}',0,NULL,'2020-02-17 14:16:45'),(274,'è®¾å¤‡æ¡£æ¡ˆ',2,'com.ruoyi.web.controller.system.EquCardController.editSave()','POST',1,'admin','è®¾å¤‡ç®¡ç†éƒ¨é—¨','/system/equcard/edit','127.0.0.1','å†…ç½‘IP','{\r\n  \"equId\" : [ \"4\" ],\r\n  \"classId\" : [ \"9\" ],\r\n  \"deptId\" : [ \"101\" ],\r\n  \"equName\" : [ \"ç«‹å¼ç©ºè°ƒ\" ],\r\n  \"className\" : [ \"ç©ºè°ƒ\" ],\r\n  \"equCount\" : [ \"5.0\" ],\r\n  \"equSprice\" : [ \"3500.0\" ],\r\n  \"supplierId\" : [ \"\" ],\r\n  \"equBrand\" : [ \"\" ],\r\n  \"equParam\" : [ \"\" ],\r\n  \"deptName\" : [ \"è®¾å¤‡ç®¡ç†éƒ¨é—¨\" ],\r\n  \"equAdmin\" : [ \"\" ],\r\n  \"equTime\" : [ \"\" ],\r\n  \"equYear\" : [ \"\" ],\r\n  \"equArea\" : [ \"\" ],\r\n  \"equAttribute\" : [ \"0\" ],\r\n  \"equStatus\" : [ \"0\" ],\r\n  \"remark\" : [ \"\" ]\r\n}','{\r\n  \"msg\" : \"æ“ä½œæˆåŠŸ\",\r\n  \"code\" : 0\r\n}',0,NULL,'2020-02-17 14:17:03'),(275,'è®¾å¤‡ä¾›åº”å•†',1,'com.ruoyi.web.controller.system.EquSupplierController.addSave()','POST',1,'admin','è®¾å¤‡ç®¡ç†éƒ¨é—¨','/system/equsupplier/add','127.0.0.1','å†…ç½‘IP','{\r\n  \"supCode\" : [ \"91330108MA28X9459A\" ],\r\n  \"supName\" : [ \"æµ™æ±Ÿæºåˆ›å»ºç­‘æ™ºèƒ½ç§‘æŠ€æœ‰é™å…¬å¸\" ],\r\n  \"supLeg\" : [ \"è°¢æ•\" ],\r\n  \"supAdder\" : [ \"æµ™æ±Ÿçœæ­å·å¸‚æ»¨æ±ŸåŒºå…­å’Œè·¯309å·DåŒº312-315å®¤\" ],\r\n  \"supContact\" : [ \"LG\" ],\r\n  \"supPhone\" : [ \"15757575757\" ],\r\n  \"status\" : [ \"0\" ],\r\n  \"remark\" : [ \"\" ]\r\n}','{\r\n  \"msg\" : \"æ“ä½œæˆåŠŸ\",\r\n  \"code\" : 0\r\n}',0,NULL,'2020-02-17 14:29:46'),(276,'è®¾å¤‡ä¾›åº”å•†',2,'com.ruoyi.web.controller.system.EquSupplierController.editSave()','POST',1,'admin','è®¾å¤‡ç®¡ç†éƒ¨é—¨','/system/equsupplier/edit','127.0.0.1','å†…ç½‘IP','{\r\n  \"supId\" : [ \"1\" ],\r\n  \"supCode\" : [ \"91330108MA28X9459A\" ],\r\n  \"supName\" : [ \"æµ™æ±Ÿæºåˆ›å»ºç­‘æ™ºèƒ½ç§‘æŠ€æœ‰é™å…¬å¸\" ],\r\n  \"supLeg\" : [ \"è°¢æ•\" ],\r\n  \"supAdder\" : [ \"æµ™æ±Ÿçœæ­å·å¸‚æ»¨æ±ŸåŒºå…­å’Œè·¯309å·DåŒº312-315å®¤\" ],\r\n  \"supContact\" : [ \"LG\" ],\r\n  \"supPhone\" : [ \"15777777777\" ],\r\n  \"status\" : [ \"0\" ],\r\n  \"remark\" : [ \"\" ]\r\n}','{\r\n  \"msg\" : \"æ“ä½œæˆåŠŸ\",\r\n  \"code\" : 0\r\n}',0,NULL,'2020-02-17 14:41:34'),(277,'è®¾å¤‡ä¾›åº”å•†',2,'com.ruoyi.web.controller.system.EquSupplierController.editSave()','POST',1,'admin','è®¾å¤‡ç®¡ç†éƒ¨é—¨','/system/equsupplier/edit','127.0.0.1','å†…ç½‘IP','{\r\n  \"supId\" : [ \"1\" ],\r\n  \"supCode\" : [ \"91330108MA28X9459A\" ],\r\n  \"supName\" : [ \"æµ™æ±Ÿæºåˆ›å»ºç­‘æ™ºèƒ½ç§‘æŠ€æœ‰é™å…¬å¸\" ],\r\n  \"supLeg\" : [ \"è°¢æ•\" ],\r\n  \"supAdder\" : [ \"æµ™æ±Ÿçœæ­å·å¸‚æ»¨æ±ŸåŒºå…­å’Œè·¯309å·DåŒº312-315å®¤\" ],\r\n  \"supContact\" : [ \"åˆ˜é’¢\" ],\r\n  \"supPhone\" : [ \"15777777777\" ],\r\n  \"status\" : [ \"0\" ],\r\n  \"remark\" : [ \"\" ]\r\n}','{\r\n  \"msg\" : \"æ“ä½œæˆåŠŸ\",\r\n  \"code\" : 0\r\n}',0,NULL,'2020-02-17 14:41:50'),(278,'è®¾å¤‡ä¾›åº”å•†',1,'com.ruoyi.web.controller.system.EquSupplierController.addSave()','POST',1,'admin','è®¾å¤‡ç®¡ç†éƒ¨é—¨','/system/equsupplier/add','127.0.0.1','å†…ç½‘IP','{\r\n  \"supCode\" : [ \"91440605590059829L\" ],\r\n  \"supName\" : [ \"å¹¿ä¸œçš“æ™¯æ–°ææ–™ç§‘æŠ€æœ‰é™å…¬å¸\" ],\r\n  \"supLeg\" : [ \"æ¢æ°¸æ ¹\" ],\r\n  \"supAdder\" : [ \"ä½›å±±å¸‚å—æµ·åŒºå¤§æ²¥é•‡æ¯…è´¤è·¯1å·åšç¾å±•è´¸å¤§å¦23å±‚2327å·ï¼ˆä½æ‰€ç”³æŠ¥ï¼‰\" ],\r\n  \"supContact\" : [ \"æ¢æ°¸æ ¹\" ],\r\n  \"supPhone\" : [ \"15777777778\" ],\r\n  \"status\" : [ \"0\" ],\r\n  \"remark\" : [ \"\" ]\r\n}','{\r\n  \"msg\" : \"æ“ä½œæˆåŠŸ\",\r\n  \"code\" : 0\r\n}',0,NULL,'2020-02-17 14:43:10'),(279,'è®¾å¤‡æ¡£æ¡ˆ',2,'com.ruoyi.web.controller.system.EquCardController.editSave()','POST',1,'admin','è®¾å¤‡ç®¡ç†éƒ¨é—¨','/system/equcard/edit','127.0.0.1','å†…ç½‘IP','{\r\n  \"equId\" : [ \"4\" ],\r\n  \"classId\" : [ \"9\" ],\r\n  \"deptId\" : [ \"101\" ],\r\n  \"equName\" : [ \"ç«‹å¼ç©ºè°ƒ\" ],\r\n  \"className\" : [ \"ç©ºè°ƒ\" ],\r\n  \"equCount\" : [ \"5.0\" ],\r\n  \"equSprice\" : [ \"3500.0\" ],\r\n  \"supplierId\" : [ \"\" ],\r\n  \"equBrand\" : [ \"æµ·å°”\" ],\r\n  \"equParam\" : [ \"T300\" ],\r\n  \"deptName\" : [ \"è®¾å¤‡ç®¡ç†éƒ¨é—¨\" ],\r\n  \"equAdmin\" : [ \"\" ],\r\n  \"equTime\" : [ \"2020-02-10\" ],\r\n  \"equYear\" : [ \"3\" ],\r\n  \"equArea\" : [ \"æœªå®š\" ],\r\n  \"equAttribute\" : [ \"0\" ],\r\n  \"equStatus\" : [ \"0\" ],\r\n  \"remark\" : [ \"æµ‹è¯•æ•°æ®\" ]\r\n}','{\r\n  \"msg\" : \"æ“ä½œæˆåŠŸ\",\r\n  \"code\" : 0\r\n}',0,NULL,'2020-02-17 14:49:44'),(280,'è®¾å¤‡ä¾›åº”å•†',2,'com.ruoyi.web.controller.system.EquSupplierController.editSave()','POST',1,'admin','è®¾å¤‡ç®¡ç†éƒ¨é—¨','/system/equsupplier/edit','127.0.0.1','å†…ç½‘IP','{\r\n  \"supId\" : [ \"1\" ],\r\n  \"supCode\" : [ \"91330108MA28X9459A\" ],\r\n  \"supName\" : [ \"æµ™æ±Ÿæºåˆ›å»ºç­‘æ™ºèƒ½ç§‘æŠ€æœ‰é™å…¬å¸\" ],\r\n  \"supLeg\" : [ \"è°¢æ•\" ],\r\n  \"supAdder\" : [ \"æµ™æ±Ÿçœæ­å·å¸‚æ»¨æ±ŸåŒºå…­å’Œè·¯309å·DåŒº312-315å®¤\" ],\r\n  \"supContact\" : [ \"åˆ˜é’¢\" ],\r\n  \"supPhone\" : [ \"15777777777\" ],\r\n  \"status\" : [ \"0\" ],\r\n  \"remark\" : [ \"æµ‹è¯•æ•°æ®\" ]\r\n}','{\r\n  \"msg\" : \"æ“ä½œæˆåŠŸ\",\r\n  \"code\" : 0\r\n}',0,NULL,'2020-02-17 14:50:09'),(281,'è®¾å¤‡ä¾›åº”å•†',2,'com.ruoyi.web.controller.system.EquSupplierController.editSave()','POST',1,'admin','è®¾å¤‡ç®¡ç†éƒ¨é—¨','/system/equsupplier/edit','127.0.0.1','å†…ç½‘IP','{\r\n  \"supId\" : [ \"2\" ],\r\n  \"supCode\" : [ \"91440605590059829L\" ],\r\n  \"supName\" : [ \"å¹¿ä¸œçš“æ™¯æ–°ææ–™ç§‘æŠ€æœ‰é™å…¬å¸\" ],\r\n  \"supLeg\" : [ \"æ¢æ°¸æ ¹\" ],\r\n  \"supAdder\" : [ \"ä½›å±±å¸‚å—æµ·åŒºå¤§æ²¥é•‡æ¯…è´¤è·¯1å·åšç¾å±•è´¸å¤§å¦23å±‚2327å·ï¼ˆä½æ‰€ç”³æŠ¥ï¼‰\" ],\r\n  \"supContact\" : [ \"æ¢æ°¸æ ¹\" ],\r\n  \"supPhone\" : [ \"15777777778\" ],\r\n  \"status\" : [ \"1\" ],\r\n  \"remark\" : [ \"æµ‹è¯•æ•°æ® æ‹‰é»‘\" ]\r\n}','{\r\n  \"msg\" : \"æ“ä½œæˆåŠŸ\",\r\n  \"code\" : 0\r\n}',0,NULL,'2020-02-17 14:50:25'),(282,'è®¾å¤‡ä¾›åº”å•†',3,'com.ruoyi.web.controller.system.EquSupplierController.remove()','POST',1,'admin','è®¾å¤‡ç®¡ç†éƒ¨é—¨','/system/equsupplier/remove','127.0.0.1','å†…ç½‘IP','{\r\n  \"ids\" : [ \"2\" ]\r\n}','{\r\n  \"msg\" : \"æ“ä½œæˆåŠŸ\",\r\n  \"code\" : 0\r\n}',0,NULL,'2020-02-17 14:51:12'),(283,'è®¾å¤‡ä¾›åº”å•†',1,'com.ruoyi.web.controller.system.EquSupplierController.addSave()','POST',1,'admin','è®¾å¤‡ç®¡ç†éƒ¨é—¨','/system/equsupplier/add','127.0.0.1','å†…ç½‘IP','{\r\n  \"supCode\" : [ \"91440605590059829L\" ],\r\n  \"supName\" : [ \"å¹¿ä¸œçš“æ™¯æ–°ææ–™ç§‘æŠ€æœ‰é™å…¬å¸\" ],\r\n  \"supLeg\" : [ \"æ¢æ°¸æ ¹\" ],\r\n  \"supAdder\" : [ \"ä½›å±±å¸‚å—æµ·åŒºå¤§æ²¥é•‡æ¯…è´¤è·¯1å·åšç¾å±•è´¸å¤§å¦23å±‚2327å·ï¼ˆä½æ‰€ç”³æŠ¥ï¼‰\" ],\r\n  \"supContact\" : [ \"æ¢æ°¸æ ¹\" ],\r\n  \"supPhone\" : [ \"15777777778\" ],\r\n  \"status\" : [ \"0\" ],\r\n  \"remark\" : [ \"\" ]\r\n}','{\r\n  \"msg\" : \"æ“ä½œæˆåŠŸ\",\r\n  \"code\" : 0\r\n}',0,NULL,'2020-02-17 14:56:03'),(284,'è®¾å¤‡ä¾›åº”å•†',3,'com.ruoyi.web.controller.system.EquSupplierController.remove()','POST',1,'admin','è®¾å¤‡ç®¡ç†éƒ¨é—¨','/system/equsupplier/remove','127.0.0.1','å†…ç½‘IP','{\r\n  \"ids\" : [ \"3\" ]\r\n}','{\r\n  \"msg\" : \"æ“ä½œæˆåŠŸ\",\r\n  \"code\" : 0\r\n}',0,NULL,'2020-02-17 14:56:10'),(285,'è®¾å¤‡ä¾›åº”å•†',3,'com.ruoyi.web.controller.system.EquSupplierController.remove()','POST',1,'admin','è®¾å¤‡ç®¡ç†éƒ¨é—¨','/system/equsupplier/remove','127.0.0.1','å†…ç½‘IP','{\r\n  \"ids\" : [ \"3\" ]\r\n}','{\r\n  \"msg\" : \"æ“ä½œæˆåŠŸ\",\r\n  \"code\" : 0\r\n}',0,NULL,'2020-02-17 14:56:31'),(286,'è®¾å¤‡æ¡£æ¡ˆ',3,'com.ruoyi.web.controller.system.EquCardController.remove()','POST',1,'admin','è®¾å¤‡ç®¡ç†éƒ¨é—¨','/system/equcard/remove','127.0.0.1','å†…ç½‘IP','{\r\n  \"ids\" : [ \"4\" ]\r\n}','{\r\n  \"msg\" : \"æ“ä½œæˆåŠŸ\",\r\n  \"code\" : 0\r\n}',0,NULL,'2020-02-17 14:57:50'),(287,'è®¾å¤‡æ¡£æ¡ˆ',3,'com.ruoyi.web.controller.system.EquCardController.remove()','POST',1,'admin','è®¾å¤‡ç®¡ç†éƒ¨é—¨','/system/equcard/remove','127.0.0.1','å†…ç½‘IP','{\r\n  \"ids\" : [ \"euq-202002170001\" ]\r\n}','null',1,'\r\n### Error updating database.  Cause: com.mysql.cj.jdbc.exceptions.MysqlDataTruncation: Data truncation: Truncated incorrect DOUBLE value: \'euq-202002170001\'\r\n### The error may involve com.ruoyi.system.mapper.EquCardMapper.deleteEquCardByIds-Inline\r\n### The error occurred while setting parameters\r\n### SQL: update equ_card set del_flag = \'2\' where equ_id in           (               ?          )\r\n### Cause: com.mysql.cj.jdbc.exceptions.MysqlDataTruncation: Data truncation: Truncated incorrect DOUBLE value: \'euq-202002170001\'\n; Data truncation: Truncated incorrect DOUBLE value: \'euq-202002170001\'; nested exception is com.mysql.cj.jdbc.exceptions.MysqlDataTruncation: Data truncation: Truncated incorrect DOUBLE value: \'euq-202002170001\'','2020-02-17 14:58:28'),(288,'è®¾å¤‡æ¡£æ¡ˆ',3,'com.ruoyi.web.controller.system.EquCardController.remove()','POST',1,'admin','è®¾å¤‡ç®¡ç†éƒ¨é—¨','/system/equcard/remove','127.0.0.1','å†…ç½‘IP','{\r\n  \"ids\" : [ \"euq-202002170001\" ]\r\n}','null',1,'\r\n### Error updating database.  Cause: com.mysql.cj.jdbc.exceptions.MysqlDataTruncation: Data truncation: Truncated incorrect DOUBLE value: \'euq-202002170001\'\r\n### The error may involve com.ruoyi.system.mapper.EquCardMapper.deleteEquCardByIds-Inline\r\n### The error occurred while setting parameters\r\n### SQL: update equ_card set del_flag = \'2\' where equ_id in           (               ?          )\r\n### Cause: com.mysql.cj.jdbc.exceptions.MysqlDataTruncation: Data truncation: Truncated incorrect DOUBLE value: \'euq-202002170001\'\n; Data truncation: Truncated incorrect DOUBLE value: \'euq-202002170001\'; nested exception is com.mysql.cj.jdbc.exceptions.MysqlDataTruncation: Data truncation: Truncated incorrect DOUBLE value: \'euq-202002170001\'','2020-02-17 14:59:34'),(289,'è®¾å¤‡æ¡£æ¡ˆ',3,'com.ruoyi.web.controller.system.EquCardController.remove()','POST',1,'admin','è®¾å¤‡ç®¡ç†éƒ¨é—¨','/system/equcard/remove','127.0.0.1','å†…ç½‘IP','{\r\n  \"ids\" : [ \"euq-202002170001\" ]\r\n}','null',1,'\r\n### Error updating database.  Cause: com.mysql.cj.jdbc.exceptions.MysqlDataTruncation: Data truncation: Truncated incorrect DOUBLE value: \'euq-202002170001\'\r\n### The error may involve com.ruoyi.system.mapper.EquCardMapper.deleteEquCardByIds-Inline\r\n### The error occurred while setting parameters\r\n### SQL: update equ_card set del_flag = \'2\' where equ_id in           (               ?          )\r\n### Cause: com.mysql.cj.jdbc.exceptions.MysqlDataTruncation: Data truncation: Truncated incorrect DOUBLE value: \'euq-202002170001\'\n; Data truncation: Truncated incorrect DOUBLE value: \'euq-202002170001\'; nested exception is com.mysql.cj.jdbc.exceptions.MysqlDataTruncation: Data truncation: Truncated incorrect DOUBLE value: \'euq-202002170001\'','2020-02-17 15:00:18'),(290,'è®¾å¤‡ä¾›åº”å•†',3,'com.ruoyi.web.controller.system.EquSupplierController.remove()','POST',1,'admin','è®¾å¤‡ç®¡ç†éƒ¨é—¨','/system/equsupplier/remove','127.0.0.1','å†…ç½‘IP','{\r\n  \"ids\" : [ \"91330108MA28X9459A\" ]\r\n}','null',1,'\r\n### Error updating database.  Cause: com.mysql.cj.jdbc.exceptions.MysqlDataTruncation: Data truncation: Truncated incorrect DOUBLE value: \'91330108MA28X9459A\'\r\n### The error may involve com.ruoyi.system.mapper.EquSupplierMapper.deleteEquSupplierByIds-Inline\r\n### The error occurred while setting parameters\r\n### SQL: update equ_supplier set del_flag = \'2\' where sup_id in           (               ?          )\r\n### Cause: com.mysql.cj.jdbc.exceptions.MysqlDataTruncation: Data truncation: Truncated incorrect DOUBLE value: \'91330108MA28X9459A\'\n; Data truncation: Truncated incorrect DOUBLE value: \'91330108MA28X9459A\'; nested exception is com.mysql.cj.jdbc.exceptions.MysqlDataTruncation: Data truncation: Truncated incorrect DOUBLE value: \'91330108MA28X9459A\'','2020-02-17 15:00:35'),(291,'è®¾å¤‡æ¡£æ¡ˆ',1,'com.ruoyi.web.controller.system.EquCardController.addSave()','POST',1,'admin','è®¾å¤‡ç®¡ç†éƒ¨é—¨','/system/equcard/add','127.0.0.1','å†…ç½‘IP','{\r\n  \"classId\" : [ \"9\" ],\r\n  \"deptId\" : [ \"\" ],\r\n  \"equName\" : [ \"æŒ‚å¼ç©ºè°ƒ\" ],\r\n  \"className\" : [ \"ç©ºè°ƒ\" ],\r\n  \"equCount\" : [ \"5\" ],\r\n  \"equSprice\" : [ \"2500\" ],\r\n  \"supplierId\" : [ \"\" ],\r\n  \"equBrand\" : [ \"\" ],\r\n  \"equParam\" : [ \"\" ],\r\n  \"deptName\" : [ \"\" ],\r\n  \"equAdmin\" : [ \"\" ],\r\n  \"equTime\" : [ \"\" ],\r\n  \"equYear\" : [ \"\" ],\r\n  \"equArea\" : [ \"\" ],\r\n  \"equAttribute\" : [ \"0\" ],\r\n  \"equStatus\" : [ \"0\" ],\r\n  \"remark\" : [ \"\" ]\r\n}','{\r\n  \"msg\" : \"æ“ä½œæˆåŠŸ\",\r\n  \"code\" : 0\r\n}',0,NULL,'2020-02-17 15:01:39'),(292,'è®¾å¤‡æ¡£æ¡ˆ',3,'com.ruoyi.web.controller.system.EquCardController.remove()','POST',1,'admin','è®¾å¤‡ç®¡ç†éƒ¨é—¨','/system/equcard/remove','127.0.0.1','å†…ç½‘IP','{\r\n  \"ids\" : [ \"4,5\" ]\r\n}','{\r\n  \"msg\" : \"æ“ä½œæˆåŠŸ\",\r\n  \"code\" : 0\r\n}',0,NULL,'2020-02-17 15:01:45'),(293,'ä»£ç ç”Ÿæˆ',6,'com.ruoyi.generator.controller.GenController.importTableSave()','POST',1,'admin','è®¾å¤‡ç®¡ç†éƒ¨é—¨','/tool/gen/importTable','127.0.0.1','å†…ç½‘IP','{\r\n  \"tables\" : [ \"equ_contract\" ]\r\n}','{\r\n  \"msg\" : \"æ“ä½œæˆåŠŸ\",\r\n  \"code\" : 0\r\n}',0,NULL,'2020-02-18 10:39:43'),(294,'ä»£ç ç”Ÿæˆ',2,'com.ruoyi.generator.controller.GenController.editSave()','POST',1,'admin','è®¾å¤‡ç®¡ç†éƒ¨é—¨','/tool/gen/edit','127.0.0.1','å†…ç½‘IP','{\r\n  \"tableId\" : [ \"7\" ],\r\n  \"tableName\" : [ \"equ_contract\" ],\r\n  \"tableComment\" : [ \"è®¾å¤‡åˆåŒè¡¨\" ],\r\n  \"className\" : [ \"EquContract\" ],\r\n  \"functionAuthor\" : [ \"ruoyi\" ],\r\n  \"remark\" : [ \"\" ],\r\n  \"columns[0].columnId\" : [ \"91\" ],\r\n  \"columns[0].sort\" : [ \"1\" ],\r\n  \"columns[0].columnComment\" : [ \"ID ä¸»é”®\" ],\r\n  \"columns[0].javaType\" : [ \"Long\" ],\r\n  \"columns[0].javaField\" : [ \"conId\" ],\r\n  \"columns[0].isInsert\" : [ \"1\" ],\r\n  \"columns[0].queryType\" : [ \"EQ\" ],\r\n  \"columns[0].htmlType\" : [ \"input\" ],\r\n  \"columns[0].dictType\" : [ \"\" ],\r\n  \"columns[1].columnId\" : [ \"92\" ],\r\n  \"columns[1].sort\" : [ \"2\" ],\r\n  \"columns[1].columnComment\" : [ \"Guid\" ],\r\n  \"columns[1].javaType\" : [ \"String\" ],\r\n  \"columns[1].javaField\" : [ \"conGuid\" ],\r\n  \"columns[1].isInsert\" : [ \"1\" ],\r\n  \"columns[1].queryType\" : [ \"EQ\" ],\r\n  \"columns[1].htmlType\" : [ \"input\" ],\r\n  \"columns[1].dictType\" : [ \"\" ],\r\n  \"columns[2].columnId\" : [ \"93\" ],\r\n  \"columns[2].sort\" : [ \"3\" ],\r\n  \"columns[2].columnComment\" : [ \"åˆåŒç¼–å·\" ],\r\n  \"columns[2].javaType\" : [ \"String\" ],\r\n  \"columns[2].javaField\" : [ \"conCode\" ],\r\n  \"columns[2].isInsert\" : [ \"1\" ],\r\n  \"columns[2].isEdit\" : [ \"1\" ],\r\n  \"columns[2].isList\" : [ \"1\" ],\r\n  \"columns[2].isQuery\" : [ \"1\" ],\r\n  \"columns[2].queryType\" : [ \"EQ\" ],\r\n  \"columns[2].htmlType\" : [ \"input\" ],\r\n  \"columns[2].dictType\" : [ \"\" ],\r\n  \"columns[3].columnId\" : [ \"94\" ],\r\n  \"columns[3].sort\" : [ \"4\" ],\r\n  \"columns[3].columnComment\" : [ \"åˆåŒåç§°\" ],\r\n  \"columns[3].javaType\" : [ \"String\" ],\r\n  \"columns[3].javaField\" : [ \"conName\" ],\r\n  \"columns[3].isInsert\" : [ \"1\" ],\r\n  \"columns[3].isEdit\" : [ \"1\" ],\r\n  \"columns[3].isList\" : [ \"1\" ],\r\n  \"columns[3].isQuery\" : [ \"1\" ],\r\n  \"columns[3].queryType\" : [ \"LIKE\" ],\r\n  \"columns[3].htmlType\" : [ \"input\" ],\r\n  \"columns[3].dictType\" : [ \"\" ],\r\n  \"columns[4].columnId\" : [ \"95\" ],\r\n  \"columns[4].sort\" : [ \"5\" ],\r\n  \"columns[4].columnComment\" : [ \"åˆåŒé‡‘é¢\" ],\r\n  \"columns[4].javaType\" : [ \"Double\" ],\r\n  \"columns[4].javaField\" : [ \"conAmount\" ],\r\n  \"columns[4].isInsert','{\r\n  \"msg\" : \"æ“ä½œæˆåŠŸ\",\r\n  \"code\" : 0\r\n}',0,NULL,'2020-02-18 10:41:55'),(295,'ä»£ç ç”Ÿæˆ',8,'com.ruoyi.generator.controller.GenController.genCode()','GET',1,'admin','è®¾å¤‡ç®¡ç†éƒ¨é—¨','/tool/gen/genCode/equ_contract','127.0.0.1','å†…ç½‘IP','{ }','null',0,NULL,'2020-02-18 10:42:09'),(296,'è®¾å¤‡åˆåŒ',1,'com.ruoyi.web.controller.system.EquContractController.addSave()','POST',1,'admin','è®¾å¤‡ç®¡ç†éƒ¨é—¨','/system/equcontract/add','127.0.0.1','å†…ç½‘IP','{\r\n  \"conCode\" : [ \"202002180001\" ],\r\n  \"conName\" : [ \"åˆåŒåç§°\" ],\r\n  \"conAmount\" : [ \"30\" ],\r\n  \"conTime\" : [ \"2020-02-10\" ],\r\n  \"conFirst\" : [ \"åˆåŒç”²æ–¹\" ],\r\n  \"firstContacts\" : [ \"ç”²æ–¹è”ç³»äºº\" ],\r\n  \"firstPhone\" : [ \"15711111111\" ],\r\n  \"conSecond\" : [ \"åˆåŒä¹™æ–¹\" ],\r\n  \"secondContacts\" : [ \"ä¹™æ–¹è”ç³»äºº\" ],\r\n  \"secondPhone\" : [ \"15722222222\" ],\r\n  \"remark\" : [ \"æµ‹è¯•æ•°æ®\" ]\r\n}','{\r\n  \"msg\" : \"æ“ä½œæˆåŠŸ\",\r\n  \"code\" : 0\r\n}',0,NULL,'2020-02-18 11:32:00'),(297,'è®¾å¤‡åˆåŒ',2,'com.ruoyi.web.controller.system.EquContractController.editSave()','POST',1,'admin','è®¾å¤‡ç®¡ç†éƒ¨é—¨','/system/equcontract/edit','127.0.0.1','å†…ç½‘IP','{\r\n  \"conId\" : [ \"1\" ],\r\n  \"conCode\" : [ \"2020021801\" ],\r\n  \"conName\" : [ \"åˆåŒåç§°\" ],\r\n  \"conAmount\" : [ \"30.0\" ],\r\n  \"conTime\" : [ \"2020-02-10\" ],\r\n  \"conFirst\" : [ \"åˆåŒç”²æ–¹\" ],\r\n  \"firstContacts\" : [ \"ç”²æ–¹è”ç³»äºº\" ],\r\n  \"firstPhone\" : [ \"15711111111\" ],\r\n  \"conSecond\" : [ \"åˆåŒä¹™æ–¹\" ],\r\n  \"secondContacts\" : [ \"ä¹™æ–¹è”ç³»äºº\" ],\r\n  \"secondPhone\" : [ \"15722222222\" ],\r\n  \"remark\" : [ \"æµ‹è¯•æ•°æ®\" ]\r\n}','{\r\n  \"msg\" : \"æ“ä½œæˆåŠŸ\",\r\n  \"code\" : 0\r\n}',0,NULL,'2020-02-18 11:45:05'),(298,'è®¾å¤‡åˆåŒ',2,'com.ruoyi.web.controller.system.EquContractController.editSave()','POST',1,'admin','è®¾å¤‡ç®¡ç†éƒ¨é—¨','/system/equcontract/edit','127.0.0.1','å†…ç½‘IP','{\r\n  \"conId\" : [ \"1\" ],\r\n  \"conCode\" : [ \"2020021801\" ],\r\n  \"conName\" : [ \"åˆåŒåç§°\" ],\r\n  \"conAmount\" : [ \"30.134567\" ],\r\n  \"conTime\" : [ \"2020-02-10\" ],\r\n  \"conFirst\" : [ \"åˆåŒç”²æ–¹\" ],\r\n  \"firstContacts\" : [ \"ç”²æ–¹è”ç³»äºº\" ],\r\n  \"firstPhone\" : [ \"15711111111\" ],\r\n  \"conSecond\" : [ \"åˆåŒä¹™æ–¹\" ],\r\n  \"secondContacts\" : [ \"ä¹™æ–¹è”ç³»äºº\" ],\r\n  \"secondPhone\" : [ \"15722222222\" ],\r\n  \"remark\" : [ \"æµ‹è¯•æ•°æ®\" ]\r\n}','{\r\n  \"msg\" : \"æ“ä½œæˆåŠŸ\",\r\n  \"code\" : 0\r\n}',0,NULL,'2020-02-18 12:52:22'),(299,'è®¾å¤‡æ¡£æ¡ˆ',3,'com.ruoyi.web.controller.system.EquCardController.cancels()','POST',1,'admin','è®¾å¤‡ç®¡ç†éƒ¨é—¨','/system/equcard/selectEqus/cancels','127.0.0.1','å†…ç½‘IP','{\r\n  \"ids\" : [ \"1\" ],\r\n  \"type\" : [ \"con\" ]\r\n}','null',1,'\r\n### Error updating database.  Cause: java.sql.SQLException: Incorrect integer value: \'\' for column \'contract_id\' at row 1\r\n### The error may involve com.ruoyi.system.mapper.EquCardMapper.deleteCons-Inline\r\n### The error occurred while setting parameters\r\n### SQL: update equ_card set contract_id = \'\' where equ_id in           (               ?          )\r\n### Cause: java.sql.SQLException: Incorrect integer value: \'\' for column \'contract_id\' at row 1\n; uncategorized SQLException; SQL state [HY000]; error code [1366]; Incorrect integer value: \'\' for column \'contract_id\' at row 1; nested exception is java.sql.SQLException: Incorrect integer value: \'\' for column \'contract_id\' at row 1','2020-02-20 14:07:14'),(300,'è®¾å¤‡æ¡£æ¡ˆ',3,'com.ruoyi.web.controller.system.EquCardController.cancel()','POST',1,'admin','è®¾å¤‡ç®¡ç†éƒ¨é—¨','/system/equcard/selectEqus/cancel','127.0.0.1','å†…ç½‘IP','{\r\n  \"id\" : [ \"1\" ],\r\n  \"type\" : [ \"con\" ]\r\n}','null',1,'\r\n### Error updating database.  Cause: java.sql.SQLException: Incorrect integer value: \'\' for column \'contract_id\' at row 1\r\n### The error may involve com.ruoyi.system.mapper.EquCardMapper.deleteCon-Inline\r\n### The error occurred while setting parameters\r\n### SQL: update equ_card set contract_id = \'\' where equ_id = ?\r\n### Cause: java.sql.SQLException: Incorrect integer value: \'\' for column \'contract_id\' at row 1\n; uncategorized SQLException; SQL state [HY000]; error code [1366]; Incorrect integer value: \'\' for column \'contract_id\' at row 1; nested exception is java.sql.SQLException: Incorrect integer value: \'\' for column \'contract_id\' at row 1','2020-02-20 14:10:02'),(301,'è®¾å¤‡æ¡£æ¡ˆ',3,'com.ruoyi.web.controller.system.EquCardController.cancel()','POST',1,'admin','è®¾å¤‡ç®¡ç†éƒ¨é—¨','/system/equcard/selectEqus/cancel','127.0.0.1','å†…ç½‘IP','{\r\n  \"id\" : [ \"1\" ],\r\n  \"type\" : [ \"con\" ]\r\n}','{\r\n  \"msg\" : \"æ“ä½œæˆåŠŸ\",\r\n  \"code\" : 0\r\n}',0,NULL,'2020-02-20 14:12:00'),(302,'è®¾å¤‡æ¡£æ¡ˆ',3,'com.ruoyi.web.controller.system.EquCardController.cancels()','POST',1,'admin','è®¾å¤‡ç®¡ç†éƒ¨é—¨','/system/equcard/selectEqus/cancels','127.0.0.1','å†…ç½‘IP','{\r\n  \"ids\" : [ \"2\" ],\r\n  \"type\" : [ \"con\" ]\r\n}','{\r\n  \"msg\" : \"æ“ä½œæˆåŠŸ\",\r\n  \"code\" : 0\r\n}',0,NULL,'2020-02-20 14:13:29'),(303,'è®¾å¤‡æ¡£æ¡ˆ',3,'com.ruoyi.web.controller.system.EquCardController.cancels()','POST',1,'admin','è®¾å¤‡ç®¡ç†éƒ¨é—¨','/system/equcard/selectEqus/cancels','127.0.0.1','å†…ç½‘IP','{\r\n  \"ids\" : [ \"1\" ],\r\n  \"type\" : [ \"sup\" ]\r\n}','{\r\n  \"msg\" : \"æ“ä½œæˆåŠŸ\",\r\n  \"code\" : 0\r\n}',0,NULL,'2020-02-20 14:13:58'),(304,'è®¾å¤‡æ¡£æ¡ˆ',3,'com.ruoyi.web.controller.system.EquCardController.cancels()','POST',1,'admin','è®¾å¤‡ç®¡ç†éƒ¨é—¨','/system/equcard/selectEqus/cancels','127.0.0.1','å†…ç½‘IP','{\r\n  \"ids\" : [ \"3,2,1\" ],\r\n  \"type\" : [ \"sup\" ]\r\n}','{\r\n  \"msg\" : \"æ“ä½œæˆåŠŸ\",\r\n  \"code\" : 0\r\n}',0,NULL,'2020-02-20 17:24:08'),(305,'è®¾å¤‡æ¡£æ¡ˆ',3,'com.ruoyi.web.controller.system.EquCardController.selectCards()','POST',1,'admin','è®¾å¤‡ç®¡ç†éƒ¨é—¨','/system/equcard/selectEqus/selectCards','127.0.0.1','å†…ç½‘IP','{\r\n  \"userIds\" : [ \"3,2,1\" ],\r\n  \"mId\" : [ \"1\" ],\r\n  \"mType\" : [ \"sup\" ]\r\n}','null',1,'','2020-02-20 18:09:33'),(306,'è®¾å¤‡æ¡£æ¡ˆ',3,'com.ruoyi.web.controller.system.EquCardController.selectCards()','POST',1,'admin','è®¾å¤‡ç®¡ç†éƒ¨é—¨','/system/equcard/selectEqus/selectCards','127.0.0.1','å†…ç½‘IP','{\r\n  \"userIds\" : [ \"3,2,1\" ],\r\n  \"mId\" : [ \"1\" ],\r\n  \"mType\" : [ \"sup\" ]\r\n}','null',1,'','2020-02-20 18:23:36'),(307,'è®¾å¤‡æ¡£æ¡ˆ',3,'com.ruoyi.web.controller.system.EquCardController.selectCards()','POST',1,'admin','è®¾å¤‡ç®¡ç†éƒ¨é—¨','/system/equcard/selectEqus/selectCards','127.0.0.1','å†…ç½‘IP','{\r\n  \"userIds\" : [ \"3,2,1\" ],\r\n  \"mId\" : [ \"1\" ],\r\n  \"mType\" : [ \"sup\" ]\r\n}','null',1,'','2020-02-20 18:24:31'),(308,'è®¾å¤‡æ¡£æ¡ˆ',3,'com.ruoyi.web.controller.system.EquCardController.selectCards()','POST',1,'admin','è®¾å¤‡ç®¡ç†éƒ¨é—¨','/system/equcard/selectEqus/selectCards','127.0.0.1','å†…ç½‘IP','{\r\n  \"ids\" : [ \"3,2,1\" ],\r\n  \"mId\" : [ \"1\" ],\r\n  \"mType\" : [ \"sup\" ]\r\n}','null',1,'nested exception is org.apache.ibatis.binding.BindingException: Parameter \'array\' not found. Available parameters are [arg1, arg0, param1, param2]','2020-02-20 18:24:48'),(309,'è®¾å¤‡æ¡£æ¡ˆ',3,'com.ruoyi.web.controller.system.EquCardController.selectCards()','POST',1,'admin','è®¾å¤‡ç®¡ç†éƒ¨é—¨','/system/equcard/selectEqus/selectCards','127.0.0.1','å†…ç½‘IP','{\r\n  \"ids\" : [ \"3,2,1\" ],\r\n  \"mId\" : [ \"1\" ],\r\n  \"mType\" : [ \"sup\" ]\r\n}','null',1,'nested exception is org.apache.ibatis.binding.BindingException: Parameter \'array\' not found. Available parameters are [arg1, arg0, param1, param2]','2020-02-20 18:35:48'),(310,'è®¾å¤‡æ¡£æ¡ˆ',3,'com.ruoyi.web.controller.system.EquCardController.selectCards()','POST',1,'admin','è®¾å¤‡ç®¡ç†éƒ¨é—¨','/system/equcard/selectEqus/selectCards','127.0.0.1','å†…ç½‘IP','{\r\n  \"ids\" : [ \"3,2,1\" ],\r\n  \"mId\" : [ \"1\" ],\r\n  \"mType\" : [ \"sup\" ]\r\n}','{\r\n  \"msg\" : \"æ“ä½œæˆåŠŸ\",\r\n  \"code\" : 0\r\n}',0,NULL,'2020-02-20 18:39:12'),(311,'è®¾å¤‡æ¡£æ¡ˆ',3,'com.ruoyi.web.controller.system.EquCardController.selectCards()','POST',1,'admin','è®¾å¤‡ç®¡ç†éƒ¨é—¨','/system/equcard/selectEqus/selectCards','127.0.0.1','å†…ç½‘IP','{\r\n  \"ids\" : [ \"3,2,1\" ],\r\n  \"mId\" : [ \"1\" ],\r\n  \"mType\" : [ \"con\" ]\r\n}','{\r\n  \"msg\" : \"æ“ä½œæˆåŠŸ\",\r\n  \"code\" : 0\r\n}',0,NULL,'2020-02-20 18:39:55'),(312,'è®¾å¤‡æ¡£æ¡ˆ',3,'com.ruoyi.web.controller.system.EquCardController.cancels()','POST',1,'admin','è®¾å¤‡ç®¡ç†éƒ¨é—¨','/system/equcard/selectEqus/cancels','127.0.0.1','å†…ç½‘IP','{\r\n  \"ids\" : [ \"3,2,1\" ],\r\n  \"type\" : [ \"con\" ]\r\n}','{\r\n  \"msg\" : \"æ“ä½œæˆåŠŸ\",\r\n  \"code\" : 0\r\n}',0,NULL,'2020-02-20 18:40:13'),(313,'è®¾å¤‡æ¡£æ¡ˆ',3,'com.ruoyi.web.controller.system.EquCardController.selectCards()','POST',1,'admin','è®¾å¤‡ç®¡ç†éƒ¨é—¨','/system/equcard/selectEqus/selectCards','127.0.0.1','å†…ç½‘IP','{\r\n  \"ids\" : [ \"3\" ],\r\n  \"mId\" : [ \"1\" ],\r\n  \"mType\" : [ \"con\" ]\r\n}','{\r\n  \"msg\" : \"æ“ä½œæˆåŠŸ\",\r\n  \"code\" : 0\r\n}',0,NULL,'2020-02-20 18:40:22'),(314,'è®¾å¤‡æ¡£æ¡ˆ',2,'com.ruoyi.web.controller.system.EquCardController.editSave()','POST',1,'admin','è®¾å¤‡ç®¡ç†éƒ¨é—¨','/system/equcard/edit','127.0.0.1','å†…ç½‘IP','{\r\n  \"equId\" : [ \"3\" ],\r\n  \"classId\" : [ \"9\" ],\r\n  \"deptId\" : [ \"101\" ],\r\n  \"equName\" : [ \"ç”µæ¢¯ç©ºè°ƒ\" ],\r\n  \"className\" : [ \"ç©ºè°ƒ\" ],\r\n  \"equCount\" : [ \"1.0\" ],\r\n  \"equSprice\" : [ \"1000.0\" ],\r\n  \"supplierId\" : [ \"1\" ],\r\n  \"equBrand\" : [ \"\" ],\r\n  \"equParam\" : [ \"\" ],\r\n  \"deptName\" : [ \"è®¾å¤‡ç®¡ç†éƒ¨é—¨\" ],\r\n  \"equAdmin\" : [ \"\" ],\r\n  \"equTime\" : [ \"\" ],\r\n  \"equYear\" : [ \"\" ],\r\n  \"equArea\" : [ \"\" ],\r\n  \"equStatus\" : [ \"0\" ],\r\n  \"remark\" : [ \"\" ]\r\n}','{\r\n  \"msg\" : \"æ“ä½œæˆåŠŸ\",\r\n  \"code\" : 0\r\n}',0,NULL,'2020-02-21 10:51:15'),(315,'è®¾å¤‡æ¡£æ¡ˆ',2,'com.ruoyi.web.controller.system.EquCardController.editSave()','POST',1,'admin','è®¾å¤‡ç®¡ç†éƒ¨é—¨','/system/equcard/edit','127.0.0.1','å†…ç½‘IP','{\r\n  \"equId\" : [ \"2\" ],\r\n  \"classId\" : [ \"9\" ],\r\n  \"deptId\" : [ \"101\" ],\r\n  \"equName\" : [ \"ä¸­å¤®ç©ºè°ƒ\" ],\r\n  \"className\" : [ \"ç©ºè°ƒ\" ],\r\n  \"equCount\" : [ \"1.0\" ],\r\n  \"equSprice\" : [ \"10000.0\" ],\r\n  \"supplierId\" : [ \"1\" ],\r\n  \"equBrand\" : [ \"\" ],\r\n  \"equParam\" : [ \"\" ],\r\n  \"deptName\" : [ \"è®¾å¤‡ç®¡ç†éƒ¨é—¨\" ],\r\n  \"equAdmin\" : [ \"\" ],\r\n  \"equTime\" : [ \"\" ],\r\n  \"equYear\" : [ \"\" ],\r\n  \"equArea\" : [ \"\" ],\r\n  \"equStatus\" : [ \"0\" ],\r\n  \"remark\" : [ \"\" ]\r\n}','{\r\n  \"msg\" : \"æ“ä½œæˆåŠŸ\",\r\n  \"code\" : 0\r\n}',0,NULL,'2020-02-21 10:51:27'),(316,'è®¾å¤‡æ¡£æ¡ˆ',2,'com.ruoyi.web.controller.system.EquCardController.editSave()','POST',1,'admin','è®¾å¤‡ç®¡ç†éƒ¨é—¨','/system/equcard/edit','127.0.0.1','å†…ç½‘IP','{\r\n  \"equId\" : [ \"3\" ],\r\n  \"classId\" : [ \"9\" ],\r\n  \"deptId\" : [ \"101\" ],\r\n  \"supplierId\" : [ \"1\" ],\r\n  \"contractId\" : [ \"1\" ],\r\n  \"equName\" : [ \"ç”µæ¢¯ç©ºè°ƒ\" ],\r\n  \"className\" : [ \"ç©ºè°ƒ\" ],\r\n  \"equCount\" : [ \"1.0\" ],\r\n  \"equSprice\" : [ \"1000.0\" ],\r\n  \"supplierName\" : [ \"æµ™æ±Ÿæºåˆ›å»ºç­‘æ™ºèƒ½ç§‘æŠ€æœ‰é™å…¬å¸\" ],\r\n  \"equBrand\" : [ \"\" ],\r\n  \"equParam\" : [ \"\" ],\r\n  \"deptName\" : [ \"è®¾å¤‡ç®¡ç†éƒ¨é—¨\" ],\r\n  \"equAdmin\" : [ \"\" ],\r\n  \"equTime\" : [ \"\" ],\r\n  \"equYear\" : [ \"\" ],\r\n  \"equArea\" : [ \"\" ],\r\n  \"equStatus\" : [ \"0\" ],\r\n  \"remark\" : [ \"\" ]\r\n}','{\r\n  \"msg\" : \"æ“ä½œæˆåŠŸ\",\r\n  \"code\" : 0\r\n}',0,NULL,'2020-02-21 11:01:29'),(317,'è®¾å¤‡æ¡£æ¡ˆ',1,'com.ruoyi.web.controller.system.EquCardController.addSave()','POST',1,'admin','è®¾å¤‡ç®¡ç†éƒ¨é—¨','/system/equcard/add','127.0.0.1','å†…ç½‘IP','{\r\n  \"classId\" : [ \"9\" ],\r\n  \"deptId\" : [ \"\" ],\r\n  \"supplierId\" : [ \"1\" ],\r\n  \"contractId\" : [ \"1\" ],\r\n  \"equName\" : [ \"ç«‹å¼ç©ºè°ƒ\" ],\r\n  \"className\" : [ \"ç©ºè°ƒ\" ],\r\n  \"equCount\" : [ \"4\" ],\r\n  \"equSprice\" : [ \"5600\" ],\r\n  \"contractName\" : [ \"åˆåŒåç§°\" ],\r\n  \"supplierName\" : [ \"æµ™æ±Ÿæºåˆ›å»ºç­‘æ™ºèƒ½ç§‘æŠ€æœ‰é™å…¬å¸\" ],\r\n  \"equBrand\" : [ \"\" ],\r\n  \"equParam\" : [ \"\" ],\r\n  \"deptName\" : [ \"\" ],\r\n  \"equAdmin\" : [ \"\" ],\r\n  \"equTime\" : [ \"\" ],\r\n  \"equYear\" : [ \"\" ],\r\n  \"equArea\" : [ \"\" ],\r\n  \"equAttribute\" : [ \"0\" ],\r\n  \"equStatus\" : [ \"0\" ],\r\n  \"remark\" : [ \"\" ]\r\n}','null',1,'\r\n### Error updating database.  Cause: java.sql.SQLException: Parameter number 1 is not an OUT parameter\r\n### SQL: CALL GetSerialNumCard(?)\r\n### Cause: java.sql.SQLException: Parameter number 1 is not an OUT parameter\n; Parameter number 1 is not an OUT parameter; nested exception is java.sql.SQLException: Parameter number 1 is not an OUT parameter','2020-02-21 12:17:39'),(318,'è®¾å¤‡æ¡£æ¡ˆ',3,'com.ruoyi.web.controller.system.EquCardController.cancel()','POST',1,'admin','è®¾å¤‡ç®¡ç†éƒ¨é—¨','/system/equcard/selectEqus/cancel','127.0.0.1','å†…ç½‘IP','{\r\n  \"id\" : [ \"3\" ],\r\n  \"type\" : [ \"con\" ]\r\n}','{\r\n  \"msg\" : \"æ“ä½œæˆåŠŸ\",\r\n  \"code\" : 0\r\n}',0,NULL,'2020-02-21 12:23:37'),(319,'è®¾å¤‡æ¡£æ¡ˆ',2,'com.ruoyi.web.controller.system.EquCardController.editSave()','POST',1,'admin','è®¾å¤‡ç®¡ç†éƒ¨é—¨','/system/equcard/edit','127.0.0.1','å†…ç½‘IP','{\r\n  \"equId\" : [ \"3\" ],\r\n  \"classId\" : [ \"9\" ],\r\n  \"deptId\" : [ \"101\" ],\r\n  \"supplierId\" : [ \"1\" ],\r\n  \"contractId\" : [ \"1\" ],\r\n  \"equName\" : [ \"ç”µæ¢¯ç©ºè°ƒ\" ],\r\n  \"className\" : [ \"ç©ºè°ƒ\" ],\r\n  \"equCount\" : [ \"1.0\" ],\r\n  \"equSprice\" : [ \"1000.0\" ],\r\n  \"contractName\" : [ \"åˆåŒåç§°\" ],\r\n  \"supplierName\" : [ \"æµ™æ±Ÿæºåˆ›å»ºç­‘æ™ºèƒ½ç§‘æŠ€æœ‰é™å…¬å¸\" ],\r\n  \"equBrand\" : [ \"\" ],\r\n  \"equParam\" : [ \"\" ],\r\n  \"deptName\" : [ \"è®¾å¤‡ç®¡ç†éƒ¨é—¨\" ],\r\n  \"equAdmin\" : [ \"\" ],\r\n  \"equTime\" : [ \"\" ],\r\n  \"equYear\" : [ \"\" ],\r\n  \"equArea\" : [ \"\" ],\r\n  \"equStatus\" : [ \"0\" ],\r\n  \"remark\" : [ \"\" ]\r\n}','{\r\n  \"msg\" : \"æ“ä½œæˆåŠŸ\",\r\n  \"code\" : 0\r\n}',0,NULL,'2020-02-21 12:23:44'),(320,'è®¾å¤‡æ¡£æ¡ˆ',1,'com.ruoyi.web.controller.system.EquCardController.addSave()','POST',1,'admin','è®¾å¤‡ç®¡ç†éƒ¨é—¨','/system/equcard/add','127.0.0.1','å†…ç½‘IP','{\r\n  \"classId\" : [ \"9\" ],\r\n  \"deptId\" : [ \"\" ],\r\n  \"supplierId\" : [ \"1\" ],\r\n  \"contractId\" : [ \"1\" ],\r\n  \"equName\" : [ \"ç«‹å¼ç©ºè°ƒ\" ],\r\n  \"className\" : [ \"ç©ºè°ƒ\" ],\r\n  \"equCount\" : [ \"5\" ],\r\n  \"equSprice\" : [ \"8600\" ],\r\n  \"contractName\" : [ \"åˆåŒåç§°\" ],\r\n  \"supplierName\" : [ \"æµ™æ±Ÿæºåˆ›å»ºç­‘æ™ºèƒ½ç§‘æŠ€æœ‰é™å…¬å¸\" ],\r\n  \"equBrand\" : [ \"\" ],\r\n  \"equParam\" : [ \"\" ],\r\n  \"deptName\" : [ \"\" ],\r\n  \"equAdmin\" : [ \"\" ],\r\n  \"equTime\" : [ \"\" ],\r\n  \"equYear\" : [ \"\" ],\r\n  \"equArea\" : [ \"\" ],\r\n  \"equAttribute\" : [ \"0\" ],\r\n  \"equStatus\" : [ \"0\" ],\r\n  \"remark\" : [ \"\" ]\r\n}','null',1,'nested exception is org.apache.ibatis.reflection.ReflectionException: There is no getter for property named \'ContractId\' in \'class com.ruoyi.system.domain.EquCard\'','2020-02-21 12:46:35'),(321,'è®¾å¤‡æ¡£æ¡ˆ',1,'com.ruoyi.web.controller.system.EquCardController.addSave()','POST',1,'admin','è®¾å¤‡ç®¡ç†éƒ¨é—¨','/system/equcard/add','127.0.0.1','å†…ç½‘IP','{\r\n  \"classId\" : [ \"9\" ],\r\n  \"deptId\" : [ \"\" ],\r\n  \"supplierId\" : [ \"1\" ],\r\n  \"contractId\" : [ \"1\" ],\r\n  \"equName\" : [ \"ç«‹å¼ç©ºè°ƒ\" ],\r\n  \"className\" : [ \"ç©ºè°ƒ\" ],\r\n  \"equCount\" : [ \"5\" ],\r\n  \"equSprice\" : [ \"5600\" ],\r\n  \"contractName\" : [ \"åˆåŒåç§°\" ],\r\n  \"supplierName\" : [ \"æµ™æ±Ÿæºåˆ›å»ºç­‘æ™ºèƒ½ç§‘æŠ€æœ‰é™å…¬å¸\" ],\r\n  \"equBrand\" : [ \"\" ],\r\n  \"equParam\" : [ \"\" ],\r\n  \"deptName\" : [ \"\" ],\r\n  \"equAdmin\" : [ \"\" ],\r\n  \"equTime\" : [ \"\" ],\r\n  \"equYear\" : [ \"\" ],\r\n  \"equArea\" : [ \"\" ],\r\n  \"equAttribute\" : [ \"0\" ],\r\n  \"equStatus\" : [ \"0\" ],\r\n  \"remark\" : [ \"\" ]\r\n}','{\r\n  \"msg\" : \"æ“ä½œæˆåŠŸ\",\r\n  \"code\" : 0\r\n}',0,NULL,'2020-02-21 12:49:52'),(322,'è®¾å¤‡æ¡£æ¡ˆ',2,'com.ruoyi.web.controller.system.EquCardController.editSave()','POST',1,'admin','è®¾å¤‡ç®¡ç†éƒ¨é—¨','/system/equcard/edit','127.0.0.1','å†…ç½‘IP','{\r\n  \"equId\" : [ \"6\" ],\r\n  \"classId\" : [ \"9\" ],\r\n  \"deptId\" : [ \"200\" ],\r\n  \"supplierId\" : [ \"1\" ],\r\n  \"contractId\" : [ \"1\" ],\r\n  \"equName\" : [ \"ç«‹å¼ç©ºè°ƒ\" ],\r\n  \"className\" : [ \"ç©ºè°ƒ\" ],\r\n  \"equCount\" : [ \"5.0\" ],\r\n  \"equSprice\" : [ \"5600.0\" ],\r\n  \"contractName\" : [ \"åˆåŒåç§°\" ],\r\n  \"supplierName\" : [ \"æµ™æ±Ÿæºåˆ›å»ºç­‘æ™ºèƒ½ç§‘æŠ€æœ‰é™å…¬å¸\" ],\r\n  \"equBrand\" : [ \"\" ],\r\n  \"equParam\" : [ \"\" ],\r\n  \"deptName\" : [ \"åˆåŒç®¡ç†éƒ¨é—¨\" ],\r\n  \"equAdmin\" : [ \"\" ],\r\n  \"equTime\" : [ \"\" ],\r\n  \"equYear\" : [ \"\" ],\r\n  \"equArea\" : [ \"\" ],\r\n  \"equAttribute\" : [ \"0\" ],\r\n  \"equStatus\" : [ \"0\" ],\r\n  \"remark\" : [ \"\" ]\r\n}','{\r\n  \"msg\" : \"æ“ä½œæˆåŠŸ\",\r\n  \"code\" : 0\r\n}',0,NULL,'2020-02-21 13:01:34'),(323,'ä»£ç ç”Ÿæˆ',6,'com.ruoyi.generator.controller.GenController.importTableSave()','POST',1,'admin','è®¾å¤‡ç®¡ç†éƒ¨é—¨','/tool/gen/importTable','127.0.0.1','å†…ç½‘IP','{\r\n  \"tables\" : [ \"equ_scrap\" ]\r\n}','{\r\n  \"msg\" : \"æ“ä½œæˆåŠŸ\",\r\n  \"code\" : 0\r\n}',0,NULL,'2020-02-24 11:18:20'),(324,'ä»£ç ç”Ÿæˆ',2,'com.ruoyi.generator.controller.GenController.editSave()','POST',1,'admin','è®¾å¤‡ç®¡ç†éƒ¨é—¨','/tool/gen/edit','127.0.0.1','å†…ç½‘IP','{\r\n  \"tableId\" : [ \"8\" ],\r\n  \"tableName\" : [ \"equ_scrap\" ],\r\n  \"tableComment\" : [ \"è®¾å¤‡æŠ¥åºŸæŠ¥æŸè¡¨\" ],\r\n  \"className\" : [ \"EquScrap\" ],\r\n  \"functionAuthor\" : [ \"ruoyi\" ],\r\n  \"remark\" : [ \"\" ],\r\n  \"columns[0].columnId\" : [ \"109\" ],\r\n  \"columns[0].sort\" : [ \"1\" ],\r\n  \"columns[0].columnComment\" : [ \"ID ä¸»é”®\" ],\r\n  \"columns[0].javaType\" : [ \"Long\" ],\r\n  \"columns[0].javaField\" : [ \"scrId\" ],\r\n  \"columns[0].isInsert\" : [ \"1\" ],\r\n  \"columns[0].queryType\" : [ \"EQ\" ],\r\n  \"columns[0].htmlType\" : [ \"input\" ],\r\n  \"columns[0].dictType\" : [ \"\" ],\r\n  \"columns[1].columnId\" : [ \"110\" ],\r\n  \"columns[1].sort\" : [ \"2\" ],\r\n  \"columns[1].columnComment\" : [ \"Guid\" ],\r\n  \"columns[1].javaType\" : [ \"String\" ],\r\n  \"columns[1].javaField\" : [ \"scrGuid\" ],\r\n  \"columns[1].isInsert\" : [ \"1\" ],\r\n  \"columns[1].queryType\" : [ \"EQ\" ],\r\n  \"columns[1].htmlType\" : [ \"input\" ],\r\n  \"columns[1].dictType\" : [ \"\" ],\r\n  \"columns[2].columnId\" : [ \"111\" ],\r\n  \"columns[2].sort\" : [ \"3\" ],\r\n  \"columns[2].columnComment\" : [ \"æŠ¥åºŸæŠ¥æŸå•ç¼–å·\" ],\r\n  \"columns[2].javaType\" : [ \"String\" ],\r\n  \"columns[2].javaField\" : [ \"scrCode\" ],\r\n  \"columns[2].isInsert\" : [ \"1\" ],\r\n  \"columns[2].isEdit\" : [ \"1\" ],\r\n  \"columns[2].queryType\" : [ \"EQ\" ],\r\n  \"columns[2].htmlType\" : [ \"input\" ],\r\n  \"columns[2].dictType\" : [ \"\" ],\r\n  \"columns[3].columnId\" : [ \"112\" ],\r\n  \"columns[3].sort\" : [ \"4\" ],\r\n  \"columns[3].columnComment\" : [ \"è®¾å¤‡id è®¾å¤‡æ¡£æ¡ˆè¡¨ä¸»é”®\" ],\r\n  \"columns[3].javaType\" : [ \"String\" ],\r\n  \"columns[3].javaField\" : [ \"equId\" ],\r\n  \"columns[3].isInsert\" : [ \"1\" ],\r\n  \"columns[3].isEdit\" : [ \"1\" ],\r\n  \"columns[3].queryType\" : [ \"EQ\" ],\r\n  \"columns[3].htmlType\" : [ \"input\" ],\r\n  \"columns[3].dictType\" : [ \"\" ],\r\n  \"columns[4].columnId\" : [ \"113\" ],\r\n  \"columns[4].sort\" : [ \"5\" ],\r\n  \"columns[4].columnComment\" : [ \"æŠ¥åºŸç†ç”±\" ],\r\n  \"columns[4].javaType\" : [ \"String\" ],\r\n  \"columns[4].javaField\" : [ \"scrReason\" ],\r\n  \"columns[4].isInsert\" : [ \"1\" ],\r\n  \"columns[4].isEdit\" : [ \"1\" ],\r\n  \"columns[4].queryType\" : [ \"EQ\" ],\r\n  \"columns[4].htmlType\" : [ \"input\" ],\r\n  \"c','{\r\n  \"msg\" : \"æ“ä½œæˆåŠŸ\",\r\n  \"code\" : 0\r\n}',0,NULL,'2020-02-24 11:19:17'),(325,'ä»£ç ç”Ÿæˆ',8,'com.ruoyi.generator.controller.GenController.genCode()','GET',1,'admin','è®¾å¤‡ç®¡ç†éƒ¨é—¨','/tool/gen/genCode/equ_scrap','127.0.0.1','å†…ç½‘IP','{ }','null',0,NULL,'2020-02-24 11:19:47'),(326,'å­—å…¸ç±»å‹',1,'com.ruoyi.web.controller.system.SysDictTypeController.addSave()','POST',1,'admin','è®¾å¤‡ç®¡ç†éƒ¨é—¨','/system/dict/add','127.0.0.1','å†…ç½‘IP','{\r\n  \"dictName\" : [ \"æŠ¥åºŸæŠ¥æŸç†ç”±\" ],\r\n  \"dictType\" : [ \"equ_scrap_type\" ],\r\n  \"status\" : [ \"0\" ],\r\n  \"remark\" : [ \"\" ]\r\n}','{\r\n  \"msg\" : \"æ“ä½œæˆåŠŸ\",\r\n  \"code\" : 0\r\n}',0,NULL,'2020-02-24 15:07:10'),(327,'å­—å…¸ç±»å‹',2,'com.ruoyi.web.controller.system.SysDictTypeController.editSave()','POST',1,'admin','è®¾å¤‡ç®¡ç†éƒ¨é—¨','/system/dict/edit','127.0.0.1','å†…ç½‘IP','{\r\n  \"dictId\" : [ \"103\" ],\r\n  \"dictName\" : [ \"æŠ¥åºŸæŠ¥æŸç†ç”±\" ],\r\n  \"dictType\" : [ \"equ_scrap_type\" ],\r\n  \"status\" : [ \"0\" ],\r\n  \"remark\" : [ \"è®¾å¤‡æŠ¥åºŸæŠ¥æŸç†ç”±åˆ—è¡¨\" ]\r\n}','{\r\n  \"msg\" : \"æ“ä½œæˆåŠŸ\",\r\n  \"code\" : 0\r\n}',0,NULL,'2020-02-24 15:07:40'),(328,'å­—å…¸æ•°æ®',1,'com.ruoyi.web.controller.system.SysDictDataController.addSave()','POST',1,'admin','è®¾å¤‡ç®¡ç†éƒ¨é—¨','/system/dict/data/add','127.0.0.1','å†…ç½‘IP','{\r\n  \"dictLabel\" : [ \"å·²è¶…è¿‡è§„å®šä½¿ç”¨å¹´é™çš„è€æ—§è®¾å¤‡ï¼Œä¸»è¦ç»“æ„å’Œé›¶éƒ¨ä»¶å·±ä¸¥é‡ç£¨æŸï¼Œè®¾å¤‡æ•ˆèƒ½è¾¾ä¸åˆ°åˆ°å·¥è‰ºæœ€ä½è¦æ±‚ï¼Œæ— æ³•ä¿®å¤æˆ–æ— ä¿®å¤æ”¹é€ ä»·å€¼\" ],\r\n  \"dictValue\" : [ \"0\" ],\r\n  \"dictType\" : [ \"equ_scrap_type\" ],\r\n  \"cssClass\" : [ \"\" ],\r\n  \"dictSort\" : [ \"0\" ],\r\n  \"listClass\" : [ \"\" ],\r\n  \"isDefault\" : [ \"Y\" ],\r\n  \"status\" : [ \"0\" ],\r\n  \"remark\" : [ \"\" ]\r\n}','{\r\n  \"msg\" : \"æ“ä½œæˆåŠŸ\",\r\n  \"code\" : 0\r\n}',0,NULL,'2020-02-24 15:12:07'),(329,'å­—å…¸æ•°æ®',1,'com.ruoyi.web.controller.system.SysDictDataController.addSave()','POST',1,'admin','è®¾å¤‡ç®¡ç†éƒ¨é—¨','/system/dict/data/add','127.0.0.1','å†…ç½‘IP','{\r\n  \"dictLabel\" : [ \"å› æ„å¤–ç¾å®³æˆ–é‡å¤§äº‹æ•…å—åˆ°ä¸¥é‡æŸåçš„è®¾å¤‡ï¼Œæ— æ³•ä¿®å¤ä½¿ç”¨\" ],\r\n  \"dictValue\" : [ \"1\" ],\r\n  \"dictType\" : [ \"equ_scrap_type\" ],\r\n  \"cssClass\" : [ \"\" ],\r\n  \"dictSort\" : [ \"1\" ],\r\n  \"listClass\" : [ \"\" ],\r\n  \"isDefault\" : [ \"Y\" ],\r\n  \"status\" : [ \"0\" ],\r\n  \"remark\" : [ \"\" ]\r\n}','{\r\n  \"msg\" : \"æ“ä½œæˆåŠŸ\",\r\n  \"code\" : 0\r\n}',0,NULL,'2020-02-24 15:12:32'),(330,'å­—å…¸æ•°æ®',1,'com.ruoyi.web.controller.system.SysDictDataController.addSave()','POST',1,'admin','è®¾å¤‡ç®¡ç†éƒ¨é—¨','/system/dict/data/add','127.0.0.1','å†…ç½‘IP','{\r\n  \"dictLabel\" : [ \"ä¸¥é‡å½±å“ç¯å¢ƒï¼Œç»§ç»­ä½¿ç”¨å°†ä¼šæ±¡æŸ“ç¯å¢ƒï¼Œå¼•å‘äººèº«å®‰å…¨ä¸å±å®³å¥åº·ï¼Œè¿›è¡Œä¿®å¤æ”¹é€ ä¸ç»æµ\" ],\r\n  \"dictValue\" : [ \"2\" ],\r\n  \"dictType\" : [ \"equ_scrap_type\" ],\r\n  \"cssClass\" : [ \"\" ],\r\n  \"dictSort\" : [ \"2\" ],\r\n  \"listClass\" : [ \"\" ],\r\n  \"isDefault\" : [ \"Y\" ],\r\n  \"status\" : [ \"0\" ],\r\n  \"remark\" : [ \"\" ]\r\n}','{\r\n  \"msg\" : \"æ“ä½œæˆåŠŸ\",\r\n  \"code\" : 0\r\n}',0,NULL,'2020-02-24 15:12:44'),(331,'å­—å…¸æ•°æ®',1,'com.ruoyi.web.controller.system.SysDictDataController.addSave()','POST',1,'admin','è®¾å¤‡ç®¡ç†éƒ¨é—¨','/system/dict/data/add','127.0.0.1','å†…ç½‘IP','{\r\n  \"dictLabel\" : [ \"å› äº§å“æ¢å‹ã€å·¥è‰ºå˜æ›´è€Œæ·˜æ±°çš„ä¸“ç”¨è®¾å¤‡ï¼Œä¸å®œä¿®æ”¹åˆ©ç”¨\" ],\r\n  \"dictValue\" : [ \"4\" ],\r\n  \"dictType\" : [ \"equ_scrap_type\" ],\r\n  \"cssClass\" : [ \"\" ],\r\n  \"dictSort\" : [ \"4\" ],\r\n  \"listClass\" : [ \"\" ],\r\n  \"isDefault\" : [ \"Y\" ],\r\n  \"status\" : [ \"0\" ],\r\n  \"remark\" : [ \"\" ]\r\n}','{\r\n  \"msg\" : \"æ“ä½œæˆåŠŸ\",\r\n  \"code\" : 0\r\n}',0,NULL,'2020-02-24 15:12:58'),(332,'å­—å…¸æ•°æ®',1,'com.ruoyi.web.controller.system.SysDictDataController.addSave()','POST',1,'admin','è®¾å¤‡ç®¡ç†éƒ¨é—¨','/system/dict/data/add','127.0.0.1','å†…ç½‘IP','{\r\n  \"dictLabel\" : [ \"æŠ€æœ¯æ”¹é€ å’Œæ›´æ–°æ›¿æ¢å‡ºçš„æ—§è®¾å¤‡ä¸èƒ½åˆ©ç”¨æˆ–è°ƒå‡º\" ],\r\n  \"dictValue\" : [ \"5\" ],\r\n  \"dictType\" : [ \"equ_scrap_type\" ],\r\n  \"cssClass\" : [ \"\" ],\r\n  \"dictSort\" : [ \"5\" ],\r\n  \"listClass\" : [ \"\" ],\r\n  \"isDefault\" : [ \"Y\" ],\r\n  \"status\" : [ \"0\" ],\r\n  \"remark\" : [ \"\" ]\r\n}','{\r\n  \"msg\" : \"æ“ä½œæˆåŠŸ\",\r\n  \"code\" : 0\r\n}',0,NULL,'2020-02-24 15:13:10'),(333,'å­—å…¸æ•°æ®',1,'com.ruoyi.web.controller.system.SysDictDataController.addSave()','POST',1,'admin','è®¾å¤‡ç®¡ç†éƒ¨é—¨','/system/dict/data/add','127.0.0.1','å†…ç½‘IP','{\r\n  \"dictLabel\" : [ \"æŒ‰å›½å®¶èƒ½æºæ”¿ç­–è§„å®šåº”äºˆæ·˜æ±°çš„é«˜è€—èƒ½è®¾å¤‡\" ],\r\n  \"dictValue\" : [ \"6\" ],\r\n  \"dictType\" : [ \"equ_scrap_type\" ],\r\n  \"cssClass\" : [ \"\" ],\r\n  \"dictSort\" : [ \"6\" ],\r\n  \"listClass\" : [ \"\" ],\r\n  \"isDefault\" : [ \"Y\" ],\r\n  \"status\" : [ \"0\" ],\r\n  \"remark\" : [ \"\" ]\r\n}','{\r\n  \"msg\" : \"æ“ä½œæˆåŠŸ\",\r\n  \"code\" : 0\r\n}',0,NULL,'2020-02-24 15:13:23'),(334,'è®¾å¤‡æŠ¥åºŸæŠ¥æŸ',1,'com.ruoyi.web.controller.system.EquScrapController.addSave()','POST',1,'admin','è®¾å¤‡ç®¡ç†éƒ¨é—¨','/system/equscrap/add','127.0.0.1','å†…ç½‘IP','{\r\n  \"equSerial\" : [ \"euq-202002210001\" ],\r\n  \"equName\" : [ \"ç«‹å¼ç©ºè°ƒ\" ],\r\n  \"scrReason\" : [ \"1\" ],\r\n  \"remark\" : [ \"\" ]\r\n}','null',1,'\r\n### Error updating database.  Cause: java.sql.SQLException: Field \'scr_guid\' doesn\'t have a default value\r\n### The error may involve com.ruoyi.system.mapper.EquScrapMapper.insertEquScrap-Inline\r\n### The error occurred while setting parameters\r\n### SQL: insert into equ_scrap          ( scr_reason,                                                    create_time )           values ( ?,                                                    ? )\r\n### Cause: java.sql.SQLException: Field \'scr_guid\' doesn\'t have a default value\n; Field \'scr_guid\' doesn\'t have a default value; nested exception is java.sql.SQLException: Field \'scr_guid\' doesn\'t have a default value','2020-02-24 15:17:45'),(335,'è®¾å¤‡æŠ¥åºŸæŠ¥æŸ',1,'com.ruoyi.web.controller.system.EquScrapController.addSave()','POST',1,'admin','è®¾å¤‡ç®¡ç†éƒ¨é—¨','/system/equscrap/add','127.0.0.1','å†…ç½‘IP','{\r\n  \"equSerial\" : [ \"euq-202002210001\" ],\r\n  \"equName\" : [ \"ç«‹å¼ç©ºè°ƒ\" ],\r\n  \"scrReason\" : [ \"0\" ],\r\n  \"remark\" : [ \"\" ]\r\n}','null',1,'\r\n### Error updating database.  Cause: java.sql.SQLException: Parameter number 1 is not an OUT parameter\r\n### SQL: CALL GetSerialNumScr(?)\r\n### Cause: java.sql.SQLException: Parameter number 1 is not an OUT parameter\n; Parameter number 1 is not an OUT parameter; nested exception is java.sql.SQLException: Parameter number 1 is not an OUT parameter','2020-02-24 16:09:11'),(336,'è®¾å¤‡æŠ¥åºŸæŠ¥æŸ',1,'com.ruoyi.web.controller.system.EquScrapController.addSave()','POST',1,'admin','è®¾å¤‡ç®¡ç†éƒ¨é—¨','/system/equscrap/add','127.0.0.1','å†…ç½‘IP','{\r\n  \"equSerial\" : [ \"euq-202002210001\" ],\r\n  \"equName\" : [ \"ç«‹å¼ç©ºè°ƒ\" ],\r\n  \"scrReason\" : [ \"0\" ],\r\n  \"remark\" : [ \"\" ]\r\n}','null',1,'\r\n### Error updating database.  Cause: java.sql.SQLSyntaxErrorException: You have an error in your SQL syntax; check the manual that corresponds to your MySQL server version for the right syntax to use near \'where equ_id = null\' at line 1\r\n### The error may involve defaultParameterMap\r\n### The error occurred while setting parameters\r\n### SQL: update equ_card set equ_status = ? where equ_id where equ_id = ?\r\n### Cause: java.sql.SQLSyntaxErrorException: You have an error in your SQL syntax; check the manual that corresponds to your MySQL server version for the right syntax to use near \'where equ_id = null\' at line 1\n; bad SQL grammar []; nested exception is java.sql.SQLSyntaxErrorException: You have an error in your SQL syntax; check the manual that corresponds to your MySQL server version for the right syntax to use near \'where equ_id = null\' at line 1','2020-02-24 16:17:56'),(337,'è®¾å¤‡æŠ¥åºŸæŠ¥æŸ',1,'com.ruoyi.web.controller.system.EquScrapController.addSave()','POST',1,'admin','è®¾å¤‡ç®¡ç†éƒ¨é—¨','/system/equscrap/add','127.0.0.1','å†…ç½‘IP','{\r\n  \"equId\" : [ \"6\" ],\r\n  \"equSerial\" : [ \"euq-202002210001\" ],\r\n  \"equName\" : [ \"ç«‹å¼ç©ºè°ƒ\" ],\r\n  \"scrReason\" : [ \"0\" ],\r\n  \"remark\" : [ \"\" ]\r\n}','null',1,'\r\n### Error updating database.  Cause: java.sql.SQLSyntaxErrorException: You have an error in your SQL syntax; check the manual that corresponds to your MySQL server version for the right syntax to use near \'where equ_id = 6\' at line 1\r\n### The error may involve defaultParameterMap\r\n### The error occurred while setting parameters\r\n### SQL: update equ_card set equ_status = ? where equ_id where equ_id = ?\r\n### Cause: java.sql.SQLSyntaxErrorException: You have an error in your SQL syntax; check the manual that corresponds to your MySQL server version for the right syntax to use near \'where equ_id = 6\' at line 1\n; bad SQL grammar []; nested exception is java.sql.SQLSyntaxErrorException: You have an error in your SQL syntax; check the manual that corresponds to your MySQL server version for the right syntax to use near \'where equ_id = 6\' at line 1','2020-02-24 16:19:47'),(338,'è®¾å¤‡æŠ¥åºŸæŠ¥æŸ',1,'com.ruoyi.web.controller.system.EquScrapController.addSave()','POST',1,'admin','è®¾å¤‡ç®¡ç†éƒ¨é—¨','/system/equscrap/add','127.0.0.1','å†…ç½‘IP','{\r\n  \"equId\" : [ \"6\" ],\r\n  \"equSerial\" : [ \"euq-202002210001\" ],\r\n  \"equName\" : [ \"ç«‹å¼ç©ºè°ƒ\" ],\r\n  \"scrReason\" : [ \"0\" ],\r\n  \"remark\" : [ \"\" ]\r\n}','{\r\n  \"msg\" : \"æ“ä½œæˆåŠŸ\",\r\n  \"code\" : 0\r\n}',0,NULL,'2020-02-24 16:23:53'),(339,'è®¾å¤‡æŠ¥åºŸæŠ¥æŸ',1,'com.ruoyi.web.controller.system.EquScrapController.addSave()','POST',1,'admin','è®¾å¤‡ç®¡ç†éƒ¨é—¨','/system/equscrap/add','127.0.0.1','å†…ç½‘IP','{\r\n  \"equId\" : [ \"3\" ],\r\n  \"equSerial\" : [ \"euq-202002140003\" ],\r\n  \"equName\" : [ \"ç”µæ¢¯ç©ºè°ƒ\" ],\r\n  \"scrReason\" : [ \"1\" ],\r\n  \"remark\" : [ \"\" ]\r\n}','{\r\n  \"msg\" : \"æ“ä½œæˆåŠŸ\",\r\n  \"code\" : 0\r\n}',0,NULL,'2020-02-24 16:57:01'),(340,'é‡ç½®å¯†ç ',2,'com.ruoyi.web.controller.system.SysUserController.resetPwd()','GET',1,'admin','è®¾å¤‡ç®¡ç†éƒ¨é—¨','/system/user/resetPwd/1','127.0.0.1','å†…ç½‘IP','{ }','\"system/user/resetPwd\"',0,NULL,'2020-02-24 17:18:13'),(341,'è®¾å¤‡æŠ¥åºŸæŠ¥æŸ',2,'com.ruoyi.web.controller.system.EquScrapController.changeStatus()','POST',1,'admin','è®¾å¤‡ç®¡ç†éƒ¨é—¨','/system/equscrap/cancelScrap','127.0.0.1','å†…ç½‘IP','{\r\n  \"scrId\" : [ \"1\" ],\r\n  \"equId\" : [ \"6\" ]\r\n}','{\r\n  \"msg\" : \"æ“ä½œæˆåŠŸ\",\r\n  \"code\" : 0\r\n}',0,NULL,'2020-02-24 17:28:51'),(342,'è®¾å¤‡æŠ¥åºŸæŠ¥æŸ',2,'com.ruoyi.web.controller.system.EquScrapController.changeStatus()','POST',1,'admin','è®¾å¤‡ç®¡ç†éƒ¨é—¨','/system/equscrap/cancelScrap','127.0.0.1','å†…ç½‘IP','{\r\n  \"scrId\" : [ \"1\" ],\r\n  \"equId\" : [ \"6\" ]\r\n}','{\r\n  \"msg\" : \"æ“ä½œæˆåŠŸ\",\r\n  \"code\" : 0\r\n}',0,NULL,'2020-02-24 17:31:37'),(343,'èœå•ç®¡ç†',1,'com.ruoyi.web.controller.system.SysMenuController.addSave()','POST',1,'admin','è®¾å¤‡ç®¡ç†éƒ¨é—¨','/system/menu/add','127.0.0.1','å†…ç½‘IP','{\r\n  \"parentId\" : [ \"2006\" ],\r\n  \"menuType\" : [ \"C\" ],\r\n  \"menuName\" : [ \"è®¾å¤‡æŸ¥è¯¢\" ],\r\n  \"url\" : [ \"\" ],\r\n  \"target\" : [ \"menuItem\" ],\r\n  \"perms\" : [ \"\" ],\r\n  \"orderNum\" : [ \"6\" ],\r\n  \"icon\" : [ \"\" ],\r\n  \"visible\" : [ \"0\" ]\r\n}','{\r\n  \"msg\" : \"æ“ä½œæˆåŠŸ\",\r\n  \"code\" : 0\r\n}',0,NULL,'2020-02-25 13:31:56'),(344,'èœå•ç®¡ç†',2,'com.ruoyi.web.controller.system.SysMenuController.editSave()','POST',1,'admin','è®¾å¤‡ç®¡ç†éƒ¨é—¨','/system/menu/edit','127.0.0.1','å†…ç½‘IP','{\r\n  \"menuId\" : [ \"2031\" ],\r\n  \"parentId\" : [ \"2006\" ],\r\n  \"menuType\" : [ \"C\" ],\r\n  \"menuName\" : [ \"è®¾å¤‡æŸ¥è¯¢\" ],\r\n  \"url\" : [ \"/system/equsearch\" ],\r\n  \"target\" : [ \"menuItem\" ],\r\n  \"perms\" : [ \"system:equsearch:view\" ],\r\n  \"orderNum\" : [ \"6\" ],\r\n  \"icon\" : [ \"#\" ],\r\n  \"visible\" : [ \"0\" ]\r\n}','{\r\n  \"msg\" : \"æ“ä½œæˆåŠŸ\",\r\n  \"code\" : 0\r\n}',0,NULL,'2020-02-25 13:32:45'),(345,'èœå•ç®¡ç†',1,'com.ruoyi.web.controller.system.SysMenuController.addSave()','POST',1,'admin','è®¾å¤‡ç®¡ç†éƒ¨é—¨','/system/menu/add','127.0.0.1','å†…ç½‘IP','{\r\n  \"parentId\" : [ \"2031\" ],\r\n  \"menuType\" : [ \"F\" ],\r\n  \"menuName\" : [ \"è®¾å¤‡æŸ¥è¯¢\" ],\r\n  \"url\" : [ \"\" ],\r\n  \"target\" : [ \"menuItem\" ],\r\n  \"perms\" : [ \"system:list:list\" ],\r\n  \"orderNum\" : [ \"1\" ],\r\n  \"icon\" : [ \"\" ],\r\n  \"visible\" : [ \"0\" ]\r\n}','{\r\n  \"msg\" : \"æ“ä½œæˆåŠŸ\",\r\n  \"code\" : 0\r\n}',0,NULL,'2020-02-25 13:33:47'),(346,'è®¾å¤‡æ¡£æ¡ˆ',5,'com.ruoyi.web.controller.system.EquCardController.export()','POST',1,'admin','è®¾å¤‡ç®¡ç†éƒ¨é—¨','/system/equcard/export','127.0.0.1','å†…ç½‘IP','{\r\n  \"equSerial\" : [ \"\" ],\r\n  \"equName\" : [ \"\" ],\r\n  \"params[beginPrice]\" : [ \"\" ],\r\n  \"params[endPrice]\" : [ \"\" ],\r\n  \"deptName\" : [ \"\" ],\r\n  \"supplierName\" : [ \"\" ],\r\n  \"contractName\" : [ \"\" ],\r\n  \"equStatus\" : [ \"\" ],\r\n  \"params[beginTime]\" : [ \"\" ],\r\n  \"params[endTime]\" : [ \"\" ],\r\n  \"createBy\" : [ \"\" ]\r\n}','null',1,'å¯¼å‡ºExcelå¤±è´¥ï¼Œè¯·è”ç³»ç½‘ç«™ç®¡ç†å‘˜ï¼','2020-02-25 14:52:24'),(347,'è®¾å¤‡æ¡£æ¡ˆ',5,'com.ruoyi.web.controller.system.EquCardController.export()','POST',1,'admin','è®¾å¤‡ç®¡ç†éƒ¨é—¨','/system/equcard/export','127.0.0.1','å†…ç½‘IP','{\r\n  \"equSerial\" : [ \"\" ],\r\n  \"equName\" : [ \"\" ],\r\n  \"equStatus\" : [ \"\" ],\r\n  \"params[beginTime]\" : [ \"\" ],\r\n  \"params[endTime]\" : [ \"\" ]\r\n}','null',1,'å¯¼å‡ºExcelå¤±è´¥ï¼Œè¯·è”ç³»ç½‘ç«™ç®¡ç†å‘˜ï¼','2020-02-25 14:52:36'),(348,'è®¾å¤‡æ¡£æ¡ˆ',5,'com.ruoyi.web.controller.system.EquCardController.export()','POST',1,'admin','è®¾å¤‡ç®¡ç†éƒ¨é—¨','/system/equcard/export','127.0.0.1','å†…ç½‘IP','{\r\n  \"equSerial\" : [ \"\" ],\r\n  \"equName\" : [ \"\" ],\r\n  \"equStatus\" : [ \"\" ],\r\n  \"params[beginTime]\" : [ \"\" ],\r\n  \"params[endTime]\" : [ \"\" ]\r\n}','null',1,'å¯¼å‡ºExcelå¤±è´¥ï¼Œè¯·è”ç³»ç½‘ç«™ç®¡ç†å‘˜ï¼','2020-02-25 14:56:53'),(349,'è®¾å¤‡æ¡£æ¡ˆ',5,'com.ruoyi.web.controller.system.EquCardController.export()','POST',1,'admin','è®¾å¤‡ç®¡ç†éƒ¨é—¨','/system/equcard/export','127.0.0.1','å†…ç½‘IP','{\r\n  \"equSerial\" : [ \"\" ],\r\n  \"equName\" : [ \"\" ],\r\n  \"equStatus\" : [ \"\" ],\r\n  \"params[beginTime]\" : [ \"\" ],\r\n  \"params[endTime]\" : [ \"\" ]\r\n}','null',1,'å¯¼å‡ºExcelå¤±è´¥ï¼Œè¯·è”ç³»ç½‘ç«™ç®¡ç†å‘˜ï¼','2020-02-25 15:02:29'),(350,'è®¾å¤‡æ¡£æ¡ˆ',5,'com.ruoyi.web.controller.system.EquCardController.export()','POST',1,'admin','è®¾å¤‡ç®¡ç†éƒ¨é—¨','/system/equcard/export','127.0.0.1','å†…ç½‘IP','{\r\n  \"equSerial\" : [ \"\" ],\r\n  \"equName\" : [ \"\" ],\r\n  \"equStatus\" : [ \"\" ],\r\n  \"params[beginTime]\" : [ \"\" ],\r\n  \"params[endTime]\" : [ \"\" ]\r\n}','null',1,'å¯¼å‡ºExcelå¤±è´¥ï¼Œè¯·è”ç³»ç½‘ç«™ç®¡ç†å‘˜ï¼','2020-02-25 15:05:35'),(351,'è®¾å¤‡æ¡£æ¡ˆ',5,'com.ruoyi.web.controller.system.EquCardController.export()','POST',1,'admin','è®¾å¤‡ç®¡ç†éƒ¨é—¨','/system/equcard/export','127.0.0.1','å†…ç½‘IP','{\r\n  \"equSerial\" : [ \"\" ],\r\n  \"equName\" : [ \"\" ],\r\n  \"equStatus\" : [ \"\" ],\r\n  \"params[beginTime]\" : [ \"\" ],\r\n  \"params[endTime]\" : [ \"\" ]\r\n}','null',1,'å¯¼å‡ºExcelå¤±è´¥ï¼Œè¯·è”ç³»ç½‘ç«™ç®¡ç†å‘˜ï¼','2020-02-25 15:06:12'),(352,'è®¾å¤‡æ¡£æ¡ˆ',5,'com.ruoyi.web.controller.system.EquCardController.export()','POST',1,'admin','è®¾å¤‡ç®¡ç†éƒ¨é—¨','/system/equcard/export','127.0.0.1','å†…ç½‘IP','{\r\n  \"equSerial\" : [ \"\" ],\r\n  \"equName\" : [ \"\" ],\r\n  \"equStatus\" : [ \"\" ],\r\n  \"params[beginTime]\" : [ \"\" ],\r\n  \"params[endTime]\" : [ \"\" ]\r\n}','null',1,'å¯¼å‡ºExcelå¤±è´¥ï¼Œè¯·è”ç³»ç½‘ç«™ç®¡ç†å‘˜ï¼','2020-02-25 15:06:37'),(353,'è®¾å¤‡æ¡£æ¡ˆ',5,'com.ruoyi.web.controller.system.EquCardController.export()','POST',1,'admin','è®¾å¤‡ç®¡ç†éƒ¨é—¨','/system/equcard/export','127.0.0.1','å†…ç½‘IP','{\r\n  \"equSerial\" : [ \"\" ],\r\n  \"equName\" : [ \"\" ],\r\n  \"equStatus\" : [ \"\" ],\r\n  \"params[beginTime]\" : [ \"\" ],\r\n  \"params[endTime]\" : [ \"\" ]\r\n}','{\r\n  \"msg\" : \"5bb64579-6e84-471b-8f4a-a4ea4538c1e2_equcard.xlsx\",\r\n  \"code\" : 0\r\n}',0,NULL,'2020-02-25 15:08:00'),(354,'è®¾å¤‡æ¡£æ¡ˆ',5,'com.ruoyi.web.controller.system.EquCardController.export()','POST',1,'admin','è®¾å¤‡ç®¡ç†éƒ¨é—¨','/system/equcard/export','127.0.0.1','å†…ç½‘IP','{\r\n  \"equSerial\" : [ \"\" ],\r\n  \"equName\" : [ \"\" ],\r\n  \"params[beginPrice]\" : [ \"\" ],\r\n  \"params[endPrice]\" : [ \"\" ],\r\n  \"deptName\" : [ \"\" ],\r\n  \"supplierName\" : [ \"\" ],\r\n  \"contractName\" : [ \"\" ],\r\n  \"equStatus\" : [ \"\" ],\r\n  \"params[beginTime]\" : [ \"\" ],\r\n  \"params[endTime]\" : [ \"\" ],\r\n  \"createBy\" : [ \"\" ]\r\n}','{\r\n  \"msg\" : \"78980f78-a541-4f1e-948d-aea57c34549c_equcard.xlsx\",\r\n  \"code\" : 0\r\n}',0,NULL,'2020-02-25 15:10:17'),(355,'è®¾å¤‡æ¡£æ¡ˆ',3,'com.ruoyi.web.controller.system.EquCardController.selectCards()','POST',1,'admin','è®¾å¤‡ç®¡ç†éƒ¨é—¨','/system/equcard/selectEqus/selectCards','127.0.0.1','å†…ç½‘IP','{\r\n  \"ids\" : [ \"2,1\" ],\r\n  \"mId\" : [ \"1\" ],\r\n  \"mType\" : [ \"con\" ]\r\n}','{\r\n  \"msg\" : \"æ“ä½œæˆåŠŸ\",\r\n  \"code\" : 0\r\n}',0,NULL,'2020-02-25 16:53:41'),(356,'é‡ç½®å¯†ç ',2,'com.ruoyi.web.controller.system.SysUserController.resetPwd()','GET',1,'admin','è®¾å¤‡ç®¡ç†éƒ¨é—¨','/system/user/resetPwd/2','127.0.0.1','å†…ç½‘IP','{ }','\"system/user/resetPwd\"',0,NULL,'2020-02-27 16:37:25'),(357,'é‡ç½®å¯†ç ',2,'com.ruoyi.web.controller.system.SysUserController.resetPwdSave()','POST',1,'admin','è®¾å¤‡ç®¡ç†éƒ¨é—¨','/system/user/resetPwd','127.0.0.1','å†…ç½‘IP','{\r\n  \"userId\" : [ \"2\" ],\r\n  \"loginName\" : [ \"sbglya\" ],\r\n  \"password\" : [ \"sbglya\" ]\r\n}','{\r\n  \"msg\" : \"æ“ä½œæˆåŠŸ\",\r\n  \"code\" : 0\r\n}',0,NULL,'2020-02-27 16:37:35'),(358,'è§’è‰²ç®¡ç†',2,'com.ruoyi.web.controller.system.SysRoleController.editSave()','POST',1,'admin','è®¾å¤‡ç®¡ç†éƒ¨é—¨','/system/role/edit','127.0.0.1','å†…ç½‘IP','{\r\n  \"roleId\" : [ \"100\" ],\r\n  \"roleName\" : [ \"è®¾å¤‡ç®¡ç†å‘˜\" ],\r\n  \"roleKey\" : [ \"euqadmin\" ],\r\n  \"roleSort\" : [ \"3\" ],\r\n  \"status\" : [ \"0\" ],\r\n  \"remark\" : [ \"\" ],\r\n  \"menuIds\" : [ \"2006,2000,2001\" ]\r\n}','{\r\n  \"msg\" : \"æ“ä½œæˆåŠŸ\",\r\n  \"code\" : 0\r\n}',0,NULL,'2020-02-27 16:39:17'),(359,'è®¾å¤‡æ¡£æ¡ˆ',3,'com.ruoyi.web.controller.system.EquCardController.cancel()','POST',1,'admin','è®¾å¤‡ç®¡ç†éƒ¨é—¨','/system/equcard/selectEqus/cancel','127.0.0.1','å†…ç½‘IP','{\r\n  \"id\" : [ \"1\" ],\r\n  \"type\" : [ \"con\" ]\r\n}','{\r\n  \"msg\" : \"æ“ä½œæˆåŠŸ\",\r\n  \"code\" : 0\r\n}',0,NULL,'2020-02-28 14:14:30'),(360,'è®¾å¤‡æ¡£æ¡ˆ',3,'com.ruoyi.web.controller.system.EquCardController.selectCards()','POST',1,'admin','è®¾å¤‡ç®¡ç†éƒ¨é—¨','/system/equcard/selectEqus/selectCards','127.0.0.1','å†…ç½‘IP','{\r\n  \"ids\" : [ \"1\" ],\r\n  \"mId\" : [ \"1\" ],\r\n  \"mType\" : [ \"con\" ]\r\n}','{\r\n  \"msg\" : \"æ“ä½œæˆåŠŸ\",\r\n  \"code\" : 0\r\n}',0,NULL,'2020-02-28 14:15:16');
/*!40000 ALTER TABLE `sys_oper_log` ENABLE KEYS */;
UNLOCK TABLES;

--
-- Table structure for table `sys_post`
--

DROP TABLE IF EXISTS `sys_post`;
/*!40101 SET @saved_cs_client     = @@character_set_client */;
/*!50503 SET character_set_client = utf8mb4 */;
CREATE TABLE `sys_post` (
  `post_id` bigint NOT NULL AUTO_INCREMENT COMMENT 'å²—ä½ID',
  `post_code` varchar(64) NOT NULL COMMENT 'å²—ä½ç¼–ç ',
  `post_name` varchar(50) NOT NULL COMMENT 'å²—ä½åç§°',
  `post_sort` int NOT NULL COMMENT 'æ˜¾ç¤ºé¡ºåº',
  `status` char(1) NOT NULL COMMENT 'çŠ¶æ€ï¼ˆ0æ­£å¸¸ 1åœç”¨ï¼‰',
  `create_by` varchar(64) DEFAULT '' COMMENT 'åˆ›å»ºè€…',
  `create_time` datetime DEFAULT NULL COMMENT 'åˆ›å»ºæ—¶é—´',
  `update_by` varchar(64) DEFAULT '' COMMENT 'æ›´æ–°è€…',
  `update_time` datetime DEFAULT NULL COMMENT 'æ›´æ–°æ—¶é—´',
  `remark` varchar(500) DEFAULT NULL COMMENT 'å¤‡æ³¨',
  PRIMARY KEY (`post_id`)
) ENGINE=InnoDB AUTO_INCREMENT=5 DEFAULT CHARSET=utf8 COMMENT='å²—ä½ä¿¡æ¯è¡¨';
/*!40101 SET character_set_client = @saved_cs_client */;

--
-- Dumping data for table `sys_post`
--

LOCK TABLES `sys_post` WRITE;
/*!40000 ALTER TABLE `sys_post` DISABLE KEYS */;
INSERT INTO `sys_post` VALUES (1,'ceo','è‘£äº‹é•¿',1,'0','admin','2018-03-16 11:33:00','ry','2018-03-16 11:33:00',''),(2,'se','é¡¹ç›®ç»ç†',2,'0','admin','2018-03-16 11:33:00','ry','2018-03-16 11:33:00',''),(3,'hr','äººåŠ›èµ„æº',3,'0','admin','2018-03-16 11:33:00','ry','2018-03-16 11:33:00',''),(4,'user','æ™®é€šå‘˜å·¥',4,'0','admin','2018-03-16 11:33:00','ry','2018-03-16 11:33:00','');
/*!40000 ALTER TABLE `sys_post` ENABLE KEYS */;
UNLOCK TABLES;

--
-- Table structure for table `sys_role`
--

DROP TABLE IF EXISTS `sys_role`;
/*!40101 SET @saved_cs_client     = @@character_set_client */;
/*!50503 SET character_set_client = utf8mb4 */;
CREATE TABLE `sys_role` (
  `role_id` bigint NOT NULL AUTO_INCREMENT COMMENT 'è§’è‰²ID',
  `role_name` varchar(30) NOT NULL COMMENT 'è§’è‰²åç§°',
  `role_key` varchar(100) NOT NULL COMMENT 'è§’è‰²æƒé™å­—ç¬¦ä¸²',
  `role_sort` int NOT NULL COMMENT 'æ˜¾ç¤ºé¡ºåº',
  `data_scope` char(1) DEFAULT '1' COMMENT 'æ•°æ®èŒƒå›´ï¼ˆ1ï¼šå…¨éƒ¨æ•°æ®æƒé™ 2ï¼šè‡ªå®šæ•°æ®æƒé™ 3ï¼šæœ¬éƒ¨é—¨æ•°æ®æƒé™ 4ï¼šæœ¬éƒ¨é—¨åŠä»¥ä¸‹æ•°æ®æƒé™ï¼‰',
  `status` char(1) NOT NULL COMMENT 'è§’è‰²çŠ¶æ€ï¼ˆ0æ­£å¸¸ 1åœç”¨ï¼‰',
  `del_flag` char(1) DEFAULT '0' COMMENT 'åˆ é™¤æ ‡å¿—ï¼ˆ0ä»£è¡¨å­˜åœ¨ 2ä»£è¡¨åˆ é™¤ï¼‰',
  `create_by` varchar(64) DEFAULT '' COMMENT 'åˆ›å»ºè€…',
  `create_time` datetime DEFAULT NULL COMMENT 'åˆ›å»ºæ—¶é—´',
  `update_by` varchar(64) DEFAULT '' COMMENT 'æ›´æ–°è€…',
  `update_time` datetime DEFAULT NULL COMMENT 'æ›´æ–°æ—¶é—´',
  `remark` varchar(500) DEFAULT NULL COMMENT 'å¤‡æ³¨',
  PRIMARY KEY (`role_id`)
) ENGINE=InnoDB AUTO_INCREMENT=101 DEFAULT CHARSET=utf8 COMMENT='è§’è‰²ä¿¡æ¯è¡¨';
/*!40101 SET character_set_client = @saved_cs_client */;

--
-- Dumping data for table `sys_role`
--

LOCK TABLES `sys_role` WRITE;
/*!40000 ALTER TABLE `sys_role` DISABLE KEYS */;
INSERT INTO `sys_role` VALUES (1,'ç®¡ç†å‘˜','admin',1,'1','0','0','admin','2018-03-16 11:33:00','ry','2018-03-16 11:33:00','ç®¡ç†å‘˜'),(2,'æ™®é€šè§’è‰²','common',2,'2','0','0','admin','2018-03-16 11:33:00','ry','2018-03-16 11:33:00','æ™®é€šè§’è‰²'),(100,'è®¾å¤‡ç®¡ç†å‘˜','euqadmin',3,'1','0','0','admin','2020-02-11 15:12:25','admin','2020-02-27 16:39:17','');
/*!40000 ALTER TABLE `sys_role` ENABLE KEYS */;
UNLOCK TABLES;

--
-- Table structure for table `sys_role_dept`
--

DROP TABLE IF EXISTS `sys_role_dept`;
/*!40101 SET @saved_cs_client     = @@character_set_client */;
/*!50503 SET character_set_client = utf8mb4 */;
CREATE TABLE `sys_role_dept` (
  `role_id` bigint NOT NULL COMMENT 'è§’è‰²ID',
  `dept_id` bigint NOT NULL COMMENT 'éƒ¨é—¨ID',
  PRIMARY KEY (`role_id`,`dept_id`)
) ENGINE=InnoDB DEFAULT CHARSET=utf8 COMMENT='è§’è‰²å’Œéƒ¨é—¨å…³è”è¡¨';
/*!40101 SET character_set_client = @saved_cs_client */;

--
-- Dumping data for table `sys_role_dept`
--

LOCK TABLES `sys_role_dept` WRITE;
/*!40000 ALTER TABLE `sys_role_dept` DISABLE KEYS */;
INSERT INTO `sys_role_dept` VALUES (2,100),(2,101),(2,105);
/*!40000 ALTER TABLE `sys_role_dept` ENABLE KEYS */;
UNLOCK TABLES;

--
-- Table structure for table `sys_role_menu`
--

DROP TABLE IF EXISTS `sys_role_menu`;
/*!40101 SET @saved_cs_client     = @@character_set_client */;
/*!50503 SET character_set_client = utf8mb4 */;
CREATE TABLE `sys_role_menu` (
  `role_id` bigint NOT NULL COMMENT 'è§’è‰²ID',
  `menu_id` bigint NOT NULL COMMENT 'èœå•ID',
  PRIMARY KEY (`role_id`,`menu_id`)
) ENGINE=InnoDB DEFAULT CHARSET=utf8 COMMENT='è§’è‰²å’Œèœå•å…³è”è¡¨';
/*!40101 SET character_set_client = @saved_cs_client */;

--
-- Dumping data for table `sys_role_menu`
--

LOCK TABLES `sys_role_menu` WRITE;
/*!40000 ALTER TABLE `sys_role_menu` DISABLE KEYS */;
INSERT INTO `sys_role_menu` VALUES (2,1),(2,2),(2,3),(2,100),(2,101),(2,102),(2,103),(2,104),(2,105),(2,106),(2,107),(2,108),(2,109),(2,110),(2,111),(2,112),(2,113),(2,114),(2,115),(2,500),(2,501),(2,1000),(2,1001),(2,1002),(2,1003),(2,1004),(2,1005),(2,1006),(2,1007),(2,1008),(2,1009),(2,1010),(2,1011),(2,1012),(2,1013),(2,1014),(2,1015),(2,1016),(2,1017),(2,1018),(2,1019),(2,1020),(2,1021),(2,1022),(2,1023),(2,1024),(2,1025),(2,1026),(2,1027),(2,1028),(2,1029),(2,1030),(2,1031),(2,1032),(2,1033),(2,1034),(2,1035),(2,1036),(2,1037),(2,1038),(2,1039),(2,1040),(2,1041),(2,1042),(2,1043),(2,1044),(2,1045),(2,1046),(2,1047),(2,1048),(2,1049),(2,1050),(2,1051),(2,1052),(2,1053),(2,1054),(2,1055),(2,1056),(2,1057),(2,1058),(2,1059),(2,1060),(2,1061),(100,2000),(100,2001),(100,2006);
/*!40000 ALTER TABLE `sys_role_menu` ENABLE KEYS */;
UNLOCK TABLES;

--
-- Table structure for table `sys_user`
--

DROP TABLE IF EXISTS `sys_user`;
/*!40101 SET @saved_cs_client     = @@character_set_client */;
/*!50503 SET character_set_client = utf8mb4 */;
CREATE TABLE `sys_user` (
  `user_id` bigint NOT NULL AUTO_INCREMENT COMMENT 'ç”¨æˆ·ID',
  `dept_id` bigint DEFAULT NULL COMMENT 'éƒ¨é—¨ID',
  `login_name` varchar(30) NOT NULL COMMENT 'ç™»å½•è´¦å·',
  `user_name` varchar(30) NOT NULL COMMENT 'ç”¨æˆ·æ˜µç§°',
  `user_type` varchar(2) DEFAULT '00' COMMENT 'ç”¨æˆ·ç±»å‹ï¼ˆ00ç³»ç»Ÿç”¨æˆ·ï¼‰',
  `email` varchar(50) DEFAULT '' COMMENT 'ç”¨æˆ·é‚®ç®±',
  `phonenumber` varchar(11) DEFAULT '' COMMENT 'æ‰‹æœºå·ç ',
  `sex` char(1) DEFAULT '0' COMMENT 'ç”¨æˆ·æ€§åˆ«ï¼ˆ0ç”· 1å¥³ 2æœªçŸ¥ï¼‰',
  `avatar` varchar(100) DEFAULT '' COMMENT 'å¤´åƒè·¯å¾„',
  `password` varchar(50) DEFAULT '' COMMENT 'å¯†ç ',
  `salt` varchar(20) DEFAULT '' COMMENT 'ç›åŠ å¯†',
  `status` char(1) DEFAULT '0' COMMENT 'å¸å·çŠ¶æ€ï¼ˆ0æ­£å¸¸ 1åœç”¨ï¼‰',
  `del_flag` char(1) DEFAULT '0' COMMENT 'åˆ é™¤æ ‡å¿—ï¼ˆ0ä»£è¡¨å­˜åœ¨ 2ä»£è¡¨åˆ é™¤ï¼‰',
  `login_ip` varchar(50) DEFAULT '' COMMENT 'æœ€åç™»é™†IP',
  `login_date` datetime DEFAULT NULL COMMENT 'æœ€åç™»é™†æ—¶é—´',
  `create_by` varchar(64) DEFAULT '' COMMENT 'åˆ›å»ºè€…',
  `create_time` datetime DEFAULT NULL COMMENT 'åˆ›å»ºæ—¶é—´',
  `update_by` varchar(64) DEFAULT '' COMMENT 'æ›´æ–°è€…',
  `update_time` datetime DEFAULT NULL COMMENT 'æ›´æ–°æ—¶é—´',
  `remark` varchar(500) DEFAULT NULL COMMENT 'å¤‡æ³¨',
  PRIMARY KEY (`user_id`)
) ENGINE=InnoDB AUTO_INCREMENT=100 DEFAULT CHARSET=utf8 COMMENT='ç”¨æˆ·ä¿¡æ¯è¡¨';
/*!40101 SET character_set_client = @saved_cs_client */;

--
-- Dumping data for table `sys_user`
--

LOCK TABLES `sys_user` WRITE;
/*!40000 ALTER TABLE `sys_user` DISABLE KEYS */;
INSERT INTO `sys_user` VALUES (1,101,'admin','è¶…çº§ç®¡ç†å‘˜','00','admin@163.com','15111111111','2','','29c67a30398638269fe600f73a054934','111111','0','0','127.0.0.1','2020-02-28 14:22:03','admin','2018-03-16 11:33:00','admin','2020-02-28 14:22:02','ç®¡ç†å‘˜'),(2,101,'sbglya','è®¾å¤‡ç®¡ç†å‘˜A','00','sbglya@qq.com','15222222222','0','','468d5920132118a1dbca15a7afa2a289','de3c15','0','0','127.0.0.1','2020-02-27 16:39:34','admin','2018-03-16 11:33:00','admin','2020-02-27 16:39:34','è®¾å¤‡ç®¡ç†å‘˜A');
/*!40000 ALTER TABLE `sys_user` ENABLE KEYS */;
UNLOCK TABLES;

--
-- Table structure for table `sys_user_online`
--

DROP TABLE IF EXISTS `sys_user_online`;
/*!40101 SET @saved_cs_client     = @@character_set_client */;
/*!50503 SET character_set_client = utf8mb4 */;
CREATE TABLE `sys_user_online` (
  `sessionId` varchar(50) NOT NULL DEFAULT '' COMMENT 'ç”¨æˆ·ä¼šè¯id',
  `login_name` varchar(50) DEFAULT '' COMMENT 'ç™»å½•è´¦å·',
  `dept_name` varchar(50) DEFAULT '' COMMENT 'éƒ¨é—¨åç§°',
  `ipaddr` varchar(50) DEFAULT '' COMMENT 'ç™»å½•IPåœ°å€',
  `login_location` varchar(255) DEFAULT '' COMMENT 'ç™»å½•åœ°ç‚¹',
  `browser` varchar(50) DEFAULT '' COMMENT 'æµè§ˆå™¨ç±»å‹',
  `os` varchar(50) DEFAULT '' COMMENT 'æ“ä½œç³»ç»Ÿ',
  `status` varchar(10) DEFAULT '' COMMENT 'åœ¨çº¿çŠ¶æ€on_lineåœ¨çº¿off_lineç¦»çº¿',
  `start_timestamp` datetime DEFAULT NULL COMMENT 'sessionåˆ›å»ºæ—¶é—´',
  `last_access_time` datetime DEFAULT NULL COMMENT 'sessionæœ€åè®¿é—®æ—¶é—´',
  `expire_time` int DEFAULT '0' COMMENT 'è¶…æ—¶æ—¶é—´ï¼Œå•ä½ä¸ºåˆ†é’Ÿ',
  PRIMARY KEY (`sessionId`)
) ENGINE=InnoDB DEFAULT CHARSET=utf8 COMMENT='åœ¨çº¿ç”¨æˆ·è®°å½•';
/*!40101 SET character_set_client = @saved_cs_client */;

--
-- Dumping data for table `sys_user_online`
--

LOCK TABLES `sys_user_online` WRITE;
/*!40000 ALTER TABLE `sys_user_online` DISABLE KEYS */;
INSERT INTO `sys_user_online` VALUES ('3e7d11e6-51ee-4cb9-ac49-30e3f36f2b1d','admin','è®¾å¤‡ç®¡ç†éƒ¨é—¨','127.0.0.1','å†…ç½‘IP','Chrome 8','Windows 10','on_line','2020-02-28 14:13:04','2020-02-28 14:15:25',1800000),('91f30312-b0d0-41a4-ad8c-7d6f890ebb01','admin','è®¾å¤‡ç®¡ç†éƒ¨é—¨','127.0.0.1','å†…ç½‘IP','Chrome 8','Windows 10','on_line','2020-02-28 14:21:50','2020-02-28 14:22:03',1800000),('9acc832b-001b-4564-b75b-51cb76b55962','admin','è®¾å¤‡ç®¡ç†éƒ¨é—¨','127.0.0.1','å†…ç½‘IP','Chrome 8','Windows 10','on_line','2020-02-28 13:24:58','2020-02-28 13:55:30',1800000);
/*!40000 ALTER TABLE `sys_user_online` ENABLE KEYS */;
UNLOCK TABLES;

--
-- Table structure for table `sys_user_post`
--

DROP TABLE IF EXISTS `sys_user_post`;
/*!40101 SET @saved_cs_client     = @@character_set_client */;
/*!50503 SET character_set_client = utf8mb4 */;
CREATE TABLE `sys_user_post` (
  `user_id` bigint NOT NULL COMMENT 'ç”¨æˆ·ID',
  `post_id` bigint NOT NULL COMMENT 'å²—ä½ID',
  PRIMARY KEY (`user_id`,`post_id`)
) ENGINE=InnoDB DEFAULT CHARSET=utf8 COMMENT='ç”¨æˆ·ä¸å²—ä½å…³è”è¡¨';
/*!40101 SET character_set_client = @saved_cs_client */;

--
-- Dumping data for table `sys_user_post`
--

LOCK TABLES `sys_user_post` WRITE;
/*!40000 ALTER TABLE `sys_user_post` DISABLE KEYS */;
INSERT INTO `sys_user_post` VALUES (1,1);
/*!40000 ALTER TABLE `sys_user_post` ENABLE KEYS */;
UNLOCK TABLES;

--
-- Table structure for table `sys_user_role`
--

DROP TABLE IF EXISTS `sys_user_role`;
/*!40101 SET @saved_cs_client     = @@character_set_client */;
/*!50503 SET character_set_client = utf8mb4 */;
CREATE TABLE `sys_user_role` (
  `user_id` bigint NOT NULL COMMENT 'ç”¨æˆ·ID',
  `role_id` bigint NOT NULL COMMENT 'è§’è‰²ID',
  PRIMARY KEY (`user_id`,`role_id`)
) ENGINE=InnoDB DEFAULT CHARSET=utf8 COMMENT='ç”¨æˆ·å’Œè§’è‰²å…³è”è¡¨';
/*!40101 SET character_set_client = @saved_cs_client */;

--
-- Dumping data for table `sys_user_role`
--

LOCK TABLES `sys_user_role` WRITE;
/*!40000 ALTER TABLE `sys_user_role` DISABLE KEYS */;
INSERT INTO `sys_user_role` VALUES (1,1),(2,100);
/*!40000 ALTER TABLE `sys_user_role` ENABLE KEYS */;
UNLOCK TABLES;
/*!40103 SET TIME_ZONE=@OLD_TIME_ZONE */;

/*!40101 SET SQL_MODE=@OLD_SQL_MODE */;
/*!40014 SET FOREIGN_KEY_CHECKS=@OLD_FOREIGN_KEY_CHECKS */;
/*!40014 SET UNIQUE_CHECKS=@OLD_UNIQUE_CHECKS */;
/*!40101 SET CHARACTER_SET_CLIENT=@OLD_CHARACTER_SET_CLIENT */;
/*!40101 SET CHARACTER_SET_RESULTS=@OLD_CHARACTER_SET_RESULTS */;
/*!40101 SET COLLATION_CONNECTION=@OLD_COLLATION_CONNECTION */;
/*!40111 SET SQL_NOTES=@OLD_SQL_NOTES */;

-- Dump completed on 2020-02-28 14:23:37
