CREATE DATABASE  IF NOT EXISTS `ry` /*!40100 DEFAULT CHARACTER SET utf8 */ /*!80016 DEFAULT ENCRYPTION='N' */;
USE `ry`;
-- MySQL dump 10.13  Distrib 8.0.19, for Win64 (x86_64)
--
-- Host: localhost    Database: ry
-- ------------------------------------------------------
-- Server version	8.0.19

/*!40101 SET @OLD_CHARACTER_SET_CLIENT=@@CHARACTER_SET_CLIENT */;
/*!40101 SET @OLD_CHARACTER_SET_RESULTS=@@CHARACTER_SET_RESULTS */;
/*!40101 SET @OLD_COLLATION_CONNECTION=@@COLLATION_CONNECTION */;
/*!50503 SET NAMES utf8 */;
/*!40103 SET @OLD_TIME_ZONE=@@TIME_ZONE */;
/*!40103 SET TIME_ZONE='+00:00' */;
/*!40014 SET @OLD_UNIQUE_CHECKS=@@UNIQUE_CHECKS, UNIQUE_CHECKS=0 */;
/*!40014 SET @OLD_FOREIGN_KEY_CHECKS=@@FOREIGN_KEY_CHECKS, FOREIGN_KEY_CHECKS=0 */;
/*!40101 SET @OLD_SQL_MODE=@@SQL_MODE, SQL_MODE='NO_AUTO_VALUE_ON_ZERO' */;
/*!40111 SET @OLD_SQL_NOTES=@@SQL_NOTES, SQL_NOTES=0 */;

--
-- Table structure for table `equ_area`
--

DROP TABLE IF EXISTS `equ_area`;
/*!40101 SET @saved_cs_client     = @@character_set_client */;
/*!50503 SET character_set_client = utf8mb4 */;
CREATE TABLE `equ_area` (
  `area_id` bigint NOT NULL AUTO_INCREMENT COMMENT 'ID 主键',
  `area_guid` varchar(32) NOT NULL COMMENT 'Guid',
  `area_code` varchar(128) DEFAULT NULL COMMENT '区域编码',
  `area_name` varchar(128) DEFAULT NULL COMMENT '区域名称',
  `area_type` varchar(32) DEFAULT NULL COMMENT '区域类别',
  `parent_id` bigint DEFAULT '0' COMMENT '父级ID',
  `ancestors` varchar(128) DEFAULT NULL COMMENT '祖级列表',
  `fullname` varchar(128) DEFAULT NULL COMMENT '全称',
  `order_num` int DEFAULT NULL COMMENT '显示顺序',
  `status` char(1) DEFAULT '0' COMMENT '状态 （0正常 1停用）',
  `remark` varchar(512) DEFAULT NULL COMMENT '备注',
  `del_flag` char(1) DEFAULT '0' COMMENT '删除状态 （0代表存在 2代表删除）',
  `create_by` varchar(32) DEFAULT NULL COMMENT '创建人',
  `create_time` datetime DEFAULT NULL COMMENT '创建时间',
  `update_by` varchar(32) DEFAULT NULL COMMENT '更新人',
  `update_time` datetime DEFAULT NULL COMMENT '更新时间',
  PRIMARY KEY (`area_id`)
) ENGINE=InnoDB AUTO_INCREMENT=6 DEFAULT CHARSET=utf8 COMMENT='设备所在区域表';
/*!40101 SET character_set_client = @saved_cs_client */;

--
-- Dumping data for table `equ_area`
--

LOCK TABLES `equ_area` WRITE;
/*!40000 ALTER TABLE `equ_area` DISABLE KEYS */;
INSERT INTO `equ_area` VALUES (1,'b019d72c41854a0abb1b90d4c0e6bd8p','0','区域',NULL,0,'0','区域',0,'0',NULL,'0','admin','2018-03-16 11:33:00',NULL,NULL),(2,'185499999e774e7bb328f6c7e30b63d0','0A','A幢','1',1,'0,1','区域->A幢',0,'0',NULL,'0','admin','2020-03-05 16:35:49','admin','2020-03-12 14:22:35'),(3,'471b7e7980924853bed89a7094e070c4','0A1','一楼','1',2,'0,1,2','区域->A幢->一楼',0,'0',NULL,'0','admin','2020-03-06 08:26:43','admin','2020-03-12 14:22:37'),(4,'054e0276c7dd4c0ba69cb2004dc159bb','0A2','二楼','1',2,'0,1,2',NULL,1,'0',NULL,'2','admin','2020-03-11 10:30:12',NULL,NULL),(5,'6974b132798746418bc5b81ceae5559f','0A2','二楼','1',2,'0,1,2','区域->A幢->二楼',1,'0',NULL,'0','admin','2020-03-12 14:22:56',NULL,NULL);
/*!40000 ALTER TABLE `equ_area` ENABLE KEYS */;
UNLOCK TABLES;

--
-- Table structure for table `equ_card`
--

DROP TABLE IF EXISTS `equ_card`;
/*!40101 SET @saved_cs_client     = @@character_set_client */;
/*!50503 SET character_set_client = utf8mb4 */;
CREATE TABLE `equ_card` (
  `equ_id` bigint NOT NULL AUTO_INCREMENT COMMENT 'ID 主键',
  `equ_guid` varchar(32) NOT NULL COMMENT 'Guid',
  `equ_serial` varchar(32) DEFAULT NULL COMMENT '设备流水号',
  `equ_code` varchar(32) DEFAULT NULL COMMENT '设备编号',
  `equ_name` varchar(128) DEFAULT NULL COMMENT '设备名称',
  `class_id` bigint DEFAULT NULL COMMENT '设备类别 设备分类表主键',
  `equ_count` decimal(32,2) DEFAULT NULL COMMENT '数量',
  `equ_sprice` decimal(32,2) DEFAULT NULL COMMENT '单价 元',
  `equ_price` decimal(32,2) DEFAULT NULL COMMENT '总价 元',
  `contract_id` bigint DEFAULT NULL COMMENT '合同 设备合同表主键',
  `supplier_id` bigint DEFAULT NULL COMMENT '供应商 设备供应商表主键',
  `equ_brand` varchar(128) DEFAULT NULL COMMENT '品牌',
  `equ_param` varchar(1024) DEFAULT NULL COMMENT '规格型号',
  `dept_id` bigint DEFAULT NULL COMMENT '所属部门 部门表主键',
  `equ_admin` varchar(32) DEFAULT NULL COMMENT '设备管理员 用户表主键',
  `equ_time` date DEFAULT NULL COMMENT '设备采购时间',
  `equ_year` int DEFAULT NULL COMMENT '设备使用年限',
  `equ_status` char(1) DEFAULT '0' COMMENT '设备使用状态 （0-闲置 1-正常使用 2-故障 3-报废报损）',
  `area_id` bigint DEFAULT NULL COMMENT '所在区域',
  `equ_attribute` varchar(32) DEFAULT NULL COMMENT '特种属性 字典选取',
  `remark` varchar(512) DEFAULT NULL COMMENT '备注',
  `del_flag` char(1) DEFAULT '0' COMMENT '删除状态 （0代表存在 2代表删除）',
  `create_by` varchar(32) DEFAULT NULL COMMENT '创建人',
  `create_time` datetime DEFAULT NULL COMMENT '创建时间',
  `update_by` varchar(32) DEFAULT NULL COMMENT '更新人',
  `update_time` datetime DEFAULT NULL COMMENT '更新时间',
  PRIMARY KEY (`equ_id`)
) ENGINE=InnoDB AUTO_INCREMENT=8 DEFAULT CHARSET=utf8 COMMENT='设备档案表';
/*!40101 SET character_set_client = @saved_cs_client */;

--
-- Dumping data for table `equ_card`
--

LOCK TABLES `equ_card` WRITE;
/*!40000 ALTER TABLE `equ_card` DISABLE KEYS */;
INSERT INTO `equ_card` VALUES (1,'b7414dc99e6a4a9ea823ec0b43ebbe7f','euq-202002140001','','空调',9,2.00,3000.00,6000.00,1,1,NULL,NULL,101,NULL,'2020-02-14',NULL,'0',NULL,'1',NULL,'0','admin','2020-02-14 13:41:18','admin','2020-02-17 11:56:35'),(2,'4fcf2fb56bf843f89006b9e010364916','euq-202002140002','','中央空调',9,1.00,10000.00,10000.00,1,1,NULL,NULL,101,NULL,NULL,NULL,'0',NULL,'0',NULL,'0','admin','2020-02-14 14:46:50','admin','2020-03-03 10:21:47'),(3,'f169f070c40a4669b1d220f2b50090b3','euq-202002140003',NULL,'电梯空调',9,1.00,1000.00,1000.00,1,1,NULL,NULL,101,NULL,NULL,NULL,'3',NULL,NULL,NULL,'0','admin','2020-02-14 15:02:32','admin','2020-02-21 12:23:44'),(4,'cf45e4fcd2d14fc69e84b7aced29df5e','euq-202002170001',NULL,'立式空调',9,5.00,3500.00,17500.00,NULL,NULL,'海尔','T300',101,NULL,'2020-02-10',3,'0',NULL,'0','测试数据','2','admin','2020-02-17 14:16:45','admin','2020-02-17 14:49:44'),(5,'8df4e58e789c4019aa7e544bbb93665a','euq-202002170002',NULL,'挂式空调',9,5.00,2500.00,12500.00,NULL,NULL,NULL,NULL,NULL,NULL,NULL,NULL,'0',NULL,'0',NULL,'2','admin','2020-02-17 15:01:39',NULL,NULL),(6,'69c0454fcbfb4141b903faf9d80172ae','euq-202002210001',NULL,'立式空调',9,5.00,5600.00,28000.00,1,1,NULL,NULL,200,NULL,NULL,NULL,'0',NULL,'0',NULL,'0','admin','2020-02-21 12:49:53','admin','2020-02-21 13:01:34'),(7,'f79a56d5e4ce42d4a0c9d73faf827356','euq-202003030001',NULL,'挂式空调',9,6.00,2500.00,15000.00,2,4,'海尔','2P',101,NULL,'2020-03-01',6,'0',5,'0','无','0','admin','2020-03-03 13:28:38','admin','2020-03-12 15:05:55');
/*!40000 ALTER TABLE `equ_card` ENABLE KEYS */;
UNLOCK TABLES;

--
-- Table structure for table `equ_channel`
--

DROP TABLE IF EXISTS `equ_channel`;
/*!40101 SET @saved_cs_client     = @@character_set_client */;
/*!50503 SET character_set_client = utf8mb4 */;
CREATE TABLE `equ_channel` (
  `channel_id` bigint NOT NULL AUTO_INCREMENT COMMENT 'ID 主键',
  `channel_guid` varchar(32) NOT NULL COMMENT 'Guid',
  `equ_id` bigint DEFAULT NULL COMMENT '设备ID',
  `channel_name` varchar(128) DEFAULT NULL COMMENT '位号名称',
  `channel_code` varchar(128) DEFAULT NULL COMMENT '位号编号',
  `channel_decs` varchar(1024) DEFAULT NULL COMMENT '位号描述',
  `channel_type` varchar(32) DEFAULT NULL COMMENT '位号类型',
  `channel_class` varchar(32) DEFAULT NULL COMMENT '位号性质',
  `remark` varchar(512) DEFAULT NULL COMMENT '备注',
  `del_flag` char(1) DEFAULT '0' COMMENT '删除状态 （0代表存在 2代表删除）',
  `create_by` varchar(32) DEFAULT NULL COMMENT '创建人',
  `create_time` datetime DEFAULT NULL COMMENT '创建时间',
  `update_by` varchar(32) DEFAULT NULL COMMENT '更新人',
  `update_time` datetime DEFAULT NULL COMMENT '更新时间',
  PRIMARY KEY (`channel_id`)
) ENGINE=InnoDB AUTO_INCREMENT=3 DEFAULT CHARSET=utf8 COMMENT='设备位号表';
/*!40101 SET character_set_client = @saved_cs_client */;

--
-- Dumping data for table `equ_channel`
--

LOCK TABLES `equ_channel` WRITE;
/*!40000 ALTER TABLE `equ_channel` DISABLE KEYS */;
INSERT INTO `equ_channel` VALUES (1,'6a2d452e068a4c34bc8eeaac2cc9fd82',7,'01','A01','A01desc','2','3','A01remark','0','admin','2020-03-09 14:52:14','admin','2020-03-09 15:04:41'),(2,'3dc61831e4014feb8835bcf7fa1c57e4',7,'02','A02','A02desc','1','1','A02remark','0','admin','2020-03-09 15:02:46','admin','2020-03-09 15:03:57');
/*!40000 ALTER TABLE `equ_channel` ENABLE KEYS */;
UNLOCK TABLES;

--
-- Table structure for table `equ_class`
--

DROP TABLE IF EXISTS `equ_class`;
/*!40101 SET @saved_cs_client     = @@character_set_client */;
/*!50503 SET character_set_client = utf8mb4 */;
CREATE TABLE `equ_class` (
  `class_id` bigint NOT NULL AUTO_INCREMENT COMMENT 'ID 主键',
  `class_guid` varchar(32) DEFAULT NULL COMMENT 'Guid',
  `parent_id` bigint DEFAULT '0' COMMENT '父级ID',
  `ancestors` varchar(128) DEFAULT NULL COMMENT '祖级列表',
  `fullname` varchar(128) DEFAULT NULL COMMENT '全称',
  `class_code` varchar(128) DEFAULT NULL COMMENT '设备分类编码',
  `class_name` varchar(128) DEFAULT NULL COMMENT '设备分类名称',
  `order_num` int DEFAULT NULL COMMENT '显示顺序',
  `status` char(1) DEFAULT '0' COMMENT '状态 （0正常 1停用）',
  `remark` varchar(512) DEFAULT NULL COMMENT '备注',
  `del_flag` char(1) DEFAULT '0' COMMENT '删除状态 （0代表存在 2代表删除）',
  `create_by` varchar(32) DEFAULT NULL COMMENT '创建者',
  `create_time` datetime DEFAULT NULL COMMENT '创建时间',
  `update_by` varchar(32) DEFAULT NULL COMMENT '更新者',
  `update_time` datetime DEFAULT NULL COMMENT '更新时间',
  PRIMARY KEY (`class_id`)
) ENGINE=InnoDB AUTO_INCREMENT=11 DEFAULT CHARSET=utf8 COMMENT='设备分类表 ';
/*!40101 SET character_set_client = @saved_cs_client */;

--
-- Dumping data for table `equ_class`
--

LOCK TABLES `equ_class` WRITE;
/*!40000 ALTER TABLE `equ_class` DISABLE KEYS */;
INSERT INTO `equ_class` VALUES (1,'b019d72c41854a0abb1b90d4c0e6bd8p',0,'0','设备分类','0','设备分类',0,'0','','0','admin','2018-03-16 11:33:00','admin','2018-03-16 11:33:00'),(4,'38428cc2cf944acbb692e32876f4fc6d',1,'0,1','设备分类->机电运行设备',NULL,'机电运行设备',1,'0',NULL,'2','admin','2020-02-12 16:45:49','admin','2020-02-12 16:46:10'),(5,'707bdcfbf7cf4481b87a87188aaff41b',1,'0,1','设备分类->机电运行设备','A','机电运行设备',1,'0','','0','admin','2020-02-12 16:46:50','admin','2020-03-12 14:20:34'),(6,'e4e1778202b8446080a070c558d0e18c',1,'0,1','设备分类->行政资产设备','B','行政资产设备',2,'0','','0','admin','2020-02-12 17:24:17','admin','2020-03-12 14:21:35'),(7,'b9cdfd2cb1594637a3609d1777eebb13',1,'0,1','设备分类->其他',NULL,'其他',3,'0',NULL,'2','admin','2020-02-13 10:56:31',NULL,NULL),(8,'8af8af6924bd4902818db4912cbbac5b',1,'0,1','设备分类->其他分类','C','其他分类',3,'0','','0','admin','2020-02-13 10:59:58','admin','2020-03-12 14:21:37'),(9,'7e70902ac7384a4290280b981cecffa7',5,'0,1,5','设备分类->机电运行设备->空调','A01','空调',0,'0','','0','admin','2020-02-14 13:40:50','admin','2020-03-12 14:21:33'),(10,'31de1402fc3c41d8aaecf72c0548dc28',5,'0,1,5','设备分类->机电运行设备->电梯','A02','电梯',1,'0','','0','admin','2020-03-12 14:22:05','admin','2020-03-12 14:22:12');
/*!40000 ALTER TABLE `equ_class` ENABLE KEYS */;
UNLOCK TABLES;

--
-- Table structure for table `equ_contract`
--

DROP TABLE IF EXISTS `equ_contract`;
/*!40101 SET @saved_cs_client     = @@character_set_client */;
/*!50503 SET character_set_client = utf8mb4 */;
CREATE TABLE `equ_contract` (
  `con_id` bigint NOT NULL AUTO_INCREMENT COMMENT 'ID 主键',
  `con_guid` varchar(32) NOT NULL COMMENT 'Guid',
  `con_code` varchar(32) DEFAULT NULL COMMENT '合同编号',
  `con_name` varchar(128) DEFAULT NULL COMMENT '合同名称',
  `con_amount` decimal(32,8) DEFAULT NULL COMMENT '合同金额',
  `con_time` date DEFAULT NULL COMMENT '签订日期',
  `con_first` varchar(128) DEFAULT NULL COMMENT '合同甲方',
  `first_contacts` varchar(32) DEFAULT NULL COMMENT '甲方联系人',
  `first_phone` varchar(32) DEFAULT NULL COMMENT '甲方联系方式',
  `con_second` varchar(128) DEFAULT NULL COMMENT '合同乙方',
  `second_contacts` varchar(32) DEFAULT NULL COMMENT '乙方联系人',
  `second_phone` varchar(32) DEFAULT NULL COMMENT '乙方联系方式',
  `remark` varchar(512) DEFAULT NULL COMMENT '备注',
  `del_flag` char(1) DEFAULT '0' COMMENT '删除状态 （0代表存在 2代表删除）',
  `create_by` varchar(32) DEFAULT NULL COMMENT '创建人',
  `create_time` datetime DEFAULT NULL COMMENT '创建时间',
  `update_by` varchar(32) DEFAULT NULL COMMENT '更新人',
  `update_time` datetime DEFAULT NULL COMMENT '更新时间',
  PRIMARY KEY (`con_id`)
) ENGINE=InnoDB AUTO_INCREMENT=3 DEFAULT CHARSET=utf8 COMMENT='设备合同表';
/*!40101 SET character_set_client = @saved_cs_client */;

--
-- Dumping data for table `equ_contract`
--

LOCK TABLES `equ_contract` WRITE;
/*!40000 ALTER TABLE `equ_contract` DISABLE KEYS */;
INSERT INTO `equ_contract` VALUES (1,'7abe864ac9a1453aaacb6c1beb9351bf','2020021801','合同名称',30.13456700,'2020-02-10','合同甲方','甲方联系人','15711111111','合同乙方','乙方联系人','15722222222','测试数据','0','admin','2020-02-18 11:32:00','admin','2020-02-18 12:52:22'),(2,'0342552eb3b440fcb058d5cc42c13bd1','2020030401','合同名称030401',59.00000000,'2020-03-01','合同甲方','甲方联系人','15777777777','合同乙方','乙方联系人','15777777778',NULL,'0','admin','2020-03-04 09:44:15',NULL,NULL);
/*!40000 ALTER TABLE `equ_contract` ENABLE KEYS */;
UNLOCK TABLES;

--
-- Table structure for table `equ_scrap`
--

DROP TABLE IF EXISTS `equ_scrap`;
/*!40101 SET @saved_cs_client     = @@character_set_client */;
/*!50503 SET character_set_client = utf8mb4 */;
CREATE TABLE `equ_scrap` (
  `scr_id` bigint NOT NULL AUTO_INCREMENT COMMENT 'ID 主键',
  `scr_guid` varchar(32) NOT NULL COMMENT 'Guid',
  `scr_serial` varchar(32) DEFAULT NULL COMMENT '报损报废流水号',
  `scr_code` varchar(32) DEFAULT NULL COMMENT '报废报损单编号',
  `equ_id` bigint DEFAULT NULL COMMENT '设备id 设备档案表主键',
  `scr_reason` varchar(256) DEFAULT NULL COMMENT '报废理由',
  `remark` varchar(512) DEFAULT NULL COMMENT '备注',
  `del_flag` char(1) DEFAULT '0' COMMENT '删除状态 （0代表存在 2代表删除）',
  `create_by` varchar(32) DEFAULT NULL COMMENT '创建人',
  `create_time` datetime DEFAULT NULL COMMENT '创建时间',
  `update_by` varchar(32) DEFAULT NULL COMMENT '更新人',
  `update_time` datetime DEFAULT NULL COMMENT '更新时间',
  PRIMARY KEY (`scr_id`)
) ENGINE=InnoDB AUTO_INCREMENT=6 DEFAULT CHARSET=utf8 COMMENT='设备报废报损表';
/*!40101 SET character_set_client = @saved_cs_client */;

--
-- Dumping data for table `equ_scrap`
--

LOCK TABLES `equ_scrap` WRITE;
/*!40000 ALTER TABLE `equ_scrap` DISABLE KEYS */;
INSERT INTO `equ_scrap` VALUES (1,'55c9095f56b74399a77c39ee8d9beb3c','scr-202002240001',NULL,6,'0',NULL,'2','admin','2020-02-24 16:23:54',NULL,NULL),(2,'31509064ca4d47e18d3d8bdf10c086ad','scr-202002240002',NULL,3,'1',NULL,'0','admin','2020-02-24 16:57:01',NULL,NULL),(3,'74d76264f0444007ac1b9748adf713f9','scr-202003030001',NULL,6,'1',NULL,'2','admin','2020-03-03 13:49:07',NULL,NULL),(4,'429c030f7ae04c12aedbde31573e5b19','scr-202003030002',NULL,7,'4',NULL,'2','admin','2020-03-03 13:49:13',NULL,NULL),(5,'4917cea6c28745b8950cb1bfc5961ac9','scr-202003120001',NULL,7,'1',NULL,'2','admin','2020-03-12 11:21:12',NULL,NULL);
/*!40000 ALTER TABLE `equ_scrap` ENABLE KEYS */;
UNLOCK TABLES;

--
-- Table structure for table `equ_supplier`
--

DROP TABLE IF EXISTS `equ_supplier`;
/*!40101 SET @saved_cs_client     = @@character_set_client */;
/*!50503 SET character_set_client = utf8mb4 */;
CREATE TABLE `equ_supplier` (
  `sup_id` bigint NOT NULL AUTO_INCREMENT COMMENT 'ID 主键',
  `sup_guid` varchar(32) NOT NULL COMMENT 'Guid',
  `sup_code` varchar(32) DEFAULT NULL COMMENT '统一社会信用代码',
  `sup_name` varchar(64) DEFAULT NULL COMMENT '企业名称',
  `sup_leg` varchar(32) DEFAULT NULL COMMENT '法定代表人',
  `sup_adder` varchar(128) DEFAULT NULL COMMENT '住所',
  `sup_contact` varchar(32) DEFAULT NULL COMMENT '联系人',
  `sup_phone` varchar(32) DEFAULT NULL COMMENT '联系方式',
  `remark` varchar(512) DEFAULT NULL COMMENT '备注',
  `status` char(1) DEFAULT '0' COMMENT '状态 （0代表正常 1代表拉黑）',
  `del_flag` char(1) DEFAULT '0' COMMENT '删除状态 （0代表存在 2代表删除）',
  `create_by` varchar(32) DEFAULT NULL COMMENT '创建人',
  `create_time` datetime DEFAULT NULL COMMENT '创建时间',
  `update_by` varchar(32) DEFAULT NULL COMMENT '更新人',
  `update_time` datetime DEFAULT NULL COMMENT '更新时间',
  PRIMARY KEY (`sup_id`)
) ENGINE=InnoDB AUTO_INCREMENT=5 DEFAULT CHARSET=utf8 COMMENT='设备供应商表';
/*!40101 SET character_set_client = @saved_cs_client */;

--
-- Dumping data for table `equ_supplier`
--

LOCK TABLES `equ_supplier` WRITE;
/*!40000 ALTER TABLE `equ_supplier` DISABLE KEYS */;
INSERT INTO `equ_supplier` VALUES (1,'e17b955799e74289bbf4a661ca4eea5d','91330108MA28X9459A','浙江源创建筑智能科技有限公司','谢敏','浙江省杭州市滨江区六和路309号D区312-315室','张三','15777777777','测试数据','0','0','admin','2020-02-17 14:29:47','admin','2020-03-04 09:15:43'),(3,'bfe29084f24a43a28e973f82a2a0f7c8','91440605590059829L','广东皓景新材料科技有限公司','梁永根','佛山市南海区大沥镇毅贤路1号坚美展贸大厦23层2327号（住所申报）','梁永根','15777777778',NULL,'0','2','admin','2020-02-17 14:56:03',NULL,NULL),(4,'d0cf76e578804f35b2e5bc23efe84374','91510900MA64RW2F14','四川壮果建筑工程有限公司','胡国珍','四川省遂宁市河东新区杨柳路39号6栋2层2单元203号','李四','15888888888',NULL,'0','0','admin','2020-03-04 09:16:22',NULL,NULL);
/*!40000 ALTER TABLE `equ_supplier` ENABLE KEYS */;
UNLOCK TABLES;

--
-- Table structure for table `equ_test`
--

DROP TABLE IF EXISTS `equ_test`;
/*!40101 SET @saved_cs_client     = @@character_set_client */;
/*!50503 SET character_set_client = utf8mb4 */;
CREATE TABLE `equ_test` (
  `test_id` bigint NOT NULL AUTO_INCREMENT,
  PRIMARY KEY (`test_id`)
) ENGINE=InnoDB DEFAULT CHARSET=utf8;
/*!40101 SET character_set_client = @saved_cs_client */;

--
-- Dumping data for table `equ_test`
--

LOCK TABLES `equ_test` WRITE;
/*!40000 ALTER TABLE `equ_test` DISABLE KEYS */;
/*!40000 ALTER TABLE `equ_test` ENABLE KEYS */;
UNLOCK TABLES;

--
-- Table structure for table `gen_table`
--

DROP TABLE IF EXISTS `gen_table`;
/*!40101 SET @saved_cs_client     = @@character_set_client */;
/*!50503 SET character_set_client = utf8mb4 */;
CREATE TABLE `gen_table` (
  `table_id` bigint NOT NULL AUTO_INCREMENT COMMENT '编号',
  `table_name` varchar(200) DEFAULT '' COMMENT '表名称',
  `table_comment` varchar(500) DEFAULT '' COMMENT '表描述',
  `class_name` varchar(100) DEFAULT '' COMMENT '实体类名称',
  `tpl_category` varchar(200) DEFAULT 'crud' COMMENT '使用的模板（crud单表操作 tree树表操作）',
  `package_name` varchar(100) DEFAULT NULL COMMENT '生成包路径',
  `module_name` varchar(30) DEFAULT NULL COMMENT '生成模块名',
  `business_name` varchar(30) DEFAULT NULL COMMENT '生成业务名',
  `function_name` varchar(50) DEFAULT NULL COMMENT '生成功能名',
  `function_author` varchar(50) DEFAULT NULL COMMENT '生成功能作者',
  `options` varchar(1000) DEFAULT NULL COMMENT '其它生成选项',
  `create_by` varchar(64) DEFAULT '' COMMENT '创建者',
  `create_time` datetime DEFAULT NULL COMMENT '创建时间',
  `update_by` varchar(64) DEFAULT '' COMMENT '更新者',
  `update_time` datetime DEFAULT NULL COMMENT '更新时间',
  `remark` varchar(500) DEFAULT NULL COMMENT '备注',
  PRIMARY KEY (`table_id`)
) ENGINE=InnoDB AUTO_INCREMENT=15 DEFAULT CHARSET=utf8 COMMENT='代码生成业务表';
/*!40101 SET character_set_client = @saved_cs_client */;

--
-- Dumping data for table `gen_table`
--

LOCK TABLES `gen_table` WRITE;
/*!40000 ALTER TABLE `gen_table` DISABLE KEYS */;
INSERT INTO `gen_table` VALUES (4,'equ_class','设备分类表','EquClass','tree','com.ruoyi.system','system','class','设备分类','ruoyi','{\"treeName\":\"class_name\",\"treeParentCode\":\"parent_id\",\"treeCode\":\"class_id\"}','admin','2020-02-12 14:21:40','','2020-02-12 14:22:18',''),(5,'equ_card','设备档案表','EquCard','crud','com.ruoyi.system','system','euqcard','设备档案','ruoyi','{\"treeName\":\"\",\"treeParentCode\":\"\",\"treeCode\":\"\"}','admin','2020-02-14 09:55:37','','2020-02-14 10:30:51',''),(6,'equ_supplier','设备供应商表','EquSupplier','crud','com.ruoyi.system','system','equsupplier','设备供应商','ruoyi','{\"treeName\":\"\",\"treeParentCode\":\"\",\"treeCode\":\"\"}','admin','2020-02-17 09:55:27','','2020-02-17 12:08:45',''),(7,'equ_contract','设备合同表','EquContract','crud','com.ruoyi.system','system','equcontract','设备合同','ruoyi','{\"treeName\":\"\",\"treeParentCode\":\"\",\"treeCode\":\"\"}','admin','2020-02-18 10:39:42','','2020-02-18 10:41:53',''),(8,'equ_scrap','设备报废报损表','EquScrap','crud','com.ruoyi.system','system','equscrap','设备报废报损','ruoyi','{\"treeName\":\"\",\"treeParentCode\":\"\",\"treeCode\":\"\"}','admin','2020-02-24 11:18:19','','2020-02-24 11:19:17',''),(10,'equ_area','设备所在区域表','EquArea','tree','com.sctech.equipment','equipment','equarea','设备所在区域','SCTech','{\"treeName\":\"area_name\",\"treeParentCode\":\"parent_id\",\"treeCode\":\"area_id\"}','admin','2020-03-05 13:51:18','','2020-03-05 13:53:03',''),(11,'equ_channel','设备位号表','EquChannel','crud','com.sctech.equipment','equipment','equchannel','设备位号','SCTech','{\"treeName\":\"\",\"treeParentCode\":\"\",\"treeCode\":\"\"}','admin','2020-03-06 14:25:05','','2020-03-06 14:33:32',''),(12,'ser_team','维修班组表','SerTeam','tree','com.sctech.equipment','equipment','serteam','维修班组','SCTech','{\"treeName\":\"team_name\",\"treeParentCode\":\"parent_id\",\"treeCode\":\"team_id\"}','admin','2020-03-10 16:56:00','','2020-03-10 16:57:55',''),(13,'ser_staff','维修人员表','SerStaff','crud','com.sctech.equipment','equipment','serstaff','维修人员','SCTech','{\"treeName\":\"\",\"treeParentCode\":\"\",\"treeCode\":\"\"}','admin','2020-03-11 11:18:54','','2020-03-11 11:19:44',''),(14,'ser_class','维修分类表','SerClass','tree','com.sctech.equipment','equipment','serclass','维修分类','SCTech','{\"treeName\":\"sclass_name\",\"treeParentCode\":\"parent_id\",\"treeCode\":\"sclass_id\"}','admin','2020-03-12 09:21:14','','2020-03-12 09:26:52','');
/*!40000 ALTER TABLE `gen_table` ENABLE KEYS */;
UNLOCK TABLES;

--
-- Table structure for table `gen_table_column`
--

DROP TABLE IF EXISTS `gen_table_column`;
/*!40101 SET @saved_cs_client     = @@character_set_client */;
/*!50503 SET character_set_client = utf8mb4 */;
CREATE TABLE `gen_table_column` (
  `column_id` bigint NOT NULL AUTO_INCREMENT COMMENT '编号',
  `table_id` varchar(64) DEFAULT NULL COMMENT '归属表编号',
  `column_name` varchar(200) DEFAULT NULL COMMENT '列名称',
  `column_comment` varchar(500) DEFAULT NULL COMMENT '列描述',
  `column_type` varchar(100) DEFAULT NULL COMMENT '列类型',
  `java_type` varchar(500) DEFAULT NULL COMMENT 'JAVA类型',
  `java_field` varchar(200) DEFAULT NULL COMMENT 'JAVA字段名',
  `is_pk` char(1) DEFAULT NULL COMMENT '是否主键（1是）',
  `is_increment` char(1) DEFAULT NULL COMMENT '是否自增（1是）',
  `is_required` char(1) DEFAULT NULL COMMENT '是否必填（1是）',
  `is_insert` char(1) DEFAULT NULL COMMENT '是否为插入字段（1是）',
  `is_edit` char(1) DEFAULT NULL COMMENT '是否编辑字段（1是）',
  `is_list` char(1) DEFAULT NULL COMMENT '是否列表字段（1是）',
  `is_query` char(1) DEFAULT NULL COMMENT '是否查询字段（1是）',
  `query_type` varchar(200) DEFAULT 'EQ' COMMENT '查询方式（等于、不等于、大于、小于、范围）',
  `html_type` varchar(200) DEFAULT NULL COMMENT '显示类型（文本框、文本域、下拉框、复选框、单选框、日期控件）',
  `dict_type` varchar(200) DEFAULT '' COMMENT '字典类型',
  `sort` int DEFAULT NULL COMMENT '排序',
  `create_by` varchar(64) DEFAULT '' COMMENT '创建者',
  `create_time` datetime DEFAULT NULL COMMENT '创建时间',
  `update_by` varchar(64) DEFAULT '' COMMENT '更新者',
  `update_time` datetime DEFAULT NULL COMMENT '更新时间',
  PRIMARY KEY (`column_id`)
) ENGINE=InnoDB AUTO_INCREMENT=193 DEFAULT CHARSET=utf8 COMMENT='代码生成业务表字段';
/*!40101 SET character_set_client = @saved_cs_client */;

--
-- Dumping data for table `gen_table_column`
--

LOCK TABLES `gen_table_column` WRITE;
/*!40000 ALTER TABLE `gen_table_column` DISABLE KEYS */;
INSERT INTO `gen_table_column` VALUES (39,'4','class_id','ID 主键','bigint','Long','classId','1','1',NULL,'1',NULL,NULL,NULL,'EQ','input','',1,'admin','2020-02-12 14:21:40',NULL,'2020-02-12 14:22:18'),(40,'4','class_guid','Guid','varchar(32)','String','classGuid','0','0',NULL,'1','1','1','1','EQ','input','',2,'admin','2020-02-12 14:21:40',NULL,'2020-02-12 14:22:18'),(41,'4','parent_id','父级ID','bigint','Long','parentId','0','0',NULL,'1','1','1','1','EQ','input','',3,'admin','2020-02-12 14:21:40',NULL,'2020-02-12 14:22:18'),(42,'4','ancestors','祖级列表','varchar(128)','String','ancestors','0','0',NULL,'1','1','1','1','EQ','input','',4,'admin','2020-02-12 14:21:40',NULL,'2020-02-12 14:22:18'),(43,'4','class_name','设备分类名称','varchar(128)','String','className','0','0',NULL,'1','1','1','1','LIKE','input','',5,'admin','2020-02-12 14:21:40',NULL,'2020-02-12 14:22:18'),(44,'4','order_num','显示顺序','int','Long','orderNum','0','0',NULL,'1','1','1','1','EQ','input','',6,'admin','2020-02-12 14:21:40',NULL,'2020-02-12 14:22:18'),(45,'4','status','状态 （0正常 1停用）','char(1)','String','status','0','0',NULL,'1','1','1','1','EQ','radio','',7,'admin','2020-02-12 14:21:40',NULL,'2020-02-12 14:22:18'),(46,'4','remark','备注','varchar(512)','String','remark','0','0',NULL,'1','1','1',NULL,'EQ','textarea','',8,'admin','2020-02-12 14:21:40',NULL,'2020-02-12 14:22:18'),(47,'4','del_flag','删除状态 （0代表存在 2代表删除）','char(1)','String','delFlag','0','0',NULL,'1',NULL,NULL,NULL,'EQ','input','',9,'admin','2020-02-12 14:21:40',NULL,'2020-02-12 14:22:18'),(48,'4','create_by','创建者','varchar(32)','String','createBy','0','0',NULL,'1',NULL,NULL,NULL,'EQ','input','',10,'admin','2020-02-12 14:21:40',NULL,'2020-02-12 14:22:18'),(49,'4','create_time','创建时间','datetime','Date','createTime','0','0',NULL,'1',NULL,NULL,NULL,'EQ','datetime','',11,'admin','2020-02-12 14:21:40',NULL,'2020-02-12 14:22:18'),(50,'4','update_by','更新者','varchar(32)','String','updateBy','0','0',NULL,'1','1',NULL,NULL,'EQ','input','',12,'admin','2020-02-12 14:21:40',NULL,'2020-02-12 14:22:18'),(51,'4','update_time','更新时间','datetime','Date','updateTime','0','0',NULL,'1','1',NULL,NULL,'EQ','datetime','',13,'admin','2020-02-12 14:21:40',NULL,'2020-02-12 14:22:18'),(52,'5','equ_id','ID 主键','bigint','Long','equId','1','1',NULL,'1',NULL,NULL,NULL,'EQ','input','',1,'admin','2020-02-14 09:55:37',NULL,'2020-02-14 10:30:51'),(53,'5','equ_guid','Guid','varchar(32)','String','equGuid','0','0',NULL,'1',NULL,NULL,NULL,'EQ','input','',2,'admin','2020-02-14 09:55:37',NULL,'2020-02-14 10:30:51'),(54,'5','equ_code','设备编号','varchar(32)','String','equCode','0','0',NULL,'1','1','1','1','EQ','input','',3,'admin','2020-02-14 09:55:37',NULL,'2020-02-14 10:30:51'),(55,'5','equ_name','设备名称','varchar(128)','String','equName','0','0',NULL,'1','1','1','1','LIKE','input','',4,'admin','2020-02-14 09:55:37',NULL,'2020-02-14 10:30:51'),(56,'5','class_id','设备类别 设备分类表主键','bigint','Long','classId','0','0',NULL,'1','1',NULL,NULL,'EQ','input','',5,'admin','2020-02-14 09:55:37',NULL,'2020-02-14 10:30:51'),(57,'5','equ_count','数量','int','Long','equCount','0','0',NULL,'1','1',NULL,NULL,'EQ','input','',6,'admin','2020-02-14 09:55:37',NULL,'2020-02-14 10:30:51'),(58,'5','equ_sprice','单价 元','decimal(32,2)','Double','equSprice','0','0',NULL,'1','1',NULL,NULL,'EQ','input','',7,'admin','2020-02-14 09:55:37',NULL,'2020-02-14 10:30:51'),(59,'5','equ_price','总价 元','decimal(32,2)','Double','equPrice','0','0',NULL,'1','1',NULL,NULL,'EQ','input','',8,'admin','2020-02-14 09:55:37',NULL,'2020-02-14 10:30:51'),(60,'5','supplier_id','供应商 设备供应商表主键','bigint','Long','supplierId','0','0',NULL,'1','1',NULL,NULL,'EQ','input','',9,'admin','2020-02-14 09:55:37',NULL,'2020-02-14 10:30:51'),(61,'5','equ_brand','品牌','varchar(128)','String','equBrand','0','0',NULL,'1','1',NULL,NULL,'EQ','input','',10,'admin','2020-02-14 09:55:37',NULL,'2020-02-14 10:30:51'),(62,'5','equ_param','规格型号','varchar(1024)','String','equParam','0','0',NULL,'1','1',NULL,NULL,'EQ','textarea','',11,'admin','2020-02-14 09:55:37',NULL,'2020-02-14 10:30:51'),(63,'5','dept_id','所属部门 部门表主键','bigint','Long','deptId','0','0',NULL,'1','1',NULL,NULL,'EQ','input','',12,'admin','2020-02-14 09:55:37',NULL,'2020-02-14 10:30:51'),(64,'5','equ_admin','设备管理员 用户表主键','varchar(32)','String','equAdmin','0','0',NULL,'1','1',NULL,NULL,'EQ','input','',13,'admin','2020-02-14 09:55:37',NULL,'2020-02-14 10:30:51'),(65,'5','equ_time','设备采购时间','date','Date','equTime','0','0',NULL,'1','1',NULL,NULL,'EQ','datetime','',14,'admin','2020-02-14 09:55:37',NULL,'2020-02-14 10:30:51'),(66,'5','equ_year','设备使用年限','int','Long','equYear','0','0',NULL,'1','1',NULL,NULL,'EQ','input','',15,'admin','2020-02-14 09:55:37',NULL,'2020-02-14 10:30:51'),(67,'5','equ_status','设备使用状态 （0-闲置 1-正常使用 2-故障 3-报废报损）','char(1)','String','equStatus','0','0',NULL,'1','1','1','1','EQ','radio','equ_status_type',16,'admin','2020-02-14 09:55:37',NULL,'2020-02-14 10:30:51'),(68,'5','equ_area','所在区域','varchar(1024)','String','equArea','0','0',NULL,'1','1',NULL,NULL,'EQ','textarea','',17,'admin','2020-02-14 09:55:37',NULL,'2020-02-14 10:30:51'),(69,'5','equ_attribute','特种属性 字典选取','varchar(32)','String','equAttribute','0','0',NULL,'1','1',NULL,NULL,'EQ','input','equ_attribute_type',18,'admin','2020-02-14 09:55:37',NULL,'2020-02-14 10:30:51'),(70,'5','remark','备注','varchar(512)','String','remark','0','0',NULL,'1','1',NULL,NULL,'EQ','textarea','',19,'admin','2020-02-14 09:55:37',NULL,'2020-02-14 10:30:51'),(71,'5','del_flag','删除状态 （0代表存在 2代表删除）','char(1)','String','delFlag','0','0',NULL,'1',NULL,NULL,NULL,'EQ','input','',20,'admin','2020-02-14 09:55:37',NULL,'2020-02-14 10:30:51'),(72,'5','create_by','创建人','varchar(32)','String','createBy','0','0',NULL,'1',NULL,NULL,NULL,'EQ','input','',21,'admin','2020-02-14 09:55:37',NULL,'2020-02-14 10:30:51'),(73,'5','create_time','创建时间','datetime','Date','createTime','0','0',NULL,'1',NULL,'1','1','EQ','datetime','',22,'admin','2020-02-14 09:55:37',NULL,'2020-02-14 10:30:51'),(74,'5','update_by','更新人','varchar(32)','String','updateBy','0','0',NULL,'1','1',NULL,NULL,'EQ','input','',23,'admin','2020-02-14 09:55:37',NULL,'2020-02-14 10:30:51'),(75,'5','update_time','更新时间','datetime','Date','updateTime','0','0',NULL,'1','1',NULL,NULL,'EQ','datetime','',24,'admin','2020-02-14 09:55:37',NULL,'2020-02-14 10:30:51'),(76,'6','sup_id','ID 主键','bigint','Long','supId','1','1',NULL,'1',NULL,NULL,NULL,'EQ','input','',1,'admin','2020-02-17 09:55:28',NULL,'2020-02-17 12:08:45'),(77,'6','sup_guid','Guid','varchar(32)','String','supGuid','0','0',NULL,'1',NULL,NULL,NULL,'EQ','input','',2,'admin','2020-02-17 09:55:28',NULL,'2020-02-17 12:08:45'),(78,'6','sup_code','统一社会信用代码','varchar(32)','String','supCode','0','0',NULL,'1','1','1','1','EQ','input','',3,'admin','2020-02-17 09:55:28',NULL,'2020-02-17 12:08:45'),(79,'6','sup_name','企业名称','varchar(64)','String','supName','0','0',NULL,'1','1','1','1','LIKE','input','',4,'admin','2020-02-17 09:55:28',NULL,'2020-02-17 12:08:45'),(80,'6','sup_leg','法定代表人','varchar(32)','String','supLeg','0','0',NULL,'1','1','1','1','EQ','input','',5,'admin','2020-02-17 09:55:28',NULL,'2020-02-17 12:08:45'),(81,'6','sup_adder','住所','varchar(128)','String','supAdder','0','0',NULL,'1','1',NULL,NULL,'EQ','input','',6,'admin','2020-02-17 09:55:28',NULL,'2020-02-17 12:08:45'),(82,'6','sup_contact','联系人','varchar(32)','String','supContact','0','0',NULL,'1','1','1','1','EQ','input','',7,'admin','2020-02-17 09:55:28',NULL,'2020-02-17 12:08:45'),(83,'6','sup_phone','联系方式','varchar(32)','String','supPhone','0','0',NULL,'1','1','1',NULL,'EQ','input','',8,'admin','2020-02-17 09:55:28',NULL,'2020-02-17 12:08:45'),(84,'6','remark','备注','varchar(512)','String','remark','0','0',NULL,'1','1',NULL,NULL,'EQ','textarea','',9,'admin','2020-02-17 09:55:28',NULL,'2020-02-17 12:08:45'),(85,'6','status','状态 （0代表正常 1代表拉黑）','char(1)','String','status','0','0',NULL,'1','1','1','1','EQ','radio','',10,'admin','2020-02-17 09:55:28',NULL,'2020-02-17 12:08:45'),(86,'6','del_flag','删除状态 （0代表存在 2代表删除）','char(1)','String','delFlag','0','0',NULL,'1',NULL,NULL,NULL,'EQ','input','',11,'admin','2020-02-17 09:55:28',NULL,'2020-02-17 12:08:45'),(87,'6','create_by','创建人','varchar(32)','String','createBy','0','0',NULL,'1',NULL,NULL,NULL,'EQ','input','',12,'admin','2020-02-17 09:55:28',NULL,'2020-02-17 12:08:45'),(88,'6','create_time','创建时间','datetime','Date','createTime','0','0',NULL,'1',NULL,NULL,NULL,'EQ','datetime','',13,'admin','2020-02-17 09:55:28',NULL,'2020-02-17 12:08:45'),(89,'6','update_by','更新人','varchar(32)','String','updateBy','0','0',NULL,'1','1',NULL,NULL,'EQ','input','',14,'admin','2020-02-17 09:55:28',NULL,'2020-02-17 12:08:45'),(90,'6','update_time','更新时间','datetime','Date','updateTime','0','0',NULL,'1','1',NULL,NULL,'EQ','datetime','',15,'admin','2020-02-17 09:55:28',NULL,'2020-02-17 12:08:45'),(91,'7','con_id','ID 主键','bigint','Long','conId','1','1',NULL,'1',NULL,NULL,NULL,'EQ','input','',1,'admin','2020-02-18 10:39:42',NULL,'2020-02-18 10:41:53'),(92,'7','con_guid','Guid','varchar(32)','String','conGuid','0','0',NULL,'1',NULL,NULL,NULL,'EQ','input','',2,'admin','2020-02-18 10:39:42',NULL,'2020-02-18 10:41:54'),(93,'7','con_code','合同编号','varchar(32)','String','conCode','0','0',NULL,'1','1','1','1','EQ','input','',3,'admin','2020-02-18 10:39:42',NULL,'2020-02-18 10:41:54'),(94,'7','con_name','合同名称','varchar(128)','String','conName','0','0',NULL,'1','1','1','1','LIKE','input','',4,'admin','2020-02-18 10:39:42',NULL,'2020-02-18 10:41:54'),(95,'7','con_amount','合同金额','decimal(32,8)','Double','conAmount','0','0',NULL,'1','1','1',NULL,'EQ','input','',5,'admin','2020-02-18 10:39:42',NULL,'2020-02-18 10:41:54'),(96,'7','con_time','签订日期','date','Date','conTime','0','0',NULL,'1','1','1','1','EQ','datetime','',6,'admin','2020-02-18 10:39:42',NULL,'2020-02-18 10:41:54'),(97,'7','con_first','合同甲方','varchar(128)','String','conFirst','0','0',NULL,'1','1',NULL,NULL,'EQ','input','',7,'admin','2020-02-18 10:39:42',NULL,'2020-02-18 10:41:54'),(98,'7','first_contacts','甲方联系人','varchar(32)','String','firstContacts','0','0',NULL,'1','1',NULL,NULL,'EQ','input','',8,'admin','2020-02-18 10:39:42',NULL,'2020-02-18 10:41:54'),(99,'7','first_phone','甲方联系方式','varchar(32)','String','firstPhone','0','0',NULL,'1','1',NULL,NULL,'EQ','input','',9,'admin','2020-02-18 10:39:42',NULL,'2020-02-18 10:41:54'),(100,'7','con_second','合同乙方','varchar(128)','String','conSecond','0','0',NULL,'1','1',NULL,NULL,'EQ','input','',10,'admin','2020-02-18 10:39:42',NULL,'2020-02-18 10:41:54'),(101,'7','second_contacts','乙方联系人','varchar(32)','String','secondContacts','0','0',NULL,'1','1',NULL,NULL,'EQ','input','',11,'admin','2020-02-18 10:39:42',NULL,'2020-02-18 10:41:54'),(102,'7','second_phone','乙方联系方式','varchar(32)','String','secondPhone','0','0',NULL,'1','1',NULL,NULL,'EQ','input','',12,'admin','2020-02-18 10:39:42',NULL,'2020-02-18 10:41:54'),(103,'7','remark','备注','varchar(512)','String','remark','0','0',NULL,'1','1',NULL,NULL,'EQ','textarea','',13,'admin','2020-02-18 10:39:42',NULL,'2020-02-18 10:41:54'),(104,'7','del_flag','删除状态 （0代表存在 2代表删除）','char(1)','String','delFlag','0','0',NULL,'1',NULL,NULL,NULL,'EQ','input','',14,'admin','2020-02-18 10:39:42',NULL,'2020-02-18 10:41:54'),(105,'7','create_by','创建人','varchar(32)','String','createBy','0','0',NULL,'1',NULL,NULL,NULL,'EQ','input','',15,'admin','2020-02-18 10:39:42',NULL,'2020-02-18 10:41:54'),(106,'7','create_time','创建时间','datetime','Date','createTime','0','0',NULL,'1',NULL,'1','1','EQ','datetime','',16,'admin','2020-02-18 10:39:42',NULL,'2020-02-18 10:41:54'),(107,'7','update_by','更新人','varchar(32)','String','updateBy','0','0',NULL,'1','1',NULL,NULL,'EQ','input','',17,'admin','2020-02-18 10:39:42',NULL,'2020-02-18 10:41:54'),(108,'7','update_time','更新时间','datetime','Date','updateTime','0','0',NULL,'1','1',NULL,NULL,'EQ','datetime','',18,'admin','2020-02-18 10:39:42',NULL,'2020-02-18 10:41:54'),(109,'8','scr_id','ID 主键','bigint','Long','scrId','1','1',NULL,'1',NULL,NULL,NULL,'EQ','input','',1,'admin','2020-02-24 11:18:19',NULL,'2020-02-24 11:19:17'),(110,'8','scr_guid','Guid','varchar(32)','String','scrGuid','0','0',NULL,'1',NULL,NULL,NULL,'EQ','input','',2,'admin','2020-02-24 11:18:19',NULL,'2020-02-24 11:19:17'),(111,'8','scr_code','报废报损单编号','varchar(32)','String','scrCode','0','0',NULL,'1','1',NULL,NULL,'EQ','input','',3,'admin','2020-02-24 11:18:19',NULL,'2020-02-24 11:19:17'),(112,'8','equ_id','设备id 设备档案表主键','varchar(32)','String','equId','0','0',NULL,'1','1',NULL,NULL,'EQ','input','',4,'admin','2020-02-24 11:18:19',NULL,'2020-02-24 11:19:17'),(113,'8','scr_reason','报废理由','varchar(32)','String','scrReason','0','0',NULL,'1','1',NULL,NULL,'EQ','input','',5,'admin','2020-02-24 11:18:19',NULL,'2020-02-24 11:19:17'),(114,'8','remark','备注','varchar(512)','String','remark','0','0',NULL,'1','1',NULL,NULL,'EQ','textarea','',6,'admin','2020-02-24 11:18:19',NULL,'2020-02-24 11:19:17'),(115,'8','del_flag','删除状态 （0代表存在 2代表删除）','char(1)','String','delFlag','0','0',NULL,'1',NULL,NULL,NULL,'EQ','input','',7,'admin','2020-02-24 11:18:19',NULL,'2020-02-24 11:19:17'),(116,'8','create_by','创建人','varchar(32)','String','createBy','0','0',NULL,'1',NULL,NULL,NULL,'EQ','input','',8,'admin','2020-02-24 11:18:19',NULL,'2020-02-24 11:19:17'),(117,'8','create_time','创建时间','datetime','Date','createTime','0','0',NULL,'1',NULL,NULL,NULL,'EQ','datetime','',9,'admin','2020-02-24 11:18:19',NULL,'2020-02-24 11:19:17'),(118,'8','update_by','更新人','varchar(32)','String','updateBy','0','0',NULL,'1','1',NULL,NULL,'EQ','input','',10,'admin','2020-02-24 11:18:19',NULL,'2020-02-24 11:19:17'),(119,'8','update_time','更新时间','datetime','Date','updateTime','0','0',NULL,'1','1',NULL,NULL,'EQ','datetime','',11,'admin','2020-02-24 11:18:19',NULL,'2020-02-24 11:19:17'),(121,'10','area_id','ID 主键','bigint','Long','areaId','1','1',NULL,'1',NULL,NULL,NULL,'EQ','input','',1,'admin','2020-03-05 13:51:18',NULL,'2020-03-05 13:53:03'),(122,'10','area_guid','Guid','varchar(32)','String','areaGuid','0','0',NULL,'1',NULL,NULL,NULL,'EQ','input','',2,'admin','2020-03-05 13:51:18',NULL,'2020-03-05 13:53:03'),(123,'10','area_code','区域编码','varchar(128)','String','areaCode','0','0',NULL,'1','1','1','1','LIKE','input','',3,'admin','2020-03-05 13:51:18',NULL,'2020-03-05 13:53:03'),(124,'10','area_name','区域名称','varchar(128)','String','areaName','0','0',NULL,'1','1','1','1','LIKE','input','',4,'admin','2020-03-05 13:51:18',NULL,'2020-03-05 13:53:03'),(125,'10','area_type','区域类别','varchar(32)','String','areaType','0','0',NULL,'1','1','1','1','EQ','select','',5,'admin','2020-03-05 13:51:18',NULL,'2020-03-05 13:53:03'),(126,'10','parent_id','父级ID','bigint','Long','parentId','0','0',NULL,'1','1',NULL,NULL,'EQ','input','',6,'admin','2020-03-05 13:51:18',NULL,'2020-03-05 13:53:03'),(127,'10','ancestors','祖级列表','varchar(128)','String','ancestors','0','0',NULL,'1','1',NULL,NULL,'EQ','input','',7,'admin','2020-03-05 13:51:18',NULL,'2020-03-05 13:53:03'),(128,'10','order_num','显示顺序','int','Long','orderNum','0','0',NULL,'1','1','1',NULL,'EQ','input','',8,'admin','2020-03-05 13:51:18',NULL,'2020-03-05 13:53:03'),(129,'10','status','状态 （0正常 1停用）','char(1)','String','status','0','0',NULL,'1','1','1','1','EQ','radio','',9,'admin','2020-03-05 13:51:18',NULL,'2020-03-05 13:53:03'),(130,'10','remark','备注','varchar(512)','String','remark','0','0',NULL,'1','1','1',NULL,'EQ','textarea','',10,'admin','2020-03-05 13:51:18',NULL,'2020-03-05 13:53:03'),(131,'10','del_flag','删除状态 （0代表存在 2代表删除）','char(1)','String','delFlag','0','0',NULL,'1',NULL,NULL,NULL,'EQ','input','',11,'admin','2020-03-05 13:51:18',NULL,'2020-03-05 13:53:03'),(132,'10','create_by','创建人','varchar(32)','String','createBy','0','0',NULL,'1',NULL,NULL,NULL,'EQ','input','',12,'admin','2020-03-05 13:51:18',NULL,'2020-03-05 13:53:03'),(133,'10','create_time','创建时间','datetime','Date','createTime','0','0',NULL,'1',NULL,NULL,NULL,'EQ','datetime','',13,'admin','2020-03-05 13:51:18',NULL,'2020-03-05 13:53:03'),(134,'10','update_by','更新人','varchar(32)','String','updateBy','0','0',NULL,'1','1',NULL,NULL,'EQ','input','',14,'admin','2020-03-05 13:51:18',NULL,'2020-03-05 13:53:03'),(135,'10','update_time','更新时间','datetime','Date','updateTime','0','0',NULL,'1','1',NULL,NULL,'EQ','datetime','',15,'admin','2020-03-05 13:51:18',NULL,'2020-03-05 13:53:03'),(136,'11','channel_id','ID 主键','bigint','Long','channelId','1','1',NULL,'1',NULL,NULL,NULL,'EQ','input','',1,'admin','2020-03-06 14:25:05',NULL,'2020-03-06 14:33:32'),(137,'11','channel_guid','Guid','varchar(32)','String','channelGuid','0','0',NULL,'1',NULL,NULL,NULL,'EQ','input','',2,'admin','2020-03-06 14:25:05',NULL,'2020-03-06 14:33:32'),(138,'11','equ_id','设备ID','bigint','Long','equId','0','0',NULL,'1','1',NULL,NULL,'EQ','input','',3,'admin','2020-03-06 14:25:05',NULL,'2020-03-06 14:33:32'),(139,'11','channel_name','位号名称','varchar(128)','String','channelName','0','0',NULL,'1','1','1','1','LIKE','input','',4,'admin','2020-03-06 14:25:05',NULL,'2020-03-06 14:33:32'),(140,'11','channel_code','位号编号','varchar(128)','String','channelCode','0','0',NULL,'1','1','1','1','LIKE','input','',5,'admin','2020-03-06 14:25:05',NULL,'2020-03-06 14:33:32'),(141,'11','channel_decs','位号描述','varchar(1024)','String','channelDecs','0','0',NULL,'1','1','1','1','LIKE','textarea','',6,'admin','2020-03-06 14:25:05',NULL,'2020-03-06 14:33:32'),(142,'11','channel_type','位号类型','varchar(32)','String','channelType','0','0',NULL,'1','1','1','1','EQ','select','equ_channel_type',7,'admin','2020-03-06 14:25:05',NULL,'2020-03-06 14:33:32'),(143,'11','channel_class','位号性质','varchar(32)','String','channelClass','0','0',NULL,'1','1','1','1','EQ','select','equ_channel_class',8,'admin','2020-03-06 14:25:05',NULL,'2020-03-06 14:33:32'),(144,'11','remark','备注','varchar(512)','String','remark','0','0',NULL,'1','1',NULL,NULL,'EQ','textarea','',9,'admin','2020-03-06 14:25:05',NULL,'2020-03-06 14:33:32'),(145,'11','del_flag','删除状态 （0代表存在 2代表删除）','char(1)','String','delFlag','0','0',NULL,'1',NULL,NULL,NULL,'EQ','input','',10,'admin','2020-03-06 14:25:05',NULL,'2020-03-06 14:33:32'),(146,'11','create_by','创建人','varchar(32)','String','createBy','0','0',NULL,'1',NULL,NULL,NULL,'EQ','input','',11,'admin','2020-03-06 14:25:05',NULL,'2020-03-06 14:33:32'),(147,'11','create_time','创建时间','datetime','Date','createTime','0','0',NULL,'1',NULL,NULL,NULL,'EQ','datetime','',12,'admin','2020-03-06 14:25:05',NULL,'2020-03-06 14:33:32'),(148,'11','update_by','更新人','varchar(32)','String','updateBy','0','0',NULL,'1','1',NULL,NULL,'EQ','input','',13,'admin','2020-03-06 14:25:06',NULL,'2020-03-06 14:33:32'),(149,'11','update_time','更新时间','datetime','Date','updateTime','0','0',NULL,'1','1',NULL,NULL,'EQ','datetime','',14,'admin','2020-03-06 14:25:06',NULL,'2020-03-06 14:33:32'),(150,'12','team_id','ID 主键','bigint','Long','teamId','1','1',NULL,'1',NULL,NULL,NULL,'EQ','input','',1,'admin','2020-03-10 16:56:00',NULL,'2020-03-10 16:57:55'),(151,'12','team_guid','Guid','varchar(32)','String','teamGuid','0','0','1','1',NULL,NULL,NULL,'EQ','input','',2,'admin','2020-03-10 16:56:00',NULL,'2020-03-10 16:57:55'),(152,'12','team_code','班组编码','varchar(128)','String','teamCode','0','0',NULL,'1','1','1','1','EQ','input','',3,'admin','2020-03-10 16:56:00',NULL,'2020-03-10 16:57:55'),(153,'12','team_name','班组名称','varchar(128)','String','teamName','0','0',NULL,'1','1','1','1','LIKE','input','',4,'admin','2020-03-10 16:56:00',NULL,'2020-03-10 16:57:55'),(154,'12','dept_id','所属部门 部门表主键','bigint','Long','deptId','0','0',NULL,'1','1','1',NULL,'EQ','input','',5,'admin','2020-03-10 16:56:00',NULL,'2020-03-10 16:57:55'),(155,'12','parent_id','父级ID','bigint','Long','parentId','0','0',NULL,'1','1',NULL,NULL,'EQ','input','',6,'admin','2020-03-10 16:56:00',NULL,'2020-03-10 16:57:55'),(156,'12','ancestors','祖级列表','varchar(128)','String','ancestors','0','0',NULL,'1','1',NULL,NULL,'EQ','input','',7,'admin','2020-03-10 16:56:00',NULL,'2020-03-10 16:57:55'),(157,'12','order_num','显示顺序','int','Long','orderNum','0','0',NULL,'1','1','1','1','EQ','input','',8,'admin','2020-03-10 16:56:00',NULL,'2020-03-10 16:57:55'),(158,'12','status','状态 （0正常 1停用）','char(1)','String','status','0','0',NULL,'1','1','1','1','EQ','radio','',9,'admin','2020-03-10 16:56:00',NULL,'2020-03-10 16:57:55'),(159,'12','remark','备注','varchar(512)','String','remark','0','0',NULL,'1','1',NULL,NULL,'EQ','textarea','',10,'admin','2020-03-10 16:56:00',NULL,'2020-03-10 16:57:55'),(160,'12','del_flag','删除状态 （0代表存在 2代表删除）','char(1)','String','delFlag','0','0',NULL,'1',NULL,NULL,NULL,'EQ','input','',11,'admin','2020-03-10 16:56:00',NULL,'2020-03-10 16:57:55'),(161,'12','create_by','创建人','varchar(32)','String','createBy','0','0',NULL,'1',NULL,NULL,NULL,'EQ','input','',12,'admin','2020-03-10 16:56:00',NULL,'2020-03-10 16:57:55'),(162,'12','create_time','创建时间','datetime','Date','createTime','0','0',NULL,'1',NULL,NULL,NULL,'EQ','datetime','',13,'admin','2020-03-10 16:56:00',NULL,'2020-03-10 16:57:55'),(163,'12','update_by','更新人','varchar(32)','String','updateBy','0','0',NULL,'1','1',NULL,NULL,'EQ','input','',14,'admin','2020-03-10 16:56:00',NULL,'2020-03-10 16:57:55'),(164,'12','update_time','更新时间','datetime','Date','updateTime','0','0',NULL,'1','1',NULL,NULL,'EQ','datetime','',15,'admin','2020-03-10 16:56:00',NULL,'2020-03-10 16:57:55'),(165,'13','staff_id','ID 主键','bigint','Long','staffId','1','1',NULL,'1',NULL,NULL,NULL,'EQ','input','',1,'admin','2020-03-11 11:18:54',NULL,'2020-03-11 11:19:44'),(166,'13','staff_guid','Guid','varchar(32)','String','staffGuid','0','0',NULL,'1','1',NULL,NULL,'EQ','input','',2,'admin','2020-03-11 11:18:54',NULL,'2020-03-11 11:19:45'),(167,'13','user_id','维修人员 用户表主键','bigint','Long','userId','0','0',NULL,'1','1','1','1','EQ','input','',3,'admin','2020-03-11 11:18:54',NULL,'2020-03-11 11:19:45'),(168,'13','team_id','维修班组 维修班组表主键','bigint','Long','teamId','0','0',NULL,'1','1','1',NULL,'EQ','input','',4,'admin','2020-03-11 11:18:54',NULL,'2020-03-11 11:19:45'),(169,'13','post_id','岗位','varchar(32)','String','postId','0','0',NULL,'1','1','1',NULL,'EQ','input','',5,'admin','2020-03-11 11:18:54',NULL,'2020-03-11 11:19:45'),(170,'13','remark','备注','varchar(512)','String','remark','0','0',NULL,'1','1',NULL,NULL,'EQ','textarea','',6,'admin','2020-03-11 11:18:54',NULL,'2020-03-11 11:19:45'),(171,'13','del_flag','删除状态 （0代表存在 2代表删除）','char(1)','String','delFlag','0','0',NULL,'1',NULL,NULL,NULL,'EQ','input','',7,'admin','2020-03-11 11:18:54',NULL,'2020-03-11 11:19:45'),(172,'13','create_by','创建人','varchar(32)','String','createBy','0','0',NULL,'1',NULL,NULL,NULL,'EQ','input','',8,'admin','2020-03-11 11:18:54',NULL,'2020-03-11 11:19:45'),(173,'13','create_time','创建时间','datetime','Date','createTime','0','0',NULL,'1',NULL,NULL,NULL,'EQ','datetime','',9,'admin','2020-03-11 11:18:54',NULL,'2020-03-11 11:19:45'),(174,'13','update_by','更新人','varchar(32)','String','updateBy','0','0',NULL,'1','1',NULL,NULL,'EQ','input','',10,'admin','2020-03-11 11:18:54',NULL,'2020-03-11 11:19:45'),(175,'13','update_time','更新时间','datetime','Date','updateTime','0','0',NULL,'1','1',NULL,NULL,'EQ','datetime','',11,'admin','2020-03-11 11:18:54',NULL,'2020-03-11 11:19:45'),(176,'14','sclass_id','ID 主键','bigint','Long','sclassId','1','1',NULL,'1',NULL,NULL,NULL,'EQ','input','',1,'admin','2020-03-12 09:21:14',NULL,'2020-03-12 09:26:52'),(177,'14','sclass_guid','Guid','varchar(32)','String','sclassGuid','0','0','1','1',NULL,NULL,NULL,'EQ','input','',2,'admin','2020-03-12 09:21:14',NULL,'2020-03-12 09:26:52'),(178,'14','sclass_code','分类编码','varchar(128)','String','sclassCode','0','0',NULL,'1','1','1','1','LIKE','input','',3,'admin','2020-03-12 09:21:14',NULL,'2020-03-12 09:26:52'),(179,'14','sclass_name','分类名称','varchar(128)','String','sclassName','0','0',NULL,'1','1','1','1','LIKE','input','',4,'admin','2020-03-12 09:21:14',NULL,'2020-03-12 09:26:52'),(180,'14','sclass_time','完成时间','int','Long','sclassTime','0','0',NULL,'1','1','1',NULL,'EQ','input','',5,'admin','2020-03-12 09:21:14',NULL,'2020-03-12 09:26:52'),(181,'14','sclass_emergency','紧急程度','varchar(32)','String','sclassEmergency','0','0',NULL,'1','1','1',NULL,'EQ','select','ser_emergency_type',6,'admin','2020-03-12 09:21:14',NULL,'2020-03-12 09:26:52'),(182,'14','team_id','负责班组 维修班组主键','bigint','Long','teamId','0','0',NULL,'1','1','1',NULL,'EQ','input','',7,'admin','2020-03-12 09:21:14',NULL,'2020-03-12 09:26:52'),(183,'14','parent_id','父级ID','bigint','Long','parentId','0','0',NULL,'1','1',NULL,NULL,'EQ','input','',8,'admin','2020-03-12 09:21:14',NULL,'2020-03-12 09:26:52'),(184,'14','ancestors','祖级列表','varchar(128)','String','ancestors','0','0',NULL,'1','1',NULL,NULL,'EQ','input','',9,'admin','2020-03-12 09:21:14',NULL,'2020-03-12 09:26:52'),(185,'14','order_num','显示顺序','int','Long','orderNum','0','0',NULL,'1','1','1',NULL,'EQ','input','',10,'admin','2020-03-12 09:21:14',NULL,'2020-03-12 09:26:52'),(186,'14','status','状态 （0正常 1停用）','char(1)','String','status','0','0',NULL,'1','1','1','1','EQ','select','sys_normal_disable',11,'admin','2020-03-12 09:21:14',NULL,'2020-03-12 09:26:52'),(187,'14','remark','备注','varchar(512)','String','remark','0','0',NULL,'1','1',NULL,NULL,'EQ','textarea','',12,'admin','2020-03-12 09:21:14',NULL,'2020-03-12 09:26:52'),(188,'14','del_flag','删除状态 （0代表存在 2代表删除）','char(1)','String','delFlag','0','0',NULL,'1',NULL,NULL,NULL,'EQ','input','',13,'admin','2020-03-12 09:21:14',NULL,'2020-03-12 09:26:52'),(189,'14','create_by','创建人','varchar(32)','String','createBy','0','0',NULL,'1',NULL,NULL,NULL,'EQ','input','',14,'admin','2020-03-12 09:21:14',NULL,'2020-03-12 09:26:52'),(190,'14','create_time','创建时间','datetime','Date','createTime','0','0',NULL,'1',NULL,NULL,NULL,'EQ','datetime','',15,'admin','2020-03-12 09:21:14',NULL,'2020-03-12 09:26:52'),(191,'14','update_by','更新人','varchar(32)','String','updateBy','0','0',NULL,'1','1',NULL,NULL,'EQ','input','',16,'admin','2020-03-12 09:21:14',NULL,'2020-03-12 09:26:52'),(192,'14','update_time','更新时间','datetime','Date','updateTime','0','0',NULL,'1','1',NULL,NULL,'EQ','datetime','',17,'admin','2020-03-12 09:21:14',NULL,'2020-03-12 09:26:52');
/*!40000 ALTER TABLE `gen_table_column` ENABLE KEYS */;
UNLOCK TABLES;

--
-- Table structure for table `qrtz_blob_triggers`
--

DROP TABLE IF EXISTS `qrtz_blob_triggers`;
/*!40101 SET @saved_cs_client     = @@character_set_client */;
/*!50503 SET character_set_client = utf8mb4 */;
CREATE TABLE `qrtz_blob_triggers` (
  `sched_name` varchar(120) NOT NULL,
  `trigger_name` varchar(200) NOT NULL,
  `trigger_group` varchar(200) NOT NULL,
  `blob_data` blob,
  PRIMARY KEY (`sched_name`,`trigger_name`,`trigger_group`),
  CONSTRAINT `qrtz_blob_triggers_ibfk_1` FOREIGN KEY (`sched_name`, `trigger_name`, `trigger_group`) REFERENCES `qrtz_triggers` (`sched_name`, `trigger_name`, `trigger_group`)
) ENGINE=InnoDB DEFAULT CHARSET=utf8;
/*!40101 SET character_set_client = @saved_cs_client */;

--
-- Dumping data for table `qrtz_blob_triggers`
--

LOCK TABLES `qrtz_blob_triggers` WRITE;
/*!40000 ALTER TABLE `qrtz_blob_triggers` DISABLE KEYS */;
/*!40000 ALTER TABLE `qrtz_blob_triggers` ENABLE KEYS */;
UNLOCK TABLES;

--
-- Table structure for table `qrtz_calendars`
--

DROP TABLE IF EXISTS `qrtz_calendars`;
/*!40101 SET @saved_cs_client     = @@character_set_client */;
/*!50503 SET character_set_client = utf8mb4 */;
CREATE TABLE `qrtz_calendars` (
  `sched_name` varchar(120) NOT NULL,
  `calendar_name` varchar(200) NOT NULL,
  `calendar` blob NOT NULL,
  PRIMARY KEY (`sched_name`,`calendar_name`)
) ENGINE=InnoDB DEFAULT CHARSET=utf8;
/*!40101 SET character_set_client = @saved_cs_client */;

--
-- Dumping data for table `qrtz_calendars`
--

LOCK TABLES `qrtz_calendars` WRITE;
/*!40000 ALTER TABLE `qrtz_calendars` DISABLE KEYS */;
/*!40000 ALTER TABLE `qrtz_calendars` ENABLE KEYS */;
UNLOCK TABLES;

--
-- Table structure for table `qrtz_cron_triggers`
--

DROP TABLE IF EXISTS `qrtz_cron_triggers`;
/*!40101 SET @saved_cs_client     = @@character_set_client */;
/*!50503 SET character_set_client = utf8mb4 */;
CREATE TABLE `qrtz_cron_triggers` (
  `sched_name` varchar(120) NOT NULL,
  `trigger_name` varchar(200) NOT NULL,
  `trigger_group` varchar(200) NOT NULL,
  `cron_expression` varchar(200) NOT NULL,
  `time_zone_id` varchar(80) DEFAULT NULL,
  PRIMARY KEY (`sched_name`,`trigger_name`,`trigger_group`),
  CONSTRAINT `qrtz_cron_triggers_ibfk_1` FOREIGN KEY (`sched_name`, `trigger_name`, `trigger_group`) REFERENCES `qrtz_triggers` (`sched_name`, `trigger_name`, `trigger_group`)
) ENGINE=InnoDB DEFAULT CHARSET=utf8;
/*!40101 SET character_set_client = @saved_cs_client */;

--
-- Dumping data for table `qrtz_cron_triggers`
--

LOCK TABLES `qrtz_cron_triggers` WRITE;
/*!40000 ALTER TABLE `qrtz_cron_triggers` DISABLE KEYS */;
INSERT INTO `qrtz_cron_triggers` VALUES ('RuoyiScheduler','TASK_CLASS_NAME1','DEFAULT','0/10 * * * * ?','Asia/Shanghai'),('RuoyiScheduler','TASK_CLASS_NAME2','DEFAULT','0/15 * * * * ?','Asia/Shanghai'),('RuoyiScheduler','TASK_CLASS_NAME3','DEFAULT','0/20 * * * * ?','Asia/Shanghai');
/*!40000 ALTER TABLE `qrtz_cron_triggers` ENABLE KEYS */;
UNLOCK TABLES;

--
-- Table structure for table `qrtz_fired_triggers`
--

DROP TABLE IF EXISTS `qrtz_fired_triggers`;
/*!40101 SET @saved_cs_client     = @@character_set_client */;
/*!50503 SET character_set_client = utf8mb4 */;
CREATE TABLE `qrtz_fired_triggers` (
  `sched_name` varchar(120) NOT NULL,
  `entry_id` varchar(95) NOT NULL,
  `trigger_name` varchar(200) NOT NULL,
  `trigger_group` varchar(200) NOT NULL,
  `instance_name` varchar(200) NOT NULL,
  `fired_time` bigint NOT NULL,
  `sched_time` bigint NOT NULL,
  `priority` int NOT NULL,
  `state` varchar(16) NOT NULL,
  `job_name` varchar(200) DEFAULT NULL,
  `job_group` varchar(200) DEFAULT NULL,
  `is_nonconcurrent` varchar(1) DEFAULT NULL,
  `requests_recovery` varchar(1) DEFAULT NULL,
  PRIMARY KEY (`sched_name`,`entry_id`)
) ENGINE=InnoDB DEFAULT CHARSET=utf8;
/*!40101 SET character_set_client = @saved_cs_client */;

--
-- Dumping data for table `qrtz_fired_triggers`
--

LOCK TABLES `qrtz_fired_triggers` WRITE;
/*!40000 ALTER TABLE `qrtz_fired_triggers` DISABLE KEYS */;
/*!40000 ALTER TABLE `qrtz_fired_triggers` ENABLE KEYS */;
UNLOCK TABLES;

--
-- Table structure for table `qrtz_job_details`
--

DROP TABLE IF EXISTS `qrtz_job_details`;
/*!40101 SET @saved_cs_client     = @@character_set_client */;
/*!50503 SET character_set_client = utf8mb4 */;
CREATE TABLE `qrtz_job_details` (
  `sched_name` varchar(120) NOT NULL,
  `job_name` varchar(200) NOT NULL,
  `job_group` varchar(200) NOT NULL,
  `description` varchar(250) DEFAULT NULL,
  `job_class_name` varchar(250) NOT NULL,
  `is_durable` varchar(1) NOT NULL,
  `is_nonconcurrent` varchar(1) NOT NULL,
  `is_update_data` varchar(1) NOT NULL,
  `requests_recovery` varchar(1) NOT NULL,
  `job_data` blob,
  PRIMARY KEY (`sched_name`,`job_name`,`job_group`)
) ENGINE=InnoDB DEFAULT CHARSET=utf8;
/*!40101 SET character_set_client = @saved_cs_client */;

--
-- Dumping data for table `qrtz_job_details`
--

LOCK TABLES `qrtz_job_details` WRITE;
/*!40000 ALTER TABLE `qrtz_job_details` DISABLE KEYS */;
INSERT INTO `qrtz_job_details` VALUES ('RuoyiScheduler','TASK_CLASS_NAME1','DEFAULT',NULL,'com.sctech.quartz.util.QuartzDisallowConcurrentExecution','0','1','0','0',_binary '\\0sr\0org.quartz.JobDataMap迩\\0\0xr\0&org.quartz.utils.StringKeyDirtyFlagMap\\\](\0Z\0allowsTransientDataxr\0org.quartz.utils.DirtyFlagMap\.(v\n\\0Z\0dirtyL\0mapt\0Ljava/util/Map;xpsr\0java.util.HashMap\\`\\0F\0\nloadFactorI\0	thresholdxp?@\0\0\0\0\0w\0\0\0\0\0\0t\0TASK_PROPERTIESsr\0com.sctech.quartz.domain.SysJob\0\0\0\0\0\0\0\0L\0\nconcurrentt\0Ljava/lang/String;L\0cronExpressionq\0~\0	L\0invokeTargetq\0~\0	L\0jobGroupq\0~\0	L\0jobIdt\0Ljava/lang/Long;L\0jobNameq\0~\0	L\0\rmisfirePolicyq\0~\0	L\0statusq\0~\0	xr\0(com.sctech.common.core.domain.BaseEntity\0\0\0\0\0\0\0\0L\0createByq\0~\0	L\0\ncreateTimet\0Ljava/util/Date;L\0paramsq\0~\0L\0remarkq\0~\0	L\0searchValueq\0~\0	L\0updateByq\0~\0	L\0\nupdateTimeq\0~\0xpt\0adminsr\0java.util.DatehjKYt\0\0xpw\0\0b,\)\xpt\0\0pppt\01t\00/10 * * * * ?t\0ryTask.ryNoParamst\0DEFAULTsr\0java.lang.Long;\̏#\\0J\0valuexr\0java.lang.Number\\0\0xp\0\0\0\0\0\0\0t\0系统默认（无参）t\03t\01x\0'),('RuoyiScheduler','TASK_CLASS_NAME2','DEFAULT',NULL,'com.sctech.quartz.util.QuartzDisallowConcurrentExecution','0','1','0','0',_binary '\\0sr\0org.quartz.JobDataMap迩\\0\0xr\0&org.quartz.utils.StringKeyDirtyFlagMap\\\](\0Z\0allowsTransientDataxr\0org.quartz.utils.DirtyFlagMap\.(v\n\\0Z\0dirtyL\0mapt\0Ljava/util/Map;xpsr\0java.util.HashMap\\`\\0F\0\nloadFactorI\0	thresholdxp?@\0\0\0\0\0w\0\0\0\0\0\0t\0TASK_PROPERTIESsr\0com.sctech.quartz.domain.SysJob\0\0\0\0\0\0\0\0L\0\nconcurrentt\0Ljava/lang/String;L\0cronExpressionq\0~\0	L\0invokeTargetq\0~\0	L\0jobGroupq\0~\0	L\0jobIdt\0Ljava/lang/Long;L\0jobNameq\0~\0	L\0\rmisfirePolicyq\0~\0	L\0statusq\0~\0	xr\0(com.sctech.common.core.domain.BaseEntity\0\0\0\0\0\0\0\0L\0createByq\0~\0	L\0\ncreateTimet\0Ljava/util/Date;L\0paramsq\0~\0L\0remarkq\0~\0	L\0searchValueq\0~\0	L\0updateByq\0~\0	L\0\nupdateTimeq\0~\0xpt\0adminsr\0java.util.DatehjKYt\0\0xpw\0\0b,\)\xpt\0\0pppt\01t\00/15 * * * * ?t\0ryTask.ryParams(\'ry\')t\0DEFAULTsr\0java.lang.Long;\̏#\\0J\0valuexr\0java.lang.Number\\0\0xp\0\0\0\0\0\0\0t\0系统默认（有参）t\03t\01x\0'),('RuoyiScheduler','TASK_CLASS_NAME3','DEFAULT',NULL,'com.sctech.quartz.util.QuartzDisallowConcurrentExecution','0','1','0','0',_binary '\\0sr\0org.quartz.JobDataMap迩\\0\0xr\0&org.quartz.utils.StringKeyDirtyFlagMap\\\](\0Z\0allowsTransientDataxr\0org.quartz.utils.DirtyFlagMap\.(v\n\\0Z\0dirtyL\0mapt\0Ljava/util/Map;xpsr\0java.util.HashMap\\`\\0F\0\nloadFactorI\0	thresholdxp?@\0\0\0\0\0w\0\0\0\0\0\0t\0TASK_PROPERTIESsr\0com.sctech.quartz.domain.SysJob\0\0\0\0\0\0\0\0L\0\nconcurrentt\0Ljava/lang/String;L\0cronExpressionq\0~\0	L\0invokeTargetq\0~\0	L\0jobGroupq\0~\0	L\0jobIdt\0Ljava/lang/Long;L\0jobNameq\0~\0	L\0\rmisfirePolicyq\0~\0	L\0statusq\0~\0	xr\0(com.sctech.common.core.domain.BaseEntity\0\0\0\0\0\0\0\0L\0createByq\0~\0	L\0\ncreateTimet\0Ljava/util/Date;L\0paramsq\0~\0L\0remarkq\0~\0	L\0searchValueq\0~\0	L\0updateByq\0~\0	L\0\nupdateTimeq\0~\0xpt\0adminsr\0java.util.DatehjKYt\0\0xpw\0\0b,\)\xpt\0\0pppt\01t\00/20 * * * * ?t\08ryTask.ryMultipleParams(\'ry\', true, 2000L, 316.50D, 100)t\0DEFAULTsr\0java.lang.Long;\̏#\\0J\0valuexr\0java.lang.Number\\0\0xp\0\0\0\0\0\0\0t\0系统默认（多参）t\03t\01x\0');
/*!40000 ALTER TABLE `qrtz_job_details` ENABLE KEYS */;
UNLOCK TABLES;

--
-- Table structure for table `qrtz_locks`
--

DROP TABLE IF EXISTS `qrtz_locks`;
/*!40101 SET @saved_cs_client     = @@character_set_client */;
/*!50503 SET character_set_client = utf8mb4 */;
CREATE TABLE `qrtz_locks` (
  `sched_name` varchar(120) NOT NULL,
  `lock_name` varchar(40) NOT NULL,
  PRIMARY KEY (`sched_name`,`lock_name`)
) ENGINE=InnoDB DEFAULT CHARSET=utf8;
/*!40101 SET character_set_client = @saved_cs_client */;

--
-- Dumping data for table `qrtz_locks`
--

LOCK TABLES `qrtz_locks` WRITE;
/*!40000 ALTER TABLE `qrtz_locks` DISABLE KEYS */;
INSERT INTO `qrtz_locks` VALUES ('RuoyiScheduler','STATE_ACCESS'),('RuoyiScheduler','TRIGGER_ACCESS');
/*!40000 ALTER TABLE `qrtz_locks` ENABLE KEYS */;
UNLOCK TABLES;

--
-- Table structure for table `qrtz_paused_trigger_grps`
--

DROP TABLE IF EXISTS `qrtz_paused_trigger_grps`;
/*!40101 SET @saved_cs_client     = @@character_set_client */;
/*!50503 SET character_set_client = utf8mb4 */;
CREATE TABLE `qrtz_paused_trigger_grps` (
  `sched_name` varchar(120) NOT NULL,
  `trigger_group` varchar(200) NOT NULL,
  PRIMARY KEY (`sched_name`,`trigger_group`)
) ENGINE=InnoDB DEFAULT CHARSET=utf8;
/*!40101 SET character_set_client = @saved_cs_client */;

--
-- Dumping data for table `qrtz_paused_trigger_grps`
--

LOCK TABLES `qrtz_paused_trigger_grps` WRITE;
/*!40000 ALTER TABLE `qrtz_paused_trigger_grps` DISABLE KEYS */;
/*!40000 ALTER TABLE `qrtz_paused_trigger_grps` ENABLE KEYS */;
UNLOCK TABLES;

--
-- Table structure for table `qrtz_scheduler_state`
--

DROP TABLE IF EXISTS `qrtz_scheduler_state`;
/*!40101 SET @saved_cs_client     = @@character_set_client */;
/*!50503 SET character_set_client = utf8mb4 */;
CREATE TABLE `qrtz_scheduler_state` (
  `sched_name` varchar(120) NOT NULL,
  `instance_name` varchar(200) NOT NULL,
  `last_checkin_time` bigint NOT NULL,
  `checkin_interval` bigint NOT NULL,
  PRIMARY KEY (`sched_name`,`instance_name`)
) ENGINE=InnoDB DEFAULT CHARSET=utf8;
/*!40101 SET character_set_client = @saved_cs_client */;

--
-- Dumping data for table `qrtz_scheduler_state`
--

LOCK TABLES `qrtz_scheduler_state` WRITE;
/*!40000 ALTER TABLE `qrtz_scheduler_state` DISABLE KEYS */;
INSERT INTO `qrtz_scheduler_state` VALUES ('RuoyiScheduler','unity3d1583996655736',1584004279491,15000);
/*!40000 ALTER TABLE `qrtz_scheduler_state` ENABLE KEYS */;
UNLOCK TABLES;

--
-- Table structure for table `qrtz_simple_triggers`
--

DROP TABLE IF EXISTS `qrtz_simple_triggers`;
/*!40101 SET @saved_cs_client     = @@character_set_client */;
/*!50503 SET character_set_client = utf8mb4 */;
CREATE TABLE `qrtz_simple_triggers` (
  `sched_name` varchar(120) NOT NULL,
  `trigger_name` varchar(200) NOT NULL,
  `trigger_group` varchar(200) NOT NULL,
  `repeat_count` bigint NOT NULL,
  `repeat_interval` bigint NOT NULL,
  `times_triggered` bigint NOT NULL,
  PRIMARY KEY (`sched_name`,`trigger_name`,`trigger_group`),
  CONSTRAINT `qrtz_simple_triggers_ibfk_1` FOREIGN KEY (`sched_name`, `trigger_name`, `trigger_group`) REFERENCES `qrtz_triggers` (`sched_name`, `trigger_name`, `trigger_group`)
) ENGINE=InnoDB DEFAULT CHARSET=utf8;
/*!40101 SET character_set_client = @saved_cs_client */;

--
-- Dumping data for table `qrtz_simple_triggers`
--

LOCK TABLES `qrtz_simple_triggers` WRITE;
/*!40000 ALTER TABLE `qrtz_simple_triggers` DISABLE KEYS */;
/*!40000 ALTER TABLE `qrtz_simple_triggers` ENABLE KEYS */;
UNLOCK TABLES;

--
-- Table structure for table `qrtz_simprop_triggers`
--

DROP TABLE IF EXISTS `qrtz_simprop_triggers`;
/*!40101 SET @saved_cs_client     = @@character_set_client */;
/*!50503 SET character_set_client = utf8mb4 */;
CREATE TABLE `qrtz_simprop_triggers` (
  `sched_name` varchar(120) NOT NULL,
  `trigger_name` varchar(200) NOT NULL,
  `trigger_group` varchar(200) NOT NULL,
  `str_prop_1` varchar(512) DEFAULT NULL,
  `str_prop_2` varchar(512) DEFAULT NULL,
  `str_prop_3` varchar(512) DEFAULT NULL,
  `int_prop_1` int DEFAULT NULL,
  `int_prop_2` int DEFAULT NULL,
  `long_prop_1` bigint DEFAULT NULL,
  `long_prop_2` bigint DEFAULT NULL,
  `dec_prop_1` decimal(13,4) DEFAULT NULL,
  `dec_prop_2` decimal(13,4) DEFAULT NULL,
  `bool_prop_1` varchar(1) DEFAULT NULL,
  `bool_prop_2` varchar(1) DEFAULT NULL,
  PRIMARY KEY (`sched_name`,`trigger_name`,`trigger_group`),
  CONSTRAINT `qrtz_simprop_triggers_ibfk_1` FOREIGN KEY (`sched_name`, `trigger_name`, `trigger_group`) REFERENCES `qrtz_triggers` (`sched_name`, `trigger_name`, `trigger_group`)
) ENGINE=InnoDB DEFAULT CHARSET=utf8;
/*!40101 SET character_set_client = @saved_cs_client */;

--
-- Dumping data for table `qrtz_simprop_triggers`
--

LOCK TABLES `qrtz_simprop_triggers` WRITE;
/*!40000 ALTER TABLE `qrtz_simprop_triggers` DISABLE KEYS */;
/*!40000 ALTER TABLE `qrtz_simprop_triggers` ENABLE KEYS */;
UNLOCK TABLES;

--
-- Table structure for table `qrtz_triggers`
--

DROP TABLE IF EXISTS `qrtz_triggers`;
/*!40101 SET @saved_cs_client     = @@character_set_client */;
/*!50503 SET character_set_client = utf8mb4 */;
CREATE TABLE `qrtz_triggers` (
  `sched_name` varchar(120) NOT NULL,
  `trigger_name` varchar(200) NOT NULL,
  `trigger_group` varchar(200) NOT NULL,
  `job_name` varchar(200) NOT NULL,
  `job_group` varchar(200) NOT NULL,
  `description` varchar(250) DEFAULT NULL,
  `next_fire_time` bigint DEFAULT NULL,
  `prev_fire_time` bigint DEFAULT NULL,
  `priority` int DEFAULT NULL,
  `trigger_state` varchar(16) NOT NULL,
  `trigger_type` varchar(8) NOT NULL,
  `start_time` bigint NOT NULL,
  `end_time` bigint DEFAULT NULL,
  `calendar_name` varchar(200) DEFAULT NULL,
  `misfire_instr` smallint DEFAULT NULL,
  `job_data` blob,
  PRIMARY KEY (`sched_name`,`trigger_name`,`trigger_group`),
  KEY `sched_name` (`sched_name`,`job_name`,`job_group`),
  CONSTRAINT `qrtz_triggers_ibfk_1` FOREIGN KEY (`sched_name`, `job_name`, `job_group`) REFERENCES `qrtz_job_details` (`sched_name`, `job_name`, `job_group`)
) ENGINE=InnoDB DEFAULT CHARSET=utf8;
/*!40101 SET character_set_client = @saved_cs_client */;

--
-- Dumping data for table `qrtz_triggers`
--

LOCK TABLES `qrtz_triggers` WRITE;
/*!40000 ALTER TABLE `qrtz_triggers` DISABLE KEYS */;
INSERT INTO `qrtz_triggers` VALUES ('RuoyiScheduler','TASK_CLASS_NAME1','DEFAULT','TASK_CLASS_NAME1','DEFAULT',NULL,1583996660000,-1,5,'PAUSED','CRON',1583996655000,0,NULL,2,''),('RuoyiScheduler','TASK_CLASS_NAME2','DEFAULT','TASK_CLASS_NAME2','DEFAULT',NULL,1583996670000,-1,5,'PAUSED','CRON',1583996656000,0,NULL,2,''),('RuoyiScheduler','TASK_CLASS_NAME3','DEFAULT','TASK_CLASS_NAME3','DEFAULT',NULL,1583996660000,-1,5,'PAUSED','CRON',1583996656000,0,NULL,2,'');
/*!40000 ALTER TABLE `qrtz_triggers` ENABLE KEYS */;
UNLOCK TABLES;

--
-- Table structure for table `ser_class`
--

DROP TABLE IF EXISTS `ser_class`;
/*!40101 SET @saved_cs_client     = @@character_set_client */;
/*!50503 SET character_set_client = utf8mb4 */;
CREATE TABLE `ser_class` (
  `sclass_id` bigint NOT NULL AUTO_INCREMENT COMMENT 'ID 主键',
  `sclass_guid` varchar(32) NOT NULL COMMENT 'Guid',
  `sclass_code` varchar(128) DEFAULT NULL COMMENT '分类编码',
  `sclass_name` varchar(128) DEFAULT NULL COMMENT '分类名称',
  `sclass_time` int DEFAULT NULL COMMENT '完成时间',
  `sclass_emergency` varchar(32) DEFAULT NULL COMMENT '紧急程度',
  `team_id` bigint DEFAULT NULL COMMENT '负责班组 维修班组主键',
  `parent_id` bigint DEFAULT NULL COMMENT '父级ID',
  `ancestors` varchar(128) DEFAULT NULL COMMENT '祖级列表',
  `fullname` varchar(128) DEFAULT NULL COMMENT '全称',
  `order_num` int DEFAULT NULL COMMENT '显示顺序',
  `status` char(1) DEFAULT NULL COMMENT '状态 （0正常 1停用）',
  `remark` varchar(512) DEFAULT NULL COMMENT '备注',
  `del_flag` char(1) DEFAULT '0' COMMENT '删除状态 （0代表存在 2代表删除）',
  `create_by` varchar(32) DEFAULT NULL COMMENT '创建人',
  `create_time` datetime DEFAULT NULL COMMENT '创建时间',
  `update_by` varchar(32) DEFAULT NULL COMMENT '更新人',
  `update_time` datetime DEFAULT NULL COMMENT '更新时间',
  PRIMARY KEY (`sclass_id`)
) ENGINE=InnoDB AUTO_INCREMENT=8 DEFAULT CHARSET=utf8 COMMENT='维修分类表';
/*!40101 SET character_set_client = @saved_cs_client */;

--
-- Dumping data for table `ser_class`
--

LOCK TABLES `ser_class` WRITE;
/*!40000 ALTER TABLE `ser_class` DISABLE KEYS */;
INSERT INTO `ser_class` VALUES (1,'f9026294d7244a1ebe111be111fc5a12','0','维修分类',NULL,NULL,NULL,0,'0','维修分类',0,'0',NULL,'0','admin','2020-03-12 10:37:19',NULL,NULL),(2,'af252ae3f35f42939f40239300000b6d','0W','水',24,'0',2,1,'0,1','维修分类->水',1,'0',NULL,'0','admin','2020-03-12 10:58:24','admin','2020-03-12 14:27:33'),(3,'7bbffea2b4d6444085d1f807bf39bc4c','0E','电',24,'0',6,1,'0,1','维修分类->电',2,'0',NULL,'0','admin','2020-03-12 10:58:48','admin','2020-03-12 14:27:39'),(4,'c374ff5d40b944429800bc0c6b508da0','0W01','停水',2,'1',2,2,'0,1,2','维修分类->水->停水',1,'0','涉及用水','0','admin','2020-03-12 11:04:03','admin','2020-03-12 14:27:35'),(5,'a75dd11bcb824f54ae08189baf4180af','0W02','堵塞',24,'0',2,2,'0,1,2','维修分类->水->堵塞',2,'0',NULL,'0','admin','2020-03-12 11:06:01','admin','2020-03-12 14:27:37'),(6,'057426d664aa4a61aa802ef83388fcbd','0E01','漏电',2,'1',6,3,'0,1,3','维修分类->电->漏电',1,'0','涉及人生安全','0','admin','2020-03-12 11:07:20','admin','2020-03-12 14:27:40'),(7,'0425bfd2330a4189be0c836f1678fcd2','0E02','跳闸',2,'1',6,3,'0,1,3','维修分类->电->跳闸',2,'0',NULL,'0','admin','2020-03-12 14:28:29',NULL,NULL);
/*!40000 ALTER TABLE `ser_class` ENABLE KEYS */;
UNLOCK TABLES;

--
-- Table structure for table `ser_staff`
--

DROP TABLE IF EXISTS `ser_staff`;
/*!40101 SET @saved_cs_client     = @@character_set_client */;
/*!50503 SET character_set_client = utf8mb4 */;
CREATE TABLE `ser_staff` (
  `staff_id` bigint NOT NULL AUTO_INCREMENT COMMENT 'ID 主键',
  `staff_guid` varchar(32) NOT NULL COMMENT 'Guid',
  `user_id` bigint DEFAULT NULL COMMENT '维修人员 用户表主键',
  `team_id` bigint DEFAULT NULL COMMENT '维修班组 维修班组表主键',
  `staff_post` varchar(32) DEFAULT NULL COMMENT '岗位',
  `remark` varchar(512) DEFAULT NULL COMMENT '备注',
  `del_flag` char(1) DEFAULT '0' COMMENT '删除状态 （0代表存在 2代表删除）',
  `create_by` varchar(32) DEFAULT NULL COMMENT '创建人',
  `create_time` datetime DEFAULT NULL COMMENT '创建时间',
  `update_by` varchar(32) DEFAULT NULL COMMENT '更新人',
  `update_time` datetime DEFAULT NULL COMMENT '更新时间',
  PRIMARY KEY (`staff_id`)
) ENGINE=InnoDB AUTO_INCREMENT=4 DEFAULT CHARSET=utf8 COMMENT='维修人员表';
/*!40101 SET character_set_client = @saved_cs_client */;

--
-- Dumping data for table `ser_staff`
--

LOCK TABLES `ser_staff` WRITE;
/*!40000 ALTER TABLE `ser_staff` DISABLE KEYS */;
INSERT INTO `ser_staff` VALUES (1,'35e932f445284bb484e7dbaa9c793864',100,5,'1',NULL,'2','admin','2020-03-11 14:08:18','admin','2020-03-11 14:21:25'),(2,'5287a0ffc7f74b3f80061227d289176e',100,2,'1',NULL,'0','admin','2020-03-12 09:07:33',NULL,NULL),(3,'dd35b3e094fc407e964e660c4d51c0ad',101,6,'1',NULL,'0','admin','2020-03-12 09:07:57','admin','2020-03-12 09:08:30');
/*!40000 ALTER TABLE `ser_staff` ENABLE KEYS */;
UNLOCK TABLES;

--
-- Table structure for table `ser_team`
--

DROP TABLE IF EXISTS `ser_team`;
/*!40101 SET @saved_cs_client     = @@character_set_client */;
/*!50503 SET character_set_client = utf8mb4 */;
CREATE TABLE `ser_team` (
  `team_id` bigint NOT NULL AUTO_INCREMENT COMMENT 'ID 主键',
  `team_guid` varchar(32) NOT NULL COMMENT 'Guid',
  `team_code` varchar(128) DEFAULT NULL COMMENT '班组编码',
  `team_name` varchar(128) DEFAULT NULL COMMENT '班组名称',
  `dept_id` bigint DEFAULT NULL COMMENT '所属部门 部门表主键',
  `parent_id` bigint DEFAULT NULL COMMENT '父级ID',
  `ancestors` varchar(128) DEFAULT NULL COMMENT '祖级列表',
  `fullname` varchar(128) DEFAULT NULL COMMENT '全称',
  `order_num` int DEFAULT NULL COMMENT '显示顺序',
  `status` char(1) DEFAULT NULL COMMENT '状态 （0正常 1停用）',
  `remark` varchar(512) DEFAULT NULL COMMENT '备注',
  `del_flag` char(1) DEFAULT '0' COMMENT '删除状态 （0代表存在 2代表删除）',
  `create_by` varchar(32) DEFAULT NULL COMMENT '创建人',
  `create_time` datetime DEFAULT NULL COMMENT '创建时间',
  `update_by` varchar(32) DEFAULT NULL COMMENT '更新人',
  `update_time` datetime DEFAULT NULL COMMENT '更新时间',
  PRIMARY KEY (`team_id`)
) ENGINE=InnoDB AUTO_INCREMENT=9 DEFAULT CHARSET=utf8 COMMENT='维修班组表 ';
/*!40101 SET character_set_client = @saved_cs_client */;

--
-- Dumping data for table `ser_team`
--

LOCK TABLES `ser_team` WRITE;
/*!40000 ALTER TABLE `ser_team` DISABLE KEYS */;
INSERT INTO `ser_team` VALUES (1,'267d737163ab4600834b2bd34189199b','0','维修班组',NULL,0,'0','维修班组',0,'0',NULL,'0','admin','2020-03-11 10:07:05',NULL,NULL),(2,'9bd4f404492c47fca733f0c560b45208','bz1','维修班组1',201,1,'0,1','维修班组->维修班组1',1,'0',NULL,'0','admin','2020-03-11 10:24:06','admin','2020-03-12 14:23:14'),(3,'cbcc88454f07405cbce0902dbaac0818','zmk01','维修中心',101,2,'0,1,2',NULL,0,'0',NULL,'2','admin','2020-03-11 10:28:36',NULL,NULL),(4,'9747604901ca46d0a841ecc244bca3a6','zmk02','总机室',101,2,'0,1,2',NULL,1,'0',NULL,'2','admin','2020-03-11 10:29:00','admin','2020-03-11 10:29:10'),(5,'e47bcf23fe03445088711c6c5ab44320','zmk02','总机室',101,2,'0,1,2',NULL,1,'0',NULL,'2','admin','2020-03-11 14:14:28',NULL,NULL),(6,'78de2d6d5f0e40faaa541bb7f07f1d87','bz2','维修班组2',201,1,'0,1','维修班组->维修班组2',2,'0',NULL,'0','admin','2020-03-12 09:04:38','admin','2020-03-12 14:23:16'),(7,'670adebc57584b79b0c5f1959909d81e','bz3','维修班组3',201,1,'0,1','维修班组->维修班组3',3,'0',NULL,'0','admin','2020-03-12 09:05:03','admin','2020-03-12 14:23:18'),(8,'acdb09b5a5b04256841b0ff231fb92bf','bz4','维修班组4',201,1,'0,1','维修班组->维修班组4',4,'0',NULL,'0','admin','2020-03-12 14:23:39',NULL,NULL);
/*!40000 ALTER TABLE `ser_team` ENABLE KEYS */;
UNLOCK TABLES;

--
-- Table structure for table `sys_config`
--

DROP TABLE IF EXISTS `sys_config`;
/*!40101 SET @saved_cs_client     = @@character_set_client */;
/*!50503 SET character_set_client = utf8mb4 */;
CREATE TABLE `sys_config` (
  `config_id` int NOT NULL AUTO_INCREMENT COMMENT '参数主键',
  `config_name` varchar(100) DEFAULT '' COMMENT '参数名称',
  `config_key` varchar(100) DEFAULT '' COMMENT '参数键名',
  `config_value` varchar(500) DEFAULT '' COMMENT '参数键值',
  `config_type` char(1) DEFAULT 'N' COMMENT '系统内置（Y是 N否）',
  `create_by` varchar(64) DEFAULT '' COMMENT '创建者',
  `create_time` datetime DEFAULT NULL COMMENT '创建时间',
  `update_by` varchar(64) DEFAULT '' COMMENT '更新者',
  `update_time` datetime DEFAULT NULL COMMENT '更新时间',
  `remark` varchar(500) DEFAULT NULL COMMENT '备注',
  PRIMARY KEY (`config_id`)
) ENGINE=InnoDB AUTO_INCREMENT=100 DEFAULT CHARSET=utf8 COMMENT='参数配置表';
/*!40101 SET character_set_client = @saved_cs_client */;

--
-- Dumping data for table `sys_config`
--

LOCK TABLES `sys_config` WRITE;
/*!40000 ALTER TABLE `sys_config` DISABLE KEYS */;
INSERT INTO `sys_config` VALUES (1,'主框架页-默认皮肤样式名称','sys.index.skinName','skin-blue','Y','admin','2018-03-16 11:33:00','ry','2018-03-16 11:33:00','蓝色 skin-blue、绿色 skin-green、紫色 skin-purple、红色 skin-red、黄色 skin-yellow'),(2,'用户管理-账号初始密码','sys.user.initPassword','123456','Y','admin','2018-03-16 11:33:00','ry','2018-03-16 11:33:00','初始化密码 123456'),(3,'主框架页-侧边栏主题','sys.index.sideTheme','theme-dark','Y','admin','2018-03-16 11:33:00','ry','2018-03-16 11:33:00','深黑主题theme-dark，浅色主题theme-light，深蓝主题theme-blue');
/*!40000 ALTER TABLE `sys_config` ENABLE KEYS */;
UNLOCK TABLES;

--
-- Table structure for table `sys_dept`
--

DROP TABLE IF EXISTS `sys_dept`;
/*!40101 SET @saved_cs_client     = @@character_set_client */;
/*!50503 SET character_set_client = utf8mb4 */;
CREATE TABLE `sys_dept` (
  `dept_id` bigint NOT NULL AUTO_INCREMENT COMMENT '部门id',
  `parent_id` bigint DEFAULT '0' COMMENT '父部门id',
  `ancestors` varchar(50) DEFAULT '' COMMENT '祖级列表',
  `dept_name` varchar(30) DEFAULT '' COMMENT '部门名称',
  `order_num` int DEFAULT '0' COMMENT '显示顺序',
  `leader` varchar(20) DEFAULT NULL COMMENT '负责人',
  `phone` varchar(11) DEFAULT NULL COMMENT '联系电话',
  `email` varchar(50) DEFAULT NULL COMMENT '邮箱',
  `status` char(1) DEFAULT '0' COMMENT '部门状态（0正常 1停用）',
  `del_flag` char(1) DEFAULT '0' COMMENT '删除标志（0代表存在 2代表删除）',
  `create_by` varchar(64) DEFAULT '' COMMENT '创建者',
  `create_time` datetime DEFAULT NULL COMMENT '创建时间',
  `update_by` varchar(64) DEFAULT '' COMMENT '更新者',
  `update_time` datetime DEFAULT NULL COMMENT '更新时间',
  PRIMARY KEY (`dept_id`)
) ENGINE=InnoDB AUTO_INCREMENT=202 DEFAULT CHARSET=utf8 COMMENT='部门表';
/*!40101 SET character_set_client = @saved_cs_client */;

--
-- Dumping data for table `sys_dept`
--

LOCK TABLES `sys_dept` WRITE;
/*!40000 ALTER TABLE `sys_dept` DISABLE KEYS */;
INSERT INTO `sys_dept` VALUES (100,0,'0','部门列表',0,'','','','0','0','admin','2018-03-16 11:33:00','admin','2020-02-11 09:04:18'),(101,100,'0,100','设备管理部门',1,'','','','0','0','admin','2018-03-16 11:33:00','admin','2020-02-11 09:03:04'),(102,100,'0,100','长沙分公司',2,'若依','15888888888','ry@qq.com','0','2','admin','2018-03-16 11:33:00','ry','2018-03-16 11:33:00'),(103,101,'0,100,101','研发部门',1,'若依','15888888888','ry@qq.com','0','2','admin','2018-03-16 11:33:00','ry','2018-03-16 11:33:00'),(104,101,'0,100,101','市场部门',2,'若依','15888888888','ry@qq.com','0','2','admin','2018-03-16 11:33:00','ry','2018-03-16 11:33:00'),(105,101,'0,100,101','测试部门',3,'若依','15888888888','ry@qq.com','0','2','admin','2018-03-16 11:33:00','ry','2018-03-16 11:33:00'),(106,101,'0,100,101','财务部门',4,'若依','15888888888','ry@qq.com','0','2','admin','2018-03-16 11:33:00','ry','2018-03-16 11:33:00'),(107,101,'0,100,101','运维部门',5,'若依','15888888888','ry@qq.com','0','2','admin','2018-03-16 11:33:00','ry','2018-03-16 11:33:00'),(108,102,'0,100,102','市场部门',1,'若依','15888888888','ry@qq.com','0','2','admin','2018-03-16 11:33:00','ry','2018-03-16 11:33:00'),(109,102,'0,100,102','财务部门',2,'若依','15888888888','ry@qq.com','0','2','admin','2018-03-16 11:33:00','ry','2018-03-16 11:33:00'),(200,100,'0,100','合同管理部门',2,NULL,NULL,NULL,'0','0','admin','2020-02-12 15:33:14','',NULL),(201,100,'0,100','维修管理部门',3,NULL,NULL,NULL,'0','0','admin','2020-03-12 09:03:54','',NULL);
/*!40000 ALTER TABLE `sys_dept` ENABLE KEYS */;
UNLOCK TABLES;

--
-- Table structure for table `sys_dict_data`
--

DROP TABLE IF EXISTS `sys_dict_data`;
/*!40101 SET @saved_cs_client     = @@character_set_client */;
/*!50503 SET character_set_client = utf8mb4 */;
CREATE TABLE `sys_dict_data` (
  `dict_code` bigint NOT NULL AUTO_INCREMENT COMMENT '字典编码',
  `dict_sort` int DEFAULT '0' COMMENT '字典排序',
  `dict_label` varchar(100) DEFAULT '' COMMENT '字典标签',
  `dict_value` varchar(100) DEFAULT '' COMMENT '字典键值',
  `dict_type` varchar(100) DEFAULT '' COMMENT '字典类型',
  `css_class` varchar(100) DEFAULT NULL COMMENT '样式属性（其他样式扩展）',
  `list_class` varchar(100) DEFAULT NULL COMMENT '表格回显样式',
  `is_default` char(1) DEFAULT 'N' COMMENT '是否默认（Y是 N否）',
  `status` char(1) DEFAULT '0' COMMENT '状态（0正常 1停用）',
  `create_by` varchar(64) DEFAULT '' COMMENT '创建者',
  `create_time` datetime DEFAULT NULL COMMENT '创建时间',
  `update_by` varchar(64) DEFAULT '' COMMENT '更新者',
  `update_time` datetime DEFAULT NULL COMMENT '更新时间',
  `remark` varchar(500) DEFAULT NULL COMMENT '备注',
  PRIMARY KEY (`dict_code`)
) ENGINE=InnoDB AUTO_INCREMENT=134 DEFAULT CHARSET=utf8 COMMENT='字典数据表';
/*!40101 SET character_set_client = @saved_cs_client */;

--
-- Dumping data for table `sys_dict_data`
--

LOCK TABLES `sys_dict_data` WRITE;
/*!40000 ALTER TABLE `sys_dict_data` DISABLE KEYS */;
INSERT INTO `sys_dict_data` VALUES (1,1,'男','0','sys_user_sex','','','Y','0','admin','2018-03-16 11:33:00','ry','2018-03-16 11:33:00','性别男'),(2,2,'女','1','sys_user_sex','','','N','0','admin','2018-03-16 11:33:00','ry','2018-03-16 11:33:00','性别女'),(3,3,'未知','2','sys_user_sex','','','N','0','admin','2018-03-16 11:33:00','ry','2018-03-16 11:33:00','性别未知'),(4,1,'显示','0','sys_show_hide','','primary','Y','0','admin','2018-03-16 11:33:00','ry','2018-03-16 11:33:00','显示菜单'),(5,2,'隐藏','1','sys_show_hide','','danger','N','0','admin','2018-03-16 11:33:00','ry','2018-03-16 11:33:00','隐藏菜单'),(6,1,'正常','0','sys_normal_disable','','primary','Y','0','admin','2018-03-16 11:33:00','ry','2018-03-16 11:33:00','正常状态'),(7,2,'停用','1','sys_normal_disable','','danger','N','0','admin','2018-03-16 11:33:00','ry','2018-03-16 11:33:00','停用状态'),(8,1,'正常','0','sys_job_status','','primary','Y','0','admin','2018-03-16 11:33:00','ry','2018-03-16 11:33:00','正常状态'),(9,2,'暂停','1','sys_job_status','','danger','N','0','admin','2018-03-16 11:33:00','ry','2018-03-16 11:33:00','停用状态'),(10,1,'默认','DEFAULT','sys_job_group','','','Y','0','admin','2018-03-16 11:33:00','ry','2018-03-16 11:33:00','默认分组'),(11,2,'系统','SYSTEM','sys_job_group','','','N','0','admin','2018-03-16 11:33:00','ry','2018-03-16 11:33:00','系统分组'),(12,1,'是','Y','sys_yes_no','','primary','Y','0','admin','2018-03-16 11:33:00','ry','2018-03-16 11:33:00','系统默认是'),(13,2,'否','N','sys_yes_no','','danger','N','0','admin','2018-03-16 11:33:00','ry','2018-03-16 11:33:00','系统默认否'),(14,1,'通知','1','sys_notice_type','','warning','Y','0','admin','2018-03-16 11:33:00','ry','2018-03-16 11:33:00','通知'),(15,2,'公告','2','sys_notice_type','','success','N','0','admin','2018-03-16 11:33:00','ry','2018-03-16 11:33:00','公告'),(16,1,'正常','0','sys_notice_status','','primary','Y','0','admin','2018-03-16 11:33:00','ry','2018-03-16 11:33:00','正常状态'),(17,2,'关闭','1','sys_notice_status','','danger','N','0','admin','2018-03-16 11:33:00','ry','2018-03-16 11:33:00','关闭状态'),(18,1,'新增','1','sys_oper_type','','info','N','0','admin','2018-03-16 11:33:00','ry','2018-03-16 11:33:00','新增操作'),(19,2,'修改','2','sys_oper_type','','info','N','0','admin','2018-03-16 11:33:00','ry','2018-03-16 11:33:00','修改操作'),(20,3,'删除','3','sys_oper_type','','danger','N','0','admin','2018-03-16 11:33:00','ry','2018-03-16 11:33:00','删除操作'),(21,4,'授权','4','sys_oper_type','','primary','N','0','admin','2018-03-16 11:33:00','ry','2018-03-16 11:33:00','授权操作'),(22,5,'导出','5','sys_oper_type','','warning','N','0','admin','2018-03-16 11:33:00','ry','2018-03-16 11:33:00','导出操作'),(23,6,'导入','6','sys_oper_type','','warning','N','0','admin','2018-03-16 11:33:00','ry','2018-03-16 11:33:00','导入操作'),(24,7,'强退','7','sys_oper_type','','danger','N','0','admin','2018-03-16 11:33:00','ry','2018-03-16 11:33:00','强退操作'),(25,8,'生成代码','8','sys_oper_type','','warning','N','0','admin','2018-03-16 11:33:00','ry','2018-03-16 11:33:00','生成操作'),(26,9,'清空数据','9','sys_oper_type','','danger','N','0','admin','2018-03-16 11:33:00','ry','2018-03-16 11:33:00','清空操作'),(27,1,'成功','0','sys_common_status','','primary','N','0','admin','2018-03-16 11:33:00','ry','2018-03-16 11:33:00','正常状态'),(28,2,'失败','1','sys_common_status','','danger','N','0','admin','2018-03-16 11:33:00','ry','2018-03-16 11:33:00','停用状态'),(100,0,'无','0','equ_attribute_type','','','Y','0','admin','2020-02-14 10:10:49','admin','2020-02-17 12:07:29',''),(101,1,'锅炉','1','equ_attribute_type','','','N','0','admin','2020-02-14 10:11:24','admin','2020-02-14 17:21:07',''),(102,2,'压力容器','2','equ_attribute_type','','','N','0','admin','2020-02-14 10:11:46','admin','2020-02-14 17:20:56',''),(103,3,'压力管道','3','equ_attribute_type','','','N','0','admin','2020-02-14 10:12:06','admin','2020-02-14 17:20:51',''),(104,4,'电梯','4','equ_attribute_type','','','N','0','admin','2020-02-14 10:12:17','admin','2020-02-14 17:20:46',''),(105,5,'起重机械','5','equ_attribute_type','','','N','0','admin','2020-02-14 10:12:29','admin','2020-02-14 17:20:41',''),(106,6,'客运索道','6','equ_attribute_type','','','N','0','admin','2020-02-14 10:12:44','admin','2020-02-14 17:20:36',''),(107,7,'大型游乐设施','7','equ_attribute_type','','','N','0','admin','2020-02-14 10:12:56','admin','2020-02-14 17:20:30',''),(108,0,'闲置','0','equ_status_type',NULL,NULL,'Y','0','admin','2020-02-14 10:14:23','',NULL,NULL),(109,1,'正常使用','1','equ_status_type','','','N','0','admin','2020-02-14 10:14:33','admin','2020-02-14 11:25:50',''),(110,2,'故障','2','equ_status_type','','','N','0','admin','2020-02-14 10:14:40','admin','2020-02-14 11:25:44',''),(111,3,'报损报废','3','equ_status_type','','','N','0','admin','2020-02-14 10:15:08','admin','2020-02-14 11:25:40',''),(112,8,'场（厂）内专用机动车辆','8','equ_attribute_type','','','N','0','admin','2020-02-14 17:20:16','admin','2020-02-14 17:20:24',''),(113,0,'正常','0','supplier_status_type',NULL,NULL,'Y','0','admin','2020-02-17 13:49:50','',NULL,NULL),(114,1,'黑名单','1','supplier_status_type','','warning','N','0','admin','2020-02-17 13:50:03','admin','2020-02-17 13:50:15',''),(115,0,'已超过规定使用年限的老旧设备，主要结构和零部件己严重磨损，设备效能达不到到工艺最低要求，无法修复或无修复改造价值','0','equ_scrap_type',NULL,NULL,'Y','0','admin','2020-02-24 15:12:07','',NULL,NULL),(116,1,'因意外灾害或重大事故受到严重损坏的设备，无法修复使用','1','equ_scrap_type',NULL,NULL,'Y','0','admin','2020-02-24 15:12:31','',NULL,NULL),(117,2,'严重影响环境，继续使用将会污染环境，引发人身安全与危害健康，进行修复改造不经济','2','equ_scrap_type',NULL,NULL,'Y','0','admin','2020-02-24 15:12:44','',NULL,NULL),(118,4,'因产品换型、工艺变更而淘汰的专用设备，不宜修改利用','4','equ_scrap_type',NULL,NULL,'Y','0','admin','2020-02-24 15:12:58','',NULL,NULL),(119,5,'技术改造和更新替换出的旧设备不能利用或调出','5','equ_scrap_type',NULL,NULL,'Y','0','admin','2020-02-24 15:13:10','',NULL,NULL),(120,6,'按国家能源政策规定应予淘汰的高耗能设备','6','equ_scrap_type',NULL,NULL,'Y','0','admin','2020-02-24 15:13:23','',NULL,NULL),(121,1,'园区','0','equ_area_type',NULL,NULL,'Y','0','admin','2020-03-05 15:44:55','',NULL,NULL),(122,1,'办公区','1','equ_area_type',NULL,NULL,'N','0','admin','2020-03-05 15:45:07','',NULL,NULL),(123,0,'运行点','0','equ_channel_class','','','Y','0','admin','2020-03-06 14:29:55','admin','2020-03-06 14:31:04',''),(124,1,'报警点','1','equ_channel_class','','','N','0','admin','2020-03-06 14:30:07','admin','2020-03-06 14:31:16',''),(125,2,'启停点','2','equ_channel_class','','','N','0','admin','2020-03-06 14:30:23','admin','2020-03-06 14:31:36',''),(126,3,'故障点','3','equ_channel_class',NULL,NULL,'N','0','admin','2020-03-06 14:31:48','',NULL,NULL),(127,0,'开关量','0','equ_channel_type',NULL,NULL,'Y','0','admin','2020-03-06 14:32:19','',NULL,NULL),(128,1,'模拟量','1','equ_channel_type',NULL,NULL,'N','0','admin','2020-03-06 14:32:29','',NULL,NULL),(129,2,'字符串','2','equ_channel_type',NULL,NULL,'N','0','admin','2020-03-06 14:32:43','',NULL,NULL),(130,0,'组员','0','staff_post_type','','primary','Y','0','admin','2020-03-11 13:06:20','admin','2020-03-11 14:13:09',''),(131,1,'组长','1','staff_post_type','','danger','N','0','admin','2020-03-11 13:06:40','admin','2020-03-11 14:13:25',''),(132,0,'一般','0','ser_emergency_type',NULL,'primary','Y','0','admin','2020-03-12 09:24:45','',NULL,NULL),(133,1,'紧急','1','ser_emergency_type',NULL,'danger','N','0','admin','2020-03-12 09:24:59','',NULL,NULL);
/*!40000 ALTER TABLE `sys_dict_data` ENABLE KEYS */;
UNLOCK TABLES;

--
-- Table structure for table `sys_dict_type`
--

DROP TABLE IF EXISTS `sys_dict_type`;
/*!40101 SET @saved_cs_client     = @@character_set_client */;
/*!50503 SET character_set_client = utf8mb4 */;
CREATE TABLE `sys_dict_type` (
  `dict_id` bigint NOT NULL AUTO_INCREMENT COMMENT '字典主键',
  `dict_name` varchar(100) DEFAULT '' COMMENT '字典名称',
  `dict_type` varchar(100) DEFAULT '' COMMENT '字典类型',
  `status` char(1) DEFAULT '0' COMMENT '状态（0正常 1停用）',
  `create_by` varchar(64) DEFAULT '' COMMENT '创建者',
  `create_time` datetime DEFAULT NULL COMMENT '创建时间',
  `update_by` varchar(64) DEFAULT '' COMMENT '更新者',
  `update_time` datetime DEFAULT NULL COMMENT '更新时间',
  `remark` varchar(500) DEFAULT NULL COMMENT '备注',
  PRIMARY KEY (`dict_id`),
  UNIQUE KEY `dict_type` (`dict_type`)
) ENGINE=InnoDB AUTO_INCREMENT=109 DEFAULT CHARSET=utf8 COMMENT='字典类型表';
/*!40101 SET character_set_client = @saved_cs_client */;

--
-- Dumping data for table `sys_dict_type`
--

LOCK TABLES `sys_dict_type` WRITE;
/*!40000 ALTER TABLE `sys_dict_type` DISABLE KEYS */;
INSERT INTO `sys_dict_type` VALUES (1,'用户性别','sys_user_sex','0','admin','2018-03-16 11:33:00','ry','2018-03-16 11:33:00','用户性别列表'),(2,'菜单状态','sys_show_hide','0','admin','2018-03-16 11:33:00','ry','2018-03-16 11:33:00','菜单状态列表'),(3,'系统开关','sys_normal_disable','0','admin','2018-03-16 11:33:00','ry','2018-03-16 11:33:00','系统开关列表'),(4,'任务状态','sys_job_status','0','admin','2018-03-16 11:33:00','ry','2018-03-16 11:33:00','任务状态列表'),(5,'任务分组','sys_job_group','0','admin','2018-03-16 11:33:00','ry','2018-03-16 11:33:00','任务分组列表'),(6,'系统是否','sys_yes_no','0','admin','2018-03-16 11:33:00','ry','2018-03-16 11:33:00','系统是否列表'),(7,'通知类型','sys_notice_type','0','admin','2018-03-16 11:33:00','ry','2018-03-16 11:33:00','通知类型列表'),(8,'通知状态','sys_notice_status','0','admin','2018-03-16 11:33:00','ry','2018-03-16 11:33:00','通知状态列表'),(9,'操作类型','sys_oper_type','0','admin','2018-03-16 11:33:00','ry','2018-03-16 11:33:00','操作类型列表'),(10,'系统状态','sys_common_status','0','admin','2018-03-16 11:33:00','ry','2018-03-16 11:33:00','登录状态列表'),(100,'设备特种属性','equ_attribute_type','0','admin','2020-02-14 10:00:58','admin','2020-02-14 10:06:46','设备特种列表'),(101,'设备状态','equ_status_type','0','admin','2020-02-14 10:13:55','admin','2020-02-14 10:14:08','设备状态列表'),(102,'供应商状态','supplier_status_type','0','admin','2020-02-17 13:48:49','admin','2020-02-17 13:49:17','供应商状态列表'),(103,'报废报损理由','equ_scrap_type','0','admin','2020-02-24 15:07:09','admin','2020-02-24 15:07:40','设备报废报损理由列表'),(104,'区域类别','equ_area_type','0','admin','2020-03-05 15:44:33','',NULL,'区域类别列表'),(105,'位号类型','equ_channel_type','0','admin','2020-03-06 14:28:39','',NULL,'位号类型列表'),(106,'位号性质','equ_channel_class','0','admin','2020-03-06 14:29:21','',NULL,'位号性质列表'),(107,'维修人员岗位','staff_post_type','0','admin','2020-03-11 13:05:29','',NULL,'维修人员岗位列表'),(108,'维修分类紧急程度','ser_emergency_type','0','admin','2020-03-12 09:23:50','',NULL,NULL);
/*!40000 ALTER TABLE `sys_dict_type` ENABLE KEYS */;
UNLOCK TABLES;

--
-- Table structure for table `sys_job`
--

DROP TABLE IF EXISTS `sys_job`;
/*!40101 SET @saved_cs_client     = @@character_set_client */;
/*!50503 SET character_set_client = utf8mb4 */;
CREATE TABLE `sys_job` (
  `job_id` bigint NOT NULL AUTO_INCREMENT COMMENT '任务ID',
  `job_name` varchar(64) NOT NULL DEFAULT '' COMMENT '任务名称',
  `job_group` varchar(64) NOT NULL DEFAULT 'DEFAULT' COMMENT '任务组名',
  `invoke_target` varchar(500) NOT NULL COMMENT '调用目标字符串',
  `cron_expression` varchar(255) DEFAULT '' COMMENT 'cron执行表达式',
  `misfire_policy` varchar(20) DEFAULT '3' COMMENT '计划执行错误策略（1立即执行 2执行一次 3放弃执行）',
  `concurrent` char(1) DEFAULT '1' COMMENT '是否并发执行（0允许 1禁止）',
  `status` char(1) DEFAULT '0' COMMENT '状态（0正常 1暂停）',
  `create_by` varchar(64) DEFAULT '' COMMENT '创建者',
  `create_time` datetime DEFAULT NULL COMMENT '创建时间',
  `update_by` varchar(64) DEFAULT '' COMMENT '更新者',
  `update_time` datetime DEFAULT NULL COMMENT '更新时间',
  `remark` varchar(500) DEFAULT '' COMMENT '备注信息',
  PRIMARY KEY (`job_id`,`job_name`,`job_group`)
) ENGINE=InnoDB AUTO_INCREMENT=100 DEFAULT CHARSET=utf8 COMMENT='定时任务调度表';
/*!40101 SET character_set_client = @saved_cs_client */;

--
-- Dumping data for table `sys_job`
--

LOCK TABLES `sys_job` WRITE;
/*!40000 ALTER TABLE `sys_job` DISABLE KEYS */;
INSERT INTO `sys_job` VALUES (1,'系统默认（无参）','DEFAULT','ryTask.ryNoParams','0/10 * * * * ?','3','1','1','admin','2018-03-16 11:33:00','ry','2018-03-16 11:33:00',''),(2,'系统默认（有参）','DEFAULT','ryTask.ryParams(\'ry\')','0/15 * * * * ?','3','1','1','admin','2018-03-16 11:33:00','ry','2018-03-16 11:33:00',''),(3,'系统默认（多参）','DEFAULT','ryTask.ryMultipleParams(\'ry\', true, 2000L, 316.50D, 100)','0/20 * * * * ?','3','1','1','admin','2018-03-16 11:33:00','ry','2018-03-16 11:33:00','');
/*!40000 ALTER TABLE `sys_job` ENABLE KEYS */;
UNLOCK TABLES;

--
-- Table structure for table `sys_job_log`
--

DROP TABLE IF EXISTS `sys_job_log`;
/*!40101 SET @saved_cs_client     = @@character_set_client */;
/*!50503 SET character_set_client = utf8mb4 */;
CREATE TABLE `sys_job_log` (
  `job_log_id` bigint NOT NULL AUTO_INCREMENT COMMENT '任务日志ID',
  `job_name` varchar(64) NOT NULL COMMENT '任务名称',
  `job_group` varchar(64) NOT NULL COMMENT '任务组名',
  `invoke_target` varchar(500) NOT NULL COMMENT '调用目标字符串',
  `job_message` varchar(500) DEFAULT NULL COMMENT '日志信息',
  `status` char(1) DEFAULT '0' COMMENT '执行状态（0正常 1失败）',
  `exception_info` varchar(2000) DEFAULT '' COMMENT '异常信息',
  `create_time` datetime DEFAULT NULL COMMENT '创建时间',
  PRIMARY KEY (`job_log_id`)
) ENGINE=InnoDB DEFAULT CHARSET=utf8 COMMENT='定时任务调度日志表';
/*!40101 SET character_set_client = @saved_cs_client */;

--
-- Dumping data for table `sys_job_log`
--

LOCK TABLES `sys_job_log` WRITE;
/*!40000 ALTER TABLE `sys_job_log` DISABLE KEYS */;
/*!40000 ALTER TABLE `sys_job_log` ENABLE KEYS */;
UNLOCK TABLES;

--
-- Table structure for table `sys_logininfor`
--

DROP TABLE IF EXISTS `sys_logininfor`;
/*!40101 SET @saved_cs_client     = @@character_set_client */;
/*!50503 SET character_set_client = utf8mb4 */;
CREATE TABLE `sys_logininfor` (
  `info_id` bigint NOT NULL AUTO_INCREMENT COMMENT '访问ID',
  `login_name` varchar(50) DEFAULT '' COMMENT '登录账号',
  `ipaddr` varchar(50) DEFAULT '' COMMENT '登录IP地址',
  `login_location` varchar(255) DEFAULT '' COMMENT '登录地点',
  `browser` varchar(50) DEFAULT '' COMMENT '浏览器类型',
  `os` varchar(50) DEFAULT '' COMMENT '操作系统',
  `status` char(1) DEFAULT '0' COMMENT '登录状态（0成功 1失败）',
  `msg` varchar(255) DEFAULT '' COMMENT '提示消息',
  `login_time` datetime DEFAULT NULL COMMENT '访问时间',
  PRIMARY KEY (`info_id`)
) ENGINE=InnoDB AUTO_INCREMENT=240 DEFAULT CHARSET=utf8 COMMENT='系统访问记录';
/*!40101 SET character_set_client = @saved_cs_client */;

--
-- Dumping data for table `sys_logininfor`
--

LOCK TABLES `sys_logininfor` WRITE;
/*!40000 ALTER TABLE `sys_logininfor` DISABLE KEYS */;
INSERT INTO `sys_logininfor` VALUES (100,'admin','127.0.0.1','内网IP','Chrome','Windows 10','0','登录成功','2020-02-10 19:18:19'),(101,'admin','127.0.0.1','内网IP','Chrome','Windows 10','0','退出成功','2020-02-10 19:33:58'),(102,'admin','127.0.0.1','内网IP','Chrome','Windows 10','0','登录成功','2020-02-11 08:49:08'),(103,'admin','127.0.0.1','内网IP','Chrome','Windows 10','0','登录成功','2020-02-11 09:57:38'),(104,'admin','127.0.0.1','内网IP','Chrome','Windows 10','0','登录成功','2020-02-11 14:04:01'),(105,'admin','127.0.0.1','内网IP','Chrome','Windows 10','0','登录成功','2020-02-11 14:55:53'),(106,'admin','127.0.0.1','内网IP','Chrome','Windows 10','0','退出成功','2020-02-11 15:13:43'),(107,'sbglya','127.0.0.1','内网IP','Chrome','Windows 10','1','密码输入错误1次','2020-02-11 15:14:12'),(108,'admin','127.0.0.1','内网IP','Chrome','Windows 10','0','登录成功','2020-02-11 15:14:35'),(109,'admin','127.0.0.1','内网IP','Chrome','Windows 10','0','退出成功','2020-02-11 15:16:36'),(110,'sbglya','127.0.0.1','内网IP','Chrome','Windows 10','0','登录成功','2020-02-11 15:16:47'),(111,'sbglya','127.0.0.1','内网IP','Chrome','Windows 10','0','退出成功','2020-02-11 15:17:05'),(112,'admin','127.0.0.1','内网IP','Chrome','Windows 10','0','登录成功','2020-02-11 15:17:09'),(113,'shgyla','127.0.0.1','内网IP','Chrome','Windows 10','1','用户不存在/密码错误','2020-02-11 15:35:17'),(114,'sbglya','127.0.0.1','内网IP','Chrome','Windows 10','1','密码输入错误1次','2020-02-11 15:35:32'),(115,'sbglya','127.0.0.1','内网IP','Chrome','Windows 10','0','登录成功','2020-02-11 15:35:41'),(116,'sbglya','127.0.0.1','内网IP','Chrome','Windows 10','0','退出成功','2020-02-11 15:35:59'),(117,'admin','127.0.0.1','内网IP','Chrome','Windows 10','0','登录成功','2020-02-11 15:36:02'),(118,'admin','127.0.0.1','内网IP','Chrome','Windows 10','0','登录成功','2020-02-11 16:14:14'),(119,'admin','127.0.0.1','内网IP','Chrome','Windows 10','0','登录成功','2020-02-11 16:44:55'),(120,'admin','127.0.0.1','内网IP','Chrome','Windows 10','0','退出成功','2020-02-11 16:45:43'),(121,'sbglya','127.0.0.1','内网IP','Chrome','Windows 10','1','用户不存在/密码错误','2020-02-11 16:46:02'),(122,'sbglya','127.0.0.1','内网IP','Chrome','Windows 10','0','登录成功','2020-02-11 16:46:11'),(123,'sbglya','127.0.0.1','内网IP','Chrome','Windows 10','0','退出成功','2020-02-11 16:46:48'),(124,'admin','127.0.0.1','内网IP','Chrome','Windows 10','1','验证码错误','2020-02-11 16:46:53'),(125,'admin','127.0.0.1','内网IP','Chrome','Windows 10','0','登录成功','2020-02-11 16:46:57'),(126,'admin','127.0.0.1','内网IP','Chrome','Windows 10','0','登录成功','2020-02-11 19:15:55'),(127,'admin','127.0.0.1','内网IP','Chrome','Windows 10','0','登录成功','2020-02-12 13:47:59'),(128,'admin','127.0.0.1','内网IP','Chrome','Windows 10','0','登录成功','2020-02-12 14:19:49'),(129,'admin','127.0.0.1','内网IP','Chrome','Windows 10','0','登录成功','2020-02-12 14:25:49'),(130,'admin','127.0.0.1','内网IP','Chrome','Windows 10','0','登录成功','2020-02-12 14:31:53'),(131,'admin','127.0.0.1','内网IP','Chrome','Windows 10','1','验证码错误','2020-02-12 14:40:12'),(132,'admin','127.0.0.1','内网IP','Chrome','Windows 10','0','登录成功','2020-02-12 14:40:17'),(133,'admin','127.0.0.1','内网IP','Chrome','Windows 10','0','登录成功','2020-02-12 15:24:59'),(134,'admin','127.0.0.1','内网IP','Chrome','Windows 10','0','登录成功','2020-02-12 16:59:44'),(135,'admin','127.0.0.1','内网IP','Chrome','Windows 10','0','登录成功','2020-02-12 17:15:56'),(136,'admin','127.0.0.1','内网IP','Chrome','Windows 10','0','登录成功','2020-02-12 19:08:29'),(137,'admin','127.0.0.1','内网IP','Chrome','Windows 10','0','登录成功','2020-02-13 10:56:07'),(138,'admin','127.0.0.1','内网IP','Chrome','Windows 10','0','登录成功','2020-02-13 13:38:44'),(139,'admin','127.0.0.1','内网IP','Chrome','Windows 10','0','登录成功','2020-02-13 15:34:12'),(140,'admin','127.0.0.1','内网IP','Chrome','Windows 10','1','验证码错误','2020-02-13 19:22:18'),(141,'admin','127.0.0.1','内网IP','Chrome','Windows 10','0','登录成功','2020-02-13 19:22:23'),(142,'admin','127.0.0.1','内网IP','Chrome','Windows 10','0','退出成功','2020-02-13 19:23:13'),(143,'admin','127.0.0.1','内网IP','Chrome','Windows 10','0','登录成功','2020-02-13 19:42:27'),(144,'admin','127.0.0.1','内网IP','Chrome','Windows 10','0','登录成功','2020-02-14 09:55:20'),(145,'admin','127.0.0.1','内网IP','Chrome','Windows 10','0','登录成功','2020-02-14 10:43:23'),(146,'admin','127.0.0.1','内网IP','Chrome','Windows 10','1','验证码错误','2020-02-14 14:41:18'),(147,'admin','127.0.0.1','内网IP','Chrome','Windows 10','0','登录成功','2020-02-14 14:41:27'),(148,'admin','127.0.0.1','内网IP','Chrome','Windows 10','0','登录成功','2020-02-14 15:33:38'),(149,'admin','127.0.0.1','内网IP','Chrome','Windows 10','0','登录成功','2020-02-14 15:36:01'),(150,'admin','127.0.0.1','内网IP','Chrome','Windows 10','0','登录成功','2020-02-14 16:04:29'),(151,'admin','127.0.0.1','内网IP','Chrome','Windows 10','0','登录成功','2020-02-14 17:34:41'),(152,'admin','127.0.0.1','内网IP','Chrome','Windows 10','0','登录成功','2020-02-17 09:54:30'),(153,'admin','127.0.0.1','内网IP','Chrome','Windows 10','0','退出成功','2020-02-17 10:38:50'),(154,'admin','127.0.0.1','内网IP','Chrome','Windows 10','0','登录成功','2020-02-17 10:39:24'),(155,'admin','127.0.0.1','内网IP','Chrome','Windows 10','0','登录成功','2020-02-17 10:49:18'),(156,'admin','127.0.0.1','内网IP','Chrome','Windows 10','0','登录成功','2020-02-17 11:56:07'),(157,'admin','127.0.0.1','内网IP','Chrome','Windows 10','0','登录成功','2020-02-17 11:59:06'),(158,'admin','127.0.0.1','内网IP','Chrome','Windows 10','0','登录成功','2020-02-17 12:06:21'),(159,'admin','127.0.0.1','内网IP','Chrome','Windows 10','0','登录成功','2020-02-17 12:48:35'),(160,'admin','127.0.0.1','内网IP','Chrome','Windows 10','0','登录成功','2020-02-17 13:44:44'),(161,'admin','127.0.0.1','内网IP','Chrome','Windows 10','0','登录成功','2020-02-17 14:21:07'),(162,'admin','127.0.0.1','内网IP','Chrome','Windows 10','0','登录成功','2020-02-18 10:39:05'),(163,'admin','127.0.0.1','内网IP','Chrome','Windows 10','0','登录成功','2020-02-18 12:52:02'),(164,'admin','127.0.0.1','内网IP','Chrome','Windows 10','1','验证码错误','2020-02-20 11:18:14'),(165,'admin','127.0.0.1','内网IP','Chrome','Windows 10','0','登录成功','2020-02-20 11:18:17'),(166,'admin','127.0.0.1','内网IP','Chrome','Windows 10','1','验证码错误','2020-02-20 12:17:21'),(167,'admin','127.0.0.1','内网IP','Chrome','Windows 10','0','登录成功','2020-02-20 12:17:24'),(168,'admin','127.0.0.1','内网IP','Chrome','Windows 10','0','登录成功','2020-02-20 13:14:53'),(169,'admin','127.0.0.1','内网IP','Chrome','Windows 10','0','登录成功','2020-02-20 13:23:20'),(170,'admin','127.0.0.1','内网IP','Chrome','Windows 10','0','登录成功','2020-02-20 16:10:47'),(171,'admin','127.0.0.1','内网IP','Chrome','Windows 10','0','登录成功','2020-02-20 16:25:29'),(172,'admin','127.0.0.1','内网IP','Chrome','Windows 10','0','登录成功','2020-02-20 16:41:21'),(173,'admin','127.0.0.1','内网IP','Chrome','Windows 10','0','登录成功','2020-02-20 17:00:38'),(174,'admin','127.0.0.1','内网IP','Chrome','Windows 10','0','登录成功','2020-02-20 17:23:56'),(175,'admin','127.0.0.1','内网IP','Chrome','Windows 10','0','登录成功','2020-02-20 18:09:21'),(176,'admin','127.0.0.1','内网IP','Chrome','Windows 10','0','登录成功','2020-02-20 18:20:44'),(177,'admin','127.0.0.1','内网IP','Chrome','Windows 10','0','登录成功','2020-02-21 10:44:03'),(178,'admin','127.0.0.1','内网IP','Chrome','Windows 10','0','登录成功','2020-02-21 12:11:33'),(179,'admin','127.0.0.1','内网IP','Chrome','Windows 10','0','登录成功','2020-02-24 10:01:39'),(180,'admin','127.0.0.1','内网IP','Chrome','Windows 10','0','登录成功','2020-02-24 11:18:05'),(181,'admin','127.0.0.1','内网IP','Chrome','Windows 10','0','登录成功','2020-02-24 14:34:11'),(182,'admin','127.0.0.1','内网IP','Chrome','Windows 10','0','登录成功','2020-02-24 16:08:53'),(183,'admin','127.0.0.1','内网IP','Chrome','Windows 10','0','登录成功','2020-02-24 17:11:30'),(184,'admin','127.0.0.1','内网IP','Chrome','Windows 10','0','登录成功','2020-02-24 17:15:19'),(185,'admin','127.0.0.1','内网IP','Chrome','Windows 10','0','登录成功','2020-02-25 13:29:18'),(186,'admin','127.0.0.1','内网IP','Chrome','Windows 10','0','登录成功','2020-02-25 13:43:37'),(187,'admin','127.0.0.1','内网IP','Chrome','Windows 10','1','验证码错误','2020-02-25 14:16:43'),(188,'admin','127.0.0.1','内网IP','Chrome','Windows 10','0','登录成功','2020-02-25 14:16:47'),(189,'admin','127.0.0.1','内网IP','Chrome','Windows 10','0','登录成功','2020-02-25 14:52:12'),(190,'admin','127.0.0.1','内网IP','Chrome','Windows 10','0','登录成功','2020-02-25 14:55:28'),(191,'admin','127.0.0.1','内网IP','Chrome','Windows 10','0','登录成功','2020-02-25 15:02:16'),(192,'admin','127.0.0.1','内网IP','Chrome','Windows 10','0','登录成功','2020-02-27 16:28:03'),(193,'admin','127.0.0.1','内网IP','Chrome','Windows 10','0','退出成功','2020-02-27 16:39:24'),(194,'sbglya','127.0.0.1','内网IP','Chrome','Windows 10','0','登录成功','2020-02-27 16:39:34'),(195,'admin','127.0.0.1','内网IP','Chrome','Windows 10','0','登录成功','2020-02-27 16:44:56'),(196,'admin','127.0.0.1','内网IP','Chrome 8','Windows 10','0','登录成功','2020-02-28 13:25:27'),(197,'admin','127.0.0.1','内网IP','Chrome 8','Windows 10','0','登录成功','2020-02-28 14:13:19'),(198,'admin','127.0.0.1','内网IP','Chrome 8','Windows 10','0','登录成功','2020-02-28 14:22:02'),(199,'admin','127.0.0.1','内网IP','Chrome','Windows 10','0','登录成功','2020-03-02 08:58:34'),(200,'admin','127.0.0.1','内网IP','Chrome','Windows 10','0','登录成功','2020-03-02 09:21:49'),(201,'admin','127.0.0.1','内网IP','Chrome','Windows 10','0','登录成功','2020-03-02 09:36:53'),(202,'admin','127.0.0.1','内网IP','Chrome','Windows 10','0','登录成功','2020-03-02 09:46:50'),(203,'admin','127.0.0.1','内网IP','Chrome','Windows 10','0','登录成功','2020-03-02 10:35:25'),(204,'admin','127.0.0.1','内网IP','Chrome','Windows 10','0','登录成功','2020-03-02 11:57:40'),(205,'admin','127.0.0.1','内网IP','Chrome','Windows 10','0','登录成功','2020-03-02 12:42:05'),(206,'admin','127.0.0.1','内网IP','Chrome','Windows 10','0','登录成功','2020-03-02 13:17:16'),(207,'admin','127.0.0.1','内网IP','Chrome','Windows 10','0','登录成功','2020-03-03 10:20:34'),(208,'admin','127.0.0.1','内网IP','Chrome','Windows 10','0','登录成功','2020-03-03 10:27:28'),(209,'admin','127.0.0.1','内网IP','Chrome','Windows 10','0','登录成功','2020-03-03 10:36:28'),(210,'admin','127.0.0.1','内网IP','Chrome','Windows 10','0','登录成功','2020-03-03 12:34:47'),(211,'admin','127.0.0.1','内网IP','Chrome','Windows 10','0','登录成功','2020-03-04 09:10:10'),(212,'admin','127.0.0.1','内网IP','Chrome','Windows 10','0','登录成功','2020-03-04 10:31:57'),(213,'admin','127.0.0.1','内网IP','Chrome','Windows 10','0','登录成功','2020-03-04 10:34:28'),(214,'admin','127.0.0.1','内网IP','Chrome','Windows 10','0','登录成功','2020-03-04 10:46:44'),(215,'admin','127.0.0.1','内网IP','Chrome','Windows 10','0','登录成功','2020-03-04 10:47:47'),(216,'admin','127.0.0.1','内网IP','Chrome','Windows 10','0','登录成功','2020-03-04 10:54:20'),(217,'admin','127.0.0.1','内网IP','Chrome','Windows 10','0','登录成功','2020-03-04 10:56:06'),(218,'admin','127.0.0.1','内网IP','Chrome','Windows 10','0','登录成功','2020-03-05 13:05:19'),(219,'admin','127.0.0.1','内网IP','Chrome','Windows 10','0','登录成功','2020-03-05 15:35:54'),(220,'admin','127.0.0.1','内网IP','Chrome','Windows 10','0','登录成功','2020-03-06 08:26:08'),(221,'admin','127.0.0.1','内网IP','Chrome','Windows 10','0','登录成功','2020-03-06 09:31:15'),(222,'admin','127.0.0.1','内网IP','Chrome','Windows 10','0','登录成功','2020-03-06 14:24:43'),(223,'admin','127.0.0.1','内网IP','Chrome','Windows 10','0','登录成功','2020-03-06 15:32:23'),(224,'admin','127.0.0.1','内网IP','Chrome','Windows 10','0','登录成功','2020-03-09 14:21:11'),(225,'admin','127.0.0.1','内网IP','Chrome','Windows 10','0','登录成功','2020-03-09 14:37:11'),(226,'admin','127.0.0.1','内网IP','Chrome','Windows 10','0','登录成功','2020-03-09 14:41:33'),(227,'admin','127.0.0.1','内网IP','Chrome','Windows 10','0','登录成功','2020-03-09 17:06:38'),(228,'admin','127.0.0.1','内网IP','Chrome','Windows 10','0','登录成功','2020-03-10 09:25:52'),(229,'admin','127.0.0.1','内网IP','Chrome','Windows 10','1','验证码错误','2020-03-10 16:18:58'),(230,'admin','127.0.0.1','内网IP','Chrome','Windows 10','0','登录成功','2020-03-10 16:19:00'),(231,'admin','127.0.0.1','内网IP','Chrome','Windows 10','0','登录成功','2020-03-11 08:51:42'),(232,'admin','127.0.0.1','内网IP','Chrome','Windows 10','0','登录成功','2020-03-11 09:04:44'),(233,'admin','127.0.0.1','内网IP','Chrome','Windows 10','0','登录成功','2020-03-11 09:13:53'),(234,'admin','127.0.0.1','内网IP','Chrome','Windows 10','0','登录成功','2020-03-11 13:04:27'),(235,'admin','127.0.0.1','内网IP','Chrome','Windows 10','0','登录成功','2020-03-12 08:46:24'),(236,'admin','127.0.0.1','内网IP','Chrome','Windows 10','0','登录成功','2020-03-12 10:29:24'),(237,'admin','127.0.0.1','内网IP','Chrome','Windows 10','0','登录成功','2020-03-12 12:43:52'),(238,'admin','127.0.0.1','内网IP','Chrome','Windows 10','0','登录成功','2020-03-12 13:30:25'),(239,'admin','127.0.0.1','内网IP','Chrome','Windows 10','0','登录成功','2020-03-12 16:02:18');
/*!40000 ALTER TABLE `sys_logininfor` ENABLE KEYS */;
UNLOCK TABLES;

--
-- Table structure for table `sys_menu`
--

DROP TABLE IF EXISTS `sys_menu`;
/*!40101 SET @saved_cs_client     = @@character_set_client */;
/*!50503 SET character_set_client = utf8mb4 */;
CREATE TABLE `sys_menu` (
  `menu_id` bigint NOT NULL AUTO_INCREMENT COMMENT '菜单ID',
  `menu_name` varchar(50) NOT NULL COMMENT '菜单名称',
  `parent_id` bigint DEFAULT '0' COMMENT '父菜单ID',
  `order_num` int DEFAULT '0' COMMENT '显示顺序',
  `url` varchar(200) DEFAULT '#' COMMENT '请求地址',
  `target` varchar(20) DEFAULT '' COMMENT '打开方式（menuItem页签 menuBlank新窗口）',
  `menu_type` char(1) DEFAULT '' COMMENT '菜单类型（M目录 C菜单 F按钮）',
  `visible` char(1) DEFAULT '0' COMMENT '菜单状态（0显示 1隐藏）',
  `perms` varchar(100) DEFAULT NULL COMMENT '权限标识',
  `icon` varchar(100) DEFAULT '#' COMMENT '菜单图标',
  `create_by` varchar(64) DEFAULT '' COMMENT '创建者',
  `create_time` datetime DEFAULT NULL COMMENT '创建时间',
  `update_by` varchar(64) DEFAULT '' COMMENT '更新者',
  `update_time` datetime DEFAULT NULL COMMENT '更新时间',
  `remark` varchar(500) DEFAULT '' COMMENT '备注',
  PRIMARY KEY (`menu_id`)
) ENGINE=InnoDB AUTO_INCREMENT=2060 DEFAULT CHARSET=utf8 COMMENT='菜单权限表';
/*!40101 SET character_set_client = @saved_cs_client */;

--
-- Dumping data for table `sys_menu`
--

LOCK TABLES `sys_menu` WRITE;
/*!40000 ALTER TABLE `sys_menu` DISABLE KEYS */;
INSERT INTO `sys_menu` VALUES (1,'系统管理',0,1,'#','','M','0','','fa fa-gear','admin','2018-03-16 11:33:00','ry','2018-03-16 11:33:00','系统管理目录'),(2,'系统监控',0,2,'#','','M','0','','fa fa-video-camera','admin','2018-03-16 11:33:00','ry','2018-03-16 11:33:00','系统监控目录'),(3,'系统工具',0,3,'#','','M','0','','fa fa-bars','admin','2018-03-16 11:33:00','ry','2018-03-16 11:33:00','系统工具目录'),(100,'用户管理',1,1,'/system/user','','C','0','system:user:view','#','admin','2018-03-16 11:33:00','ry','2018-03-16 11:33:00','用户管理菜单'),(101,'角色管理',1,2,'/system/role','','C','0','system:role:view','#','admin','2018-03-16 11:33:00','ry','2018-03-16 11:33:00','角色管理菜单'),(102,'菜单管理',1,3,'/system/menu','','C','0','system:menu:view','#','admin','2018-03-16 11:33:00','ry','2018-03-16 11:33:00','菜单管理菜单'),(103,'部门管理',1,4,'/system/dept','','C','0','system:dept:view','#','admin','2018-03-16 11:33:00','ry','2018-03-16 11:33:00','部门管理菜单'),(104,'岗位管理',1,5,'/system/post','','C','0','system:post:view','#','admin','2018-03-16 11:33:00','ry','2018-03-16 11:33:00','岗位管理菜单'),(105,'字典管理',1,6,'/system/dict','','C','0','system:dict:view','#','admin','2018-03-16 11:33:00','ry','2018-03-16 11:33:00','字典管理菜单'),(106,'参数设置',1,7,'/system/config','','C','0','system:config:view','#','admin','2018-03-16 11:33:00','ry','2018-03-16 11:33:00','参数设置菜单'),(107,'通知公告',1,8,'/system/notice','','C','0','system:notice:view','#','admin','2018-03-16 11:33:00','ry','2018-03-16 11:33:00','通知公告菜单'),(108,'日志管理',1,9,'#','','M','0','','#','admin','2018-03-16 11:33:00','ry','2018-03-16 11:33:00','日志管理菜单'),(109,'在线用户',2,1,'/monitor/online','','C','0','monitor:online:view','#','admin','2018-03-16 11:33:00','ry','2018-03-16 11:33:00','在线用户菜单'),(110,'定时任务',2,2,'/monitor/job','','C','0','monitor:job:view','#','admin','2018-03-16 11:33:00','ry','2018-03-16 11:33:00','定时任务菜单'),(111,'数据监控',2,3,'/monitor/data','','C','0','monitor:data:view','#','admin','2018-03-16 11:33:00','ry','2018-03-16 11:33:00','数据监控菜单'),(112,'服务监控',2,3,'/monitor/server','','C','0','monitor:server:view','#','admin','2018-03-16 11:33:00','ry','2018-03-16 11:33:00','服务监控菜单'),(113,'表单构建',3,1,'/tool/build','','C','0','tool:build:view','#','admin','2018-03-16 11:33:00','ry','2018-03-16 11:33:00','表单构建菜单'),(114,'代码生成',3,2,'/tool/gen','','C','0','tool:gen:view','#','admin','2018-03-16 11:33:00','ry','2018-03-16 11:33:00','代码生成菜单'),(115,'系统接口',3,3,'/tool/swagger','','C','0','tool:swagger:view','#','admin','2018-03-16 11:33:00','ry','2018-03-16 11:33:00','系统接口菜单'),(500,'操作日志',108,1,'/monitor/operlog','','C','0','monitor:operlog:view','#','admin','2018-03-16 11:33:00','ry','2018-03-16 11:33:00','操作日志菜单'),(501,'登录日志',108,2,'/monitor/logininfor','','C','0','monitor:logininfor:view','#','admin','2018-03-16 11:33:00','ry','2018-03-16 11:33:00','登录日志菜单'),(1000,'用户查询',100,1,'#','','F','0','system:user:list','#','admin','2018-03-16 11:33:00','ry','2018-03-16 11:33:00',''),(1001,'用户新增',100,2,'#','','F','0','system:user:add','#','admin','2018-03-16 11:33:00','ry','2018-03-16 11:33:00',''),(1002,'用户修改',100,3,'#','','F','0','system:user:edit','#','admin','2018-03-16 11:33:00','ry','2018-03-16 11:33:00',''),(1003,'用户删除',100,4,'#','','F','0','system:user:remove','#','admin','2018-03-16 11:33:00','ry','2018-03-16 11:33:00',''),(1004,'用户导出',100,5,'#','','F','0','system:user:export','#','admin','2018-03-16 11:33:00','ry','2018-03-16 11:33:00',''),(1005,'用户导入',100,6,'#','','F','0','system:user:import','#','admin','2018-03-16 11:33:00','ry','2018-03-16 11:33:00',''),(1006,'重置密码',100,7,'#','','F','0','system:user:resetPwd','#','admin','2018-03-16 11:33:00','ry','2018-03-16 11:33:00',''),(1007,'角色查询',101,1,'#','','F','0','system:role:list','#','admin','2018-03-16 11:33:00','ry','2018-03-16 11:33:00',''),(1008,'角色新增',101,2,'#','','F','0','system:role:add','#','admin','2018-03-16 11:33:00','ry','2018-03-16 11:33:00',''),(1009,'角色修改',101,3,'#','','F','0','system:role:edit','#','admin','2018-03-16 11:33:00','ry','2018-03-16 11:33:00',''),(1010,'角色删除',101,4,'#','','F','0','system:role:remove','#','admin','2018-03-16 11:33:00','ry','2018-03-16 11:33:00',''),(1011,'角色导出',101,5,'#','','F','0','system:role:export','#','admin','2018-03-16 11:33:00','ry','2018-03-16 11:33:00',''),(1012,'菜单查询',102,1,'#','','F','0','system:menu:list','#','admin','2018-03-16 11:33:00','ry','2018-03-16 11:33:00',''),(1013,'菜单新增',102,2,'#','','F','0','system:menu:add','#','admin','2018-03-16 11:33:00','ry','2018-03-16 11:33:00',''),(1014,'菜单修改',102,3,'#','','F','0','system:menu:edit','#','admin','2018-03-16 11:33:00','ry','2018-03-16 11:33:00',''),(1015,'菜单删除',102,4,'#','','F','0','system:menu:remove','#','admin','2018-03-16 11:33:00','ry','2018-03-16 11:33:00',''),(1016,'部门查询',103,1,'#','','F','0','system:dept:list','#','admin','2018-03-16 11:33:00','ry','2018-03-16 11:33:00',''),(1017,'部门新增',103,2,'#','','F','0','system:dept:add','#','admin','2018-03-16 11:33:00','ry','2018-03-16 11:33:00',''),(1018,'部门修改',103,3,'#','','F','0','system:dept:edit','#','admin','2018-03-16 11:33:00','ry','2018-03-16 11:33:00',''),(1019,'部门删除',103,4,'#','','F','0','system:dept:remove','#','admin','2018-03-16 11:33:00','ry','2018-03-16 11:33:00',''),(1020,'岗位查询',104,1,'#','','F','0','system:post:list','#','admin','2018-03-16 11:33:00','ry','2018-03-16 11:33:00',''),(1021,'岗位新增',104,2,'#','','F','0','system:post:add','#','admin','2018-03-16 11:33:00','ry','2018-03-16 11:33:00',''),(1022,'岗位修改',104,3,'#','','F','0','system:post:edit','#','admin','2018-03-16 11:33:00','ry','2018-03-16 11:33:00',''),(1023,'岗位删除',104,4,'#','','F','0','system:post:remove','#','admin','2018-03-16 11:33:00','ry','2018-03-16 11:33:00',''),(1024,'岗位导出',104,5,'#','','F','0','system:post:export','#','admin','2018-03-16 11:33:00','ry','2018-03-16 11:33:00',''),(1025,'字典查询',105,1,'#','','F','0','system:dict:list','#','admin','2018-03-16 11:33:00','ry','2018-03-16 11:33:00',''),(1026,'字典新增',105,2,'#','','F','0','system:dict:add','#','admin','2018-03-16 11:33:00','ry','2018-03-16 11:33:00',''),(1027,'字典修改',105,3,'#','','F','0','system:dict:edit','#','admin','2018-03-16 11:33:00','ry','2018-03-16 11:33:00',''),(1028,'字典删除',105,4,'#','','F','0','system:dict:remove','#','admin','2018-03-16 11:33:00','ry','2018-03-16 11:33:00',''),(1029,'字典导出',105,5,'#','','F','0','system:dict:export','#','admin','2018-03-16 11:33:00','ry','2018-03-16 11:33:00',''),(1030,'参数查询',106,1,'#','','F','0','system:config:list','#','admin','2018-03-16 11:33:00','ry','2018-03-16 11:33:00',''),(1031,'参数新增',106,2,'#','','F','0','system:config:add','#','admin','2018-03-16 11:33:00','ry','2018-03-16 11:33:00',''),(1032,'参数修改',106,3,'#','','F','0','system:config:edit','#','admin','2018-03-16 11:33:00','ry','2018-03-16 11:33:00',''),(1033,'参数删除',106,4,'#','','F','0','system:config:remove','#','admin','2018-03-16 11:33:00','ry','2018-03-16 11:33:00',''),(1034,'参数导出',106,5,'#','','F','0','system:config:export','#','admin','2018-03-16 11:33:00','ry','2018-03-16 11:33:00',''),(1035,'公告查询',107,1,'#','','F','0','system:notice:list','#','admin','2018-03-16 11:33:00','ry','2018-03-16 11:33:00',''),(1036,'公告新增',107,2,'#','','F','0','system:notice:add','#','admin','2018-03-16 11:33:00','ry','2018-03-16 11:33:00',''),(1037,'公告修改',107,3,'#','','F','0','system:notice:edit','#','admin','2018-03-16 11:33:00','ry','2018-03-16 11:33:00',''),(1038,'公告删除',107,4,'#','','F','0','system:notice:remove','#','admin','2018-03-16 11:33:00','ry','2018-03-16 11:33:00',''),(1039,'操作查询',500,1,'#','','F','0','monitor:operlog:list','#','admin','2018-03-16 11:33:00','ry','2018-03-16 11:33:00',''),(1040,'操作删除',500,2,'#','','F','0','monitor:operlog:remove','#','admin','2018-03-16 11:33:00','ry','2018-03-16 11:33:00',''),(1041,'详细信息',500,3,'#','','F','0','monitor:operlog:detail','#','admin','2018-03-16 11:33:00','ry','2018-03-16 11:33:00',''),(1042,'日志导出',500,4,'#','','F','0','monitor:operlog:export','#','admin','2018-03-16 11:33:00','ry','2018-03-16 11:33:00',''),(1043,'登录查询',501,1,'#','','F','0','monitor:logininfor:list','#','admin','2018-03-16 11:33:00','ry','2018-03-16 11:33:00',''),(1044,'登录删除',501,2,'#','','F','0','monitor:logininfor:remove','#','admin','2018-03-16 11:33:00','ry','2018-03-16 11:33:00',''),(1045,'日志导出',501,3,'#','','F','0','monitor:logininfor:export','#','admin','2018-03-16 11:33:00','ry','2018-03-16 11:33:00',''),(1046,'账户解锁',501,4,'#','','F','0','monitor:logininfor:unlock','#','admin','2018-03-16 11:33:00','ry','2018-03-16 11:33:00',''),(1047,'在线查询',109,1,'#','','F','0','monitor:online:list','#','admin','2018-03-16 11:33:00','ry','2018-03-16 11:33:00',''),(1048,'批量强退',109,2,'#','','F','0','monitor:online:batchForceLogout','#','admin','2018-03-16 11:33:00','ry','2018-03-16 11:33:00',''),(1049,'单条强退',109,3,'#','','F','0','monitor:online:forceLogout','#','admin','2018-03-16 11:33:00','ry','2018-03-16 11:33:00',''),(1050,'任务查询',110,1,'#','','F','0','monitor:job:list','#','admin','2018-03-16 11:33:00','ry','2018-03-16 11:33:00',''),(1051,'任务新增',110,2,'#','','F','0','monitor:job:add','#','admin','2018-03-16 11:33:00','ry','2018-03-16 11:33:00',''),(1052,'任务修改',110,3,'#','','F','0','monitor:job:edit','#','admin','2018-03-16 11:33:00','ry','2018-03-16 11:33:00',''),(1053,'任务删除',110,4,'#','','F','0','monitor:job:remove','#','admin','2018-03-16 11:33:00','ry','2018-03-16 11:33:00',''),(1054,'状态修改',110,5,'#','','F','0','monitor:job:changeStatus','#','admin','2018-03-16 11:33:00','ry','2018-03-16 11:33:00',''),(1055,'任务详细',110,6,'#','','F','0','monitor:job:detail','#','admin','2018-03-16 11:33:00','ry','2018-03-16 11:33:00',''),(1056,'任务导出',110,7,'#','','F','0','monitor:job:export','#','admin','2018-03-16 11:33:00','ry','2018-03-16 11:33:00',''),(1057,'生成查询',114,1,'#','','F','0','tool:gen:list','#','admin','2018-03-16 11:33:00','ry','2018-03-16 11:33:00',''),(1058,'生成修改',114,2,'#','','F','0','tool:gen:edit','#','admin','2018-03-16 11:33:00','ry','2018-03-16 11:33:00',''),(1059,'生成删除',114,3,'#','','F','0','tool:gen:remove','#','admin','2018-03-16 11:33:00','ry','2018-03-16 11:33:00',''),(1060,'预览代码',114,4,'#','','F','0','tool:gen:preview','#','admin','2018-03-16 11:33:00','ry','2018-03-16 11:33:00',''),(1061,'生成代码',114,5,'#','','F','0','tool:gen:code','#','admin','2018-03-16 11:33:00','ry','2018-03-16 11:33:00',''),(2000,'设备分类',2006,1,'/equipment/equclass','','C','0','equipment:equclass:view','#','admin','2018-03-01 00:00:00','ry','2018-03-01 00:00:00','设备分类菜单'),(2001,'设备分类查询',2000,1,'#','','F','0','equipment:equclass:list','#','admin','2018-03-01 00:00:00','ry','2018-03-01 00:00:00',''),(2002,'设备分类新增',2000,2,'#','','F','0','equipment:equclass:add','#','admin','2018-03-01 00:00:00','ry','2018-03-01 00:00:00',''),(2003,'设备分类修改',2000,3,'#','','F','0','equipment:equclass:edit','#','admin','2018-03-01 00:00:00','ry','2018-03-01 00:00:00',''),(2004,'设备分类删除',2000,4,'#','','F','0','equipment:equclass:remove','#','admin','2018-03-01 00:00:00','ry','2018-03-01 00:00:00',''),(2006,'设备管理',0,4,'#','menuItem','M','0','','fa fa-window-maximize','admin','2020-02-11 15:04:02','admin','2020-02-11 15:06:10',''),(2007,'设备档案',2006,3,'/equipment/equcard','menuItem','C','0','equipment:equcard:view','#','admin','2018-03-01 00:00:00','admin','2020-03-05 14:01:57','设备档案菜单'),(2008,'设备档案查询',2007,1,'#','menuItem','F','0','equipment:equcard:list','#','admin','2018-03-01 00:00:00','admin','2020-02-14 10:36:20',''),(2009,'设备档案新增',2007,2,'#','','F','0','equipment:equcard:add','#','admin','2018-03-01 00:00:00','ry','2018-03-01 00:00:00',''),(2010,'设备档案修改',2007,3,'#','','F','0','equipment:equcard:edit','#','admin','2018-03-01 00:00:00','ry','2018-03-01 00:00:00',''),(2011,'设备档案删除',2007,4,'#','','F','0','equipment:equcard:remove','#','admin','2018-03-01 00:00:00','ry','2018-03-01 00:00:00',''),(2013,'设备供应商',2006,4,'/equipment/equsupplier','menuItem','C','0','equipment:equsupplier:view','#','admin','2018-03-01 00:00:00','admin','2020-03-05 14:02:21','设备供应商菜单'),(2014,'设备供应商查询',2013,1,'#','','F','0','equipment:equsupplier:list','#','admin','2018-03-01 00:00:00','ry','2018-03-01 00:00:00',''),(2015,'设备供应商新增',2013,2,'#','','F','0','equipment:equsupplier:add','#','admin','2018-03-01 00:00:00','ry','2018-03-01 00:00:00',''),(2016,'设备供应商修改',2013,3,'#','','F','0','equipment:equsupplier:edit','#','admin','2018-03-01 00:00:00','ry','2018-03-01 00:00:00',''),(2017,'设备供应商删除',2013,4,'#','','F','0','equipment:equsupplier:remove','#','admin','2018-03-01 00:00:00','ry','2018-03-01 00:00:00',''),(2018,'设备供应商导出',2013,5,'#','','F','0','equipment:equsupplier:export','#','admin','2018-03-01 00:00:00','ry','2018-03-01 00:00:00',''),(2019,'设备合同',2006,5,'/equipment/equcontract','menuItem','C','0','equipment:equcontract:view','#','admin','2018-03-01 00:00:00','admin','2020-03-05 14:02:09','设备合同菜单'),(2020,'设备合同查询',2019,1,'#','','F','0','equipment:equcontract:list','#','admin','2018-03-01 00:00:00','ry','2018-03-01 00:00:00',''),(2021,'设备合同新增',2019,2,'#','','F','0','equipment:equcontract:add','#','admin','2018-03-01 00:00:00','ry','2018-03-01 00:00:00',''),(2022,'设备合同修改',2019,3,'#','','F','0','equipment:equcontract:edit','#','admin','2018-03-01 00:00:00','ry','2018-03-01 00:00:00',''),(2023,'设备合同删除',2019,4,'#','','F','0','equipment:equcontract:remove','#','admin','2018-03-01 00:00:00','ry','2018-03-01 00:00:00',''),(2024,'设备合同导出',2019,5,'#','','F','0','equipment:equcontract:export','#','admin','2018-03-01 00:00:00','ry','2018-03-01 00:00:00',''),(2025,'报废报损',2006,6,'/equipment/equscrap','menuItem','C','0','equipment:equscrap:view','#','admin','2018-03-01 00:00:00','admin','2020-03-05 14:02:29','设备报废报损菜单'),(2026,'报废报损查询',2025,1,'#','','F','0','equipment:equscrap:list','#','admin','2018-03-01 00:00:00','ry','2018-03-01 00:00:00',''),(2027,'报废报损新增',2025,2,'#','','F','0','equipment:equscrap:add','#','admin','2018-03-01 00:00:00','ry','2018-03-01 00:00:00',''),(2028,'报废报损修改',2025,3,'#','','F','0','equipment:equscrap:edit','#','admin','2018-03-01 00:00:00','ry','2018-03-01 00:00:00',''),(2029,'报废报损删除',2025,4,'#','','F','0','equipment:equscrap:remove','#','admin','2018-03-01 00:00:00','ry','2018-03-01 00:00:00',''),(2030,'报废报损导出',2025,5,'#','','F','0','equipment:equscrap:export','#','admin','2018-03-01 00:00:00','ry','2018-03-01 00:00:00',''),(2031,'设备查询',2006,6,'/equipment/equcard/search','menuItem','C','0','equipmentequcard:search','#','admin','2020-02-25 13:31:55','admin','2020-02-25 13:32:45',''),(2032,'设备查询',2031,1,'#','menuItem','F','0','equipment:list:list','#','admin','2020-02-25 13:33:47','',NULL,''),(2033,'HT for Web',2006,8,'/equipment/equcard/HT','menuItem','C','0','','#','admin','2020-03-02 13:37:31','admin','2020-03-05 14:02:35',''),(2034,'设备所在区域',2006,2,'/equipment/equarea','menuItem','C','0','equipment:equarea:view','#','admin','2018-03-01 00:00:00','admin','2020-03-05 14:01:47','设备所在区域菜单'),(2035,'设备所在区域查询',2034,1,'#','','F','0','equipment:equarea:list','#','admin','2018-03-01 00:00:00','ry','2018-03-01 00:00:00',''),(2036,'设备所在区域新增',2034,2,'#','','F','0','equipment:equarea:add','#','admin','2018-03-01 00:00:00','ry','2018-03-01 00:00:00',''),(2037,'设备所在区域修改',2034,3,'#','','F','0','equipment:equarea:edit','#','admin','2018-03-01 00:00:00','ry','2018-03-01 00:00:00',''),(2038,'设备所在区域删除',2034,4,'#','','F','0','equipment:equarea:remove','#','admin','2018-03-01 00:00:00','ry','2018-03-01 00:00:00',''),(2039,'设备所在区域导出',2034,5,'#','','F','0','equipment:equarea:export','#','admin','2018-03-01 00:00:00','ry','2018-03-01 00:00:00',''),(2040,'位号管理',2007,5,'#','menuItem','F','0','equipment:equcard:channel','#','admin','2020-03-06 14:36:07','admin','2020-03-06 14:36:30',''),(2041,'维修管理',0,5,'#','menuItem','M','0',NULL,'fa fa-wrench','admin','2020-03-11 08:54:38','',NULL,''),(2042,'维修班组',2041,1,'/equipment/serteam','','C','0','equipment:serteam:view','#','admin','2018-03-01 00:00:00','ry','2018-03-01 00:00:00','维修班组菜单'),(2043,'维修班组查询',2042,1,'#','','F','0','equipment:serteam:list','#','admin','2018-03-01 00:00:00','ry','2018-03-01 00:00:00',''),(2044,'维修班组新增',2042,2,'#','','F','0','equipment:serteam:add','#','admin','2018-03-01 00:00:00','ry','2018-03-01 00:00:00',''),(2045,'维修班组修改',2042,3,'#','','F','0','equipment:serteam:edit','#','admin','2018-03-01 00:00:00','ry','2018-03-01 00:00:00',''),(2046,'维修班组删除',2042,4,'#','','F','0','equipment:serteam:remove','#','admin','2018-03-01 00:00:00','ry','2018-03-01 00:00:00',''),(2047,'维修班组导出',2042,5,'#','','F','0','equipment:serteam:export','#','admin','2018-03-01 00:00:00','ry','2018-03-01 00:00:00',''),(2048,'维修人员',2041,2,'/equipment/serstaff','','C','0','equipment:serstaff:view','#','admin','2018-03-01 00:00:00','ry','2018-03-01 00:00:00','维修人员菜单'),(2049,'维修人员查询',2048,1,'#','','F','0','equipment:serstaff:list','#','admin','2018-03-01 00:00:00','ry','2018-03-01 00:00:00',''),(2050,'维修人员新增',2048,2,'#','','F','0','equipment:serstaff:add','#','admin','2018-03-01 00:00:00','ry','2018-03-01 00:00:00',''),(2051,'维修人员修改',2048,3,'#','','F','0','equipment:serstaff:edit','#','admin','2018-03-01 00:00:00','ry','2018-03-01 00:00:00',''),(2052,'维修人员删除',2048,4,'#','','F','0','equipment:serstaff:remove','#','admin','2018-03-01 00:00:00','ry','2018-03-01 00:00:00',''),(2053,'维修人员导出',2048,5,'#','','F','0','equipment:serstaff:export','#','admin','2018-03-01 00:00:00','ry','2018-03-01 00:00:00',''),(2054,'维修分类',2041,3,'/equipment/serclass','','C','0','equipment:serclass:view','#','admin','2018-03-01 00:00:00','ry','2018-03-01 00:00:00','维修分类菜单'),(2055,'维修分类查询',2054,1,'#','','F','0','equipment:serclass:list','#','admin','2018-03-01 00:00:00','ry','2018-03-01 00:00:00',''),(2056,'维修分类新增',2054,2,'#','','F','0','equipment:serclass:add','#','admin','2018-03-01 00:00:00','ry','2018-03-01 00:00:00',''),(2057,'维修分类修改',2054,3,'#','','F','0','equipment:serclass:edit','#','admin','2018-03-01 00:00:00','ry','2018-03-01 00:00:00',''),(2058,'维修分类删除',2054,4,'#','','F','0','equipment:serclass:remove','#','admin','2018-03-01 00:00:00','ry','2018-03-01 00:00:00',''),(2059,'维修分类导出',2054,5,'#','','F','0','equipment:serclass:export','#','admin','2018-03-01 00:00:00','ry','2018-03-01 00:00:00','');
/*!40000 ALTER TABLE `sys_menu` ENABLE KEYS */;
UNLOCK TABLES;

--
-- Table structure for table `sys_notice`
--

DROP TABLE IF EXISTS `sys_notice`;
/*!40101 SET @saved_cs_client     = @@character_set_client */;
/*!50503 SET character_set_client = utf8mb4 */;
CREATE TABLE `sys_notice` (
  `notice_id` int NOT NULL AUTO_INCREMENT COMMENT '公告ID',
  `notice_title` varchar(50) NOT NULL COMMENT '公告标题',
  `notice_type` char(1) NOT NULL COMMENT '公告类型（1通知 2公告）',
  `notice_content` varchar(2000) DEFAULT NULL COMMENT '公告内容',
  `status` char(1) DEFAULT '0' COMMENT '公告状态（0正常 1关闭）',
  `create_by` varchar(64) DEFAULT '' COMMENT '创建者',
  `create_time` datetime DEFAULT NULL COMMENT '创建时间',
  `update_by` varchar(64) DEFAULT '' COMMENT '更新者',
  `update_time` datetime DEFAULT NULL COMMENT '更新时间',
  `remark` varchar(255) DEFAULT NULL COMMENT '备注',
  PRIMARY KEY (`notice_id`)
) ENGINE=InnoDB AUTO_INCREMENT=10 DEFAULT CHARSET=utf8 COMMENT='通知公告表';
/*!40101 SET character_set_client = @saved_cs_client */;

--
-- Dumping data for table `sys_notice`
--

LOCK TABLES `sys_notice` WRITE;
/*!40000 ALTER TABLE `sys_notice` DISABLE KEYS */;
INSERT INTO `sys_notice` VALUES (1,'温馨提醒：2018-07-01 若依新版本发布啦','2','新版本内容','0','admin','2018-03-16 11:33:00','ry','2018-03-16 11:33:00','管理员'),(2,'维护通知：2018-07-01 若依系统凌晨维护','1','维护内容','0','admin','2018-03-16 11:33:00','ry','2018-03-16 11:33:00','管理员');
/*!40000 ALTER TABLE `sys_notice` ENABLE KEYS */;
UNLOCK TABLES;

--
-- Table structure for table `sys_oper_log`
--

DROP TABLE IF EXISTS `sys_oper_log`;
/*!40101 SET @saved_cs_client     = @@character_set_client */;
/*!50503 SET character_set_client = utf8mb4 */;
CREATE TABLE `sys_oper_log` (
  `oper_id` bigint NOT NULL AUTO_INCREMENT COMMENT '日志主键',
  `title` varchar(50) DEFAULT '' COMMENT '模块标题',
  `business_type` int DEFAULT '0' COMMENT '业务类型（0其它 1新增 2修改 3删除）',
  `method` varchar(100) DEFAULT '' COMMENT '方法名称',
  `request_method` varchar(10) DEFAULT '' COMMENT '请求方式',
  `operator_type` int DEFAULT '0' COMMENT '操作类别（0其它 1后台用户 2手机端用户）',
  `oper_name` varchar(50) DEFAULT '' COMMENT '操作人员',
  `dept_name` varchar(50) DEFAULT '' COMMENT '部门名称',
  `oper_url` varchar(255) DEFAULT '' COMMENT '请求URL',
  `oper_ip` varchar(50) DEFAULT '' COMMENT '主机地址',
  `oper_location` varchar(255) DEFAULT '' COMMENT '操作地点',
  `oper_param` varchar(2000) DEFAULT '' COMMENT '请求参数',
  `json_result` varchar(2000) DEFAULT '' COMMENT '返回参数',
  `status` int DEFAULT '0' COMMENT '操作状态（0正常 1异常）',
  `error_msg` varchar(2000) DEFAULT '' COMMENT '错误消息',
  `oper_time` datetime DEFAULT NULL COMMENT '操作时间',
  PRIMARY KEY (`oper_id`)
) ENGINE=InnoDB AUTO_INCREMENT=550 DEFAULT CHARSET=utf8 COMMENT='操作日志记录';
/*!40101 SET character_set_client = @saved_cs_client */;

--
-- Dumping data for table `sys_oper_log`
--

LOCK TABLES `sys_oper_log` WRITE;
/*!40000 ALTER TABLE `sys_oper_log` DISABLE KEYS */;
INSERT INTO `sys_oper_log` VALUES (100,'部门管理',2,'com.ruoyi.web.controller.system.SysDeptController.editSave()','POST',1,'admin','研发部门','/system/dept/edit','127.0.0.1','内网IP','{\r\n  \"deptId\" : [ \"100\" ],\r\n  \"parentId\" : [ \"0\" ],\r\n  \"parentName\" : [ \"无\" ],\r\n  \"deptName\" : [ \"部门\" ],\r\n  \"orderNum\" : [ \"0\" ],\r\n  \"leader\" : [ \"\" ],\r\n  \"phone\" : [ \"\" ],\r\n  \"email\" : [ \"\" ],\r\n  \"status\" : [ \"0\" ]\r\n}','{\r\n  \"msg\" : \"操作成功\",\r\n  \"code\" : 0\r\n}',0,NULL,'2020-02-11 08:57:44'),(101,'部门管理',3,'com.ruoyi.web.controller.system.SysDeptController.remove()','GET',1,'admin','研发部门','/system/dept/remove/102','127.0.0.1','内网IP','{ }','{\r\n  \"msg\" : \"存在下级部门,不允许删除\",\r\n  \"code\" : 301\r\n}',0,NULL,'2020-02-11 08:58:10'),(102,'部门管理',3,'com.ruoyi.web.controller.system.SysDeptController.remove()','GET',1,'admin','研发部门','/system/dept/remove/109','127.0.0.1','内网IP','{ }','{\r\n  \"msg\" : \"操作成功\",\r\n  \"code\" : 0\r\n}',0,NULL,'2020-02-11 08:58:20'),(103,'部门管理',3,'com.ruoyi.web.controller.system.SysDeptController.remove()','GET',1,'admin','研发部门','/system/dept/remove/108','127.0.0.1','内网IP','{ }','{\r\n  \"msg\" : \"操作成功\",\r\n  \"code\" : 0\r\n}',0,NULL,'2020-02-11 08:58:24'),(104,'部门管理',3,'com.ruoyi.web.controller.system.SysDeptController.remove()','GET',1,'admin','研发部门','/system/dept/remove/102','127.0.0.1','内网IP','{ }','{\r\n  \"msg\" : \"操作成功\",\r\n  \"code\" : 0\r\n}',0,NULL,'2020-02-11 08:58:29'),(105,'部门管理',2,'com.ruoyi.web.controller.system.SysDeptController.editSave()','POST',1,'admin','研发部门','/system/dept/edit','127.0.0.1','内网IP','{\r\n  \"deptId\" : [ \"101\" ],\r\n  \"parentId\" : [ \"100\" ],\r\n  \"parentName\" : [ \"部门\" ],\r\n  \"deptName\" : [ \"设备管理部门\" ],\r\n  \"orderNum\" : [ \"1\" ],\r\n  \"leader\" : [ \"\" ],\r\n  \"phone\" : [ \"\" ],\r\n  \"email\" : [ \"\" ],\r\n  \"status\" : [ \"0\" ]\r\n}','{\r\n  \"msg\" : \"操作成功\",\r\n  \"code\" : 0\r\n}',0,NULL,'2020-02-11 09:03:04'),(106,'部门管理',2,'com.ruoyi.web.controller.system.SysDeptController.editSave()','POST',1,'admin','研发部门','/system/dept/edit','127.0.0.1','内网IP','{\r\n  \"deptId\" : [ \"100\" ],\r\n  \"parentId\" : [ \"0\" ],\r\n  \"parentName\" : [ \"无\" ],\r\n  \"deptName\" : [ \"部门列表\" ],\r\n  \"orderNum\" : [ \"0\" ],\r\n  \"leader\" : [ \"\" ],\r\n  \"phone\" : [ \"\" ],\r\n  \"email\" : [ \"\" ],\r\n  \"status\" : [ \"0\" ]\r\n}','{\r\n  \"msg\" : \"操作成功\",\r\n  \"code\" : 0\r\n}',0,NULL,'2020-02-11 09:04:18'),(107,'用户管理',2,'com.ruoyi.web.controller.system.SysUserController.editSave()','POST',1,'admin','研发部门','/system/user/edit','127.0.0.1','内网IP','{\r\n  \"userId\" : [ \"1\" ],\r\n  \"deptId\" : [ \"101\" ],\r\n  \"userName\" : [ \"超级管理员\" ],\r\n  \"dept.deptName\" : [ \"设备管理部门\" ],\r\n  \"phonenumber\" : [ \"15888888888\" ],\r\n  \"email\" : [ \"admin@163.com\" ],\r\n  \"loginName\" : [ \"admin\" ],\r\n  \"sex\" : [ \"2\" ],\r\n  \"role\" : [ \"1\" ],\r\n  \"remark\" : [ \"系统超级管理员\" ],\r\n  \"status\" : [ \"0\" ],\r\n  \"roleIds\" : [ \"1\" ],\r\n  \"postIds\" : [ \"\" ]\r\n}','null',1,'不允许操作超级管理员用户','2020-02-11 09:09:05'),(108,'用户管理',2,'com.ruoyi.web.controller.system.SysUserController.editSave()','POST',1,'admin','研发部门','/system/user/edit','127.0.0.1','内网IP','{\r\n  \"userId\" : [ \"2\" ],\r\n  \"deptId\" : [ \"105\" ],\r\n  \"userName\" : [ \"若依\" ],\r\n  \"dept.deptName\" : [ \"测试部门\" ],\r\n  \"phonenumber\" : [ \"15666666666\" ],\r\n  \"email\" : [ \"ry@qq.com\" ],\r\n  \"loginName\" : [ \"ry\" ],\r\n  \"sex\" : [ \"1\" ],\r\n  \"role\" : [ \"2\" ],\r\n  \"remark\" : [ \"测试员\" ],\r\n  \"status\" : [ \"0\" ],\r\n  \"roleIds\" : [ \"2\" ],\r\n  \"postIds\" : [ \"\" ]\r\n}','{\r\n  \"msg\" : \"操作成功\",\r\n  \"code\" : 0\r\n}',0,NULL,'2020-02-11 09:09:38'),(109,'代码生成',6,'com.ruoyi.generator.controller.GenController.importTableSave()','POST',1,'admin','研发部门','/tool/gen/importTable','127.0.0.1','内网IP','{\r\n  \"tables\" : [ \"equ_class\" ]\r\n}','{\r\n  \"msg\" : \"操作成功\",\r\n  \"code\" : 0\r\n}',0,NULL,'2020-02-11 14:05:48'),(110,'代码生成',8,'com.ruoyi.generator.controller.GenController.genCode()','GET',1,'admin','研发部门','/tool/gen/genCode/equ_class','127.0.0.1','内网IP','{ }','null',0,NULL,'2020-02-11 14:06:32'),(111,'代码生成',2,'com.ruoyi.generator.controller.GenController.editSave()','POST',1,'admin','研发部门','/tool/gen/edit','127.0.0.1','内网IP','{\r\n  \"tableId\" : [ \"1\" ],\r\n  \"tableName\" : [ \"equ_class\" ],\r\n  \"tableComment\" : [ \"设备分类表\" ],\r\n  \"className\" : [ \"EquClass\" ],\r\n  \"functionAuthor\" : [ \"liugang\" ],\r\n  \"remark\" : [ \"\" ],\r\n  \"columns[0].columnId\" : [ \"1\" ],\r\n  \"columns[0].sort\" : [ \"1\" ],\r\n  \"columns[0].columnComment\" : [ \"ID 主键\" ],\r\n  \"columns[0].javaType\" : [ \"Long\" ],\r\n  \"columns[0].javaField\" : [ \"classId\" ],\r\n  \"columns[0].isInsert\" : [ \"1\" ],\r\n  \"columns[0].queryType\" : [ \"EQ\" ],\r\n  \"columns[0].htmlType\" : [ \"input\" ],\r\n  \"columns[0].dictType\" : [ \"\" ],\r\n  \"columns[1].columnId\" : [ \"2\" ],\r\n  \"columns[1].sort\" : [ \"2\" ],\r\n  \"columns[1].columnComment\" : [ \"Guid guid\" ],\r\n  \"columns[1].javaType\" : [ \"String\" ],\r\n  \"columns[1].javaField\" : [ \"guid\" ],\r\n  \"columns[1].isInsert\" : [ \"1\" ],\r\n  \"columns[1].isEdit\" : [ \"1\" ],\r\n  \"columns[1].isList\" : [ \"1\" ],\r\n  \"columns[1].isQuery\" : [ \"1\" ],\r\n  \"columns[1].queryType\" : [ \"EQ\" ],\r\n  \"columns[1].isRequired\" : [ \"1\" ],\r\n  \"columns[1].htmlType\" : [ \"input\" ],\r\n  \"columns[1].dictType\" : [ \"\" ],\r\n  \"columns[2].columnId\" : [ \"3\" ],\r\n  \"columns[2].sort\" : [ \"3\" ],\r\n  \"columns[2].columnComment\" : [ \"父级ID 父级ID\" ],\r\n  \"columns[2].javaType\" : [ \"Long\" ],\r\n  \"columns[2].javaField\" : [ \"parentId\" ],\r\n  \"columns[2].isInsert\" : [ \"1\" ],\r\n  \"columns[2].isEdit\" : [ \"1\" ],\r\n  \"columns[2].isList\" : [ \"1\" ],\r\n  \"columns[2].isQuery\" : [ \"1\" ],\r\n  \"columns[2].queryType\" : [ \"EQ\" ],\r\n  \"columns[2].isRequired\" : [ \"1\" ],\r\n  \"columns[2].htmlType\" : [ \"input\" ],\r\n  \"columns[2].dictType\" : [ \"\" ],\r\n  \"columns[3].columnId\" : [ \"4\" ],\r\n  \"columns[3].sort\" : [ \"4\" ],\r\n  \"columns[3].columnComment\" : [ \"祖级列表 祖级列表\" ],\r\n  \"columns[3].javaType\" : [ \"String\" ],\r\n  \"columns[3].javaField\" : [ \"ancestors\" ],\r\n  \"columns[3].isInsert\" : [ \"1\" ],\r\n  \"columns[3].isEdit\" : [ \"1\" ],\r\n  \"columns[3].isList\" : [ \"1\" ],\r\n  \"columns[3].isQuery\" : [ \"1\" ],\r\n  \"columns[3].queryType\" : [ \"EQ\" ],\r\n  \"columns[3].isRequired\" : [ \"1\" ],\r\n  \"columns[3].htmlType\" : [ \"input\" ],\r\n  \"columns[3].dictType\" : [ \"\" ],\r','{\r\n  \"msg\" : \"操作成功\",\r\n  \"code\" : 0\r\n}',0,NULL,'2020-02-11 14:14:18'),(112,'代码生成',8,'com.ruoyi.generator.controller.GenController.genCode()','GET',1,'admin','研发部门','/tool/gen/genCode/equ_class','127.0.0.1','内网IP','{ }','null',0,NULL,'2020-02-11 14:14:47'),(113,'代码生成',2,'com.ruoyi.generator.controller.GenController.editSave()','POST',1,'admin','研发部门','/tool/gen/edit','127.0.0.1','内网IP','{\r\n  \"tableId\" : [ \"1\" ],\r\n  \"tableName\" : [ \"equ_class\" ],\r\n  \"tableComment\" : [ \"设备分类表\" ],\r\n  \"className\" : [ \"EquClass\" ],\r\n  \"functionAuthor\" : [ \"liugang\" ],\r\n  \"remark\" : [ \"\" ],\r\n  \"columns[0].columnId\" : [ \"1\" ],\r\n  \"columns[0].sort\" : [ \"1\" ],\r\n  \"columns[0].columnComment\" : [ \"ID 主键\" ],\r\n  \"columns[0].javaType\" : [ \"Long\" ],\r\n  \"columns[0].javaField\" : [ \"classId\" ],\r\n  \"columns[0].isInsert\" : [ \"1\" ],\r\n  \"columns[0].queryType\" : [ \"EQ\" ],\r\n  \"columns[0].htmlType\" : [ \"input\" ],\r\n  \"columns[0].dictType\" : [ \"\" ],\r\n  \"columns[1].columnId\" : [ \"2\" ],\r\n  \"columns[1].sort\" : [ \"2\" ],\r\n  \"columns[1].columnComment\" : [ \"Guid guid\" ],\r\n  \"columns[1].javaType\" : [ \"String\" ],\r\n  \"columns[1].javaField\" : [ \"guid\" ],\r\n  \"columns[1].isInsert\" : [ \"1\" ],\r\n  \"columns[1].isEdit\" : [ \"1\" ],\r\n  \"columns[1].isList\" : [ \"1\" ],\r\n  \"columns[1].isQuery\" : [ \"1\" ],\r\n  \"columns[1].queryType\" : [ \"EQ\" ],\r\n  \"columns[1].isRequired\" : [ \"1\" ],\r\n  \"columns[1].htmlType\" : [ \"input\" ],\r\n  \"columns[1].dictType\" : [ \"\" ],\r\n  \"columns[2].columnId\" : [ \"3\" ],\r\n  \"columns[2].sort\" : [ \"3\" ],\r\n  \"columns[2].columnComment\" : [ \"父级ID 父级ID\" ],\r\n  \"columns[2].javaType\" : [ \"Long\" ],\r\n  \"columns[2].javaField\" : [ \"parentId\" ],\r\n  \"columns[2].isInsert\" : [ \"1\" ],\r\n  \"columns[2].isEdit\" : [ \"1\" ],\r\n  \"columns[2].isList\" : [ \"1\" ],\r\n  \"columns[2].isQuery\" : [ \"1\" ],\r\n  \"columns[2].queryType\" : [ \"EQ\" ],\r\n  \"columns[2].isRequired\" : [ \"1\" ],\r\n  \"columns[2].htmlType\" : [ \"input\" ],\r\n  \"columns[2].dictType\" : [ \"\" ],\r\n  \"columns[3].columnId\" : [ \"4\" ],\r\n  \"columns[3].sort\" : [ \"4\" ],\r\n  \"columns[3].columnComment\" : [ \"祖级列表 祖级列表\" ],\r\n  \"columns[3].javaType\" : [ \"String\" ],\r\n  \"columns[3].javaField\" : [ \"ancestors\" ],\r\n  \"columns[3].isInsert\" : [ \"1\" ],\r\n  \"columns[3].isEdit\" : [ \"1\" ],\r\n  \"columns[3].isList\" : [ \"1\" ],\r\n  \"columns[3].isQuery\" : [ \"1\" ],\r\n  \"columns[3].queryType\" : [ \"EQ\" ],\r\n  \"columns[3].isRequired\" : [ \"1\" ],\r\n  \"columns[3].htmlType\" : [ \"input\" ],\r\n  \"columns[3].dictType\" : [ \"\" ],\r','{\r\n  \"msg\" : \"操作成功\",\r\n  \"code\" : 0\r\n}',0,NULL,'2020-02-11 14:20:04'),(114,'代码生成',2,'com.ruoyi.generator.controller.GenController.editSave()','POST',1,'admin','研发部门','/tool/gen/edit','127.0.0.1','内网IP','{\r\n  \"tableId\" : [ \"1\" ],\r\n  \"tableName\" : [ \"equ_class\" ],\r\n  \"tableComment\" : [ \"设备分类表\" ],\r\n  \"className\" : [ \"EquClass\" ],\r\n  \"functionAuthor\" : [ \"liugang\" ],\r\n  \"remark\" : [ \"\" ],\r\n  \"columns[0].columnId\" : [ \"1\" ],\r\n  \"columns[0].sort\" : [ \"1\" ],\r\n  \"columns[0].columnComment\" : [ \"ID 主键\" ],\r\n  \"columns[0].javaType\" : [ \"Long\" ],\r\n  \"columns[0].javaField\" : [ \"classId\" ],\r\n  \"columns[0].isInsert\" : [ \"1\" ],\r\n  \"columns[0].queryType\" : [ \"EQ\" ],\r\n  \"columns[0].htmlType\" : [ \"input\" ],\r\n  \"columns[0].dictType\" : [ \"\" ],\r\n  \"columns[1].columnId\" : [ \"2\" ],\r\n  \"columns[1].sort\" : [ \"2\" ],\r\n  \"columns[1].columnComment\" : [ \"Guid guid\" ],\r\n  \"columns[1].javaType\" : [ \"String\" ],\r\n  \"columns[1].javaField\" : [ \"guid\" ],\r\n  \"columns[1].isInsert\" : [ \"1\" ],\r\n  \"columns[1].isEdit\" : [ \"1\" ],\r\n  \"columns[1].isList\" : [ \"1\" ],\r\n  \"columns[1].isQuery\" : [ \"1\" ],\r\n  \"columns[1].queryType\" : [ \"EQ\" ],\r\n  \"columns[1].isRequired\" : [ \"1\" ],\r\n  \"columns[1].htmlType\" : [ \"input\" ],\r\n  \"columns[1].dictType\" : [ \"\" ],\r\n  \"columns[2].columnId\" : [ \"3\" ],\r\n  \"columns[2].sort\" : [ \"3\" ],\r\n  \"columns[2].columnComment\" : [ \"父级ID 父级ID\" ],\r\n  \"columns[2].javaType\" : [ \"Long\" ],\r\n  \"columns[2].javaField\" : [ \"parentId\" ],\r\n  \"columns[2].isInsert\" : [ \"1\" ],\r\n  \"columns[2].isEdit\" : [ \"1\" ],\r\n  \"columns[2].isList\" : [ \"1\" ],\r\n  \"columns[2].isQuery\" : [ \"1\" ],\r\n  \"columns[2].queryType\" : [ \"EQ\" ],\r\n  \"columns[2].isRequired\" : [ \"1\" ],\r\n  \"columns[2].htmlType\" : [ \"input\" ],\r\n  \"columns[2].dictType\" : [ \"\" ],\r\n  \"columns[3].columnId\" : [ \"4\" ],\r\n  \"columns[3].sort\" : [ \"4\" ],\r\n  \"columns[3].columnComment\" : [ \"祖级列表 祖级列表\" ],\r\n  \"columns[3].javaType\" : [ \"String\" ],\r\n  \"columns[3].javaField\" : [ \"ancestors\" ],\r\n  \"columns[3].isInsert\" : [ \"1\" ],\r\n  \"columns[3].isEdit\" : [ \"1\" ],\r\n  \"columns[3].isList\" : [ \"1\" ],\r\n  \"columns[3].isQuery\" : [ \"1\" ],\r\n  \"columns[3].queryType\" : [ \"EQ\" ],\r\n  \"columns[3].isRequired\" : [ \"1\" ],\r\n  \"columns[3].htmlType\" : [ \"input\" ],\r\n  \"columns[3].dictType\" : [ \"\" ],\r','{\r\n  \"msg\" : \"操作成功\",\r\n  \"code\" : 0\r\n}',0,NULL,'2020-02-11 14:20:24'),(115,'代码生成',8,'com.ruoyi.generator.controller.GenController.genCode()','GET',1,'admin','研发部门','/tool/gen/genCode/equ_class','127.0.0.1','内网IP','{ }','null',0,NULL,'2020-02-11 14:20:27'),(116,'代码生成',2,'com.ruoyi.generator.controller.GenController.editSave()','POST',1,'admin','研发部门','/tool/gen/edit','127.0.0.1','内网IP','{\r\n  \"tableId\" : [ \"1\" ],\r\n  \"tableName\" : [ \"equ_class\" ],\r\n  \"tableComment\" : [ \"设备分类表\" ],\r\n  \"className\" : [ \"EquClass\" ],\r\n  \"functionAuthor\" : [ \"liugang\" ],\r\n  \"remark\" : [ \"\" ],\r\n  \"columns[0].columnId\" : [ \"1\" ],\r\n  \"columns[0].sort\" : [ \"1\" ],\r\n  \"columns[0].columnComment\" : [ \"ID 主键\" ],\r\n  \"columns[0].javaType\" : [ \"Long\" ],\r\n  \"columns[0].javaField\" : [ \"classId\" ],\r\n  \"columns[0].isInsert\" : [ \"1\" ],\r\n  \"columns[0].queryType\" : [ \"EQ\" ],\r\n  \"columns[0].htmlType\" : [ \"input\" ],\r\n  \"columns[0].dictType\" : [ \"\" ],\r\n  \"columns[1].columnId\" : [ \"2\" ],\r\n  \"columns[1].sort\" : [ \"2\" ],\r\n  \"columns[1].columnComment\" : [ \"Guid guid\" ],\r\n  \"columns[1].javaType\" : [ \"String\" ],\r\n  \"columns[1].javaField\" : [ \"guid\" ],\r\n  \"columns[1].isInsert\" : [ \"1\" ],\r\n  \"columns[1].isEdit\" : [ \"1\" ],\r\n  \"columns[1].isList\" : [ \"1\" ],\r\n  \"columns[1].isQuery\" : [ \"1\" ],\r\n  \"columns[1].queryType\" : [ \"EQ\" ],\r\n  \"columns[1].isRequired\" : [ \"1\" ],\r\n  \"columns[1].htmlType\" : [ \"input\" ],\r\n  \"columns[1].dictType\" : [ \"\" ],\r\n  \"columns[2].columnId\" : [ \"3\" ],\r\n  \"columns[2].sort\" : [ \"3\" ],\r\n  \"columns[2].columnComment\" : [ \"父级ID 父级ID\" ],\r\n  \"columns[2].javaType\" : [ \"Long\" ],\r\n  \"columns[2].javaField\" : [ \"parentId\" ],\r\n  \"columns[2].isInsert\" : [ \"1\" ],\r\n  \"columns[2].isEdit\" : [ \"1\" ],\r\n  \"columns[2].isList\" : [ \"1\" ],\r\n  \"columns[2].isQuery\" : [ \"1\" ],\r\n  \"columns[2].queryType\" : [ \"EQ\" ],\r\n  \"columns[2].isRequired\" : [ \"1\" ],\r\n  \"columns[2].htmlType\" : [ \"input\" ],\r\n  \"columns[2].dictType\" : [ \"\" ],\r\n  \"columns[3].columnId\" : [ \"4\" ],\r\n  \"columns[3].sort\" : [ \"4\" ],\r\n  \"columns[3].columnComment\" : [ \"祖级列表 祖级列表\" ],\r\n  \"columns[3].javaType\" : [ \"String\" ],\r\n  \"columns[3].javaField\" : [ \"ancestors\" ],\r\n  \"columns[3].isInsert\" : [ \"1\" ],\r\n  \"columns[3].isEdit\" : [ \"1\" ],\r\n  \"columns[3].isList\" : [ \"1\" ],\r\n  \"columns[3].isQuery\" : [ \"1\" ],\r\n  \"columns[3].queryType\" : [ \"EQ\" ],\r\n  \"columns[3].isRequired\" : [ \"1\" ],\r\n  \"columns[3].htmlType\" : [ \"input\" ],\r\n  \"columns[3].dictType\" : [ \"\" ],\r','{\r\n  \"msg\" : \"操作成功\",\r\n  \"code\" : 0\r\n}',0,NULL,'2020-02-11 14:39:25'),(117,'代码生成',8,'com.ruoyi.generator.controller.GenController.genCode()','GET',1,'admin','研发部门','/tool/gen/genCode/equ_class','127.0.0.1','内网IP','{ }','null',0,NULL,'2020-02-11 14:39:28'),(118,'菜单管理',1,'com.ruoyi.web.controller.system.SysMenuController.addSave()','POST',1,'admin','研发部门','/system/menu/add','127.0.0.1','内网IP','{\r\n  \"parentId\" : [ \"0\" ],\r\n  \"menuType\" : [ \"M\" ],\r\n  \"menuName\" : [ \"业务系统\" ],\r\n  \"url\" : [ \"\" ],\r\n  \"target\" : [ \"menuItem\" ],\r\n  \"perms\" : [ \"\" ],\r\n  \"orderNum\" : [ \"4\" ],\r\n  \"icon\" : [ \"fa fa-building\" ],\r\n  \"visible\" : [ \"0\" ]\r\n}','{\r\n  \"msg\" : \"操作成功\",\r\n  \"code\" : 0\r\n}',0,NULL,'2020-02-11 15:04:03'),(119,'菜单管理',2,'com.ruoyi.web.controller.system.SysMenuController.editSave()','POST',1,'admin','研发部门','/system/menu/edit','127.0.0.1','内网IP','{\r\n  \"menuId\" : [ \"2006\" ],\r\n  \"parentId\" : [ \"0\" ],\r\n  \"menuType\" : [ \"M\" ],\r\n  \"menuName\" : [ \"设备管理\" ],\r\n  \"url\" : [ \"#\" ],\r\n  \"target\" : [ \"menuItem\" ],\r\n  \"perms\" : [ \"\" ],\r\n  \"orderNum\" : [ \"4\" ],\r\n  \"icon\" : [ \"fa fa-building\" ],\r\n  \"visible\" : [ \"0\" ]\r\n}','{\r\n  \"msg\" : \"操作成功\",\r\n  \"code\" : 0\r\n}',0,NULL,'2020-02-11 15:05:35'),(120,'菜单管理',2,'com.ruoyi.web.controller.system.SysMenuController.editSave()','POST',1,'admin','研发部门','/system/menu/edit','127.0.0.1','内网IP','{\r\n  \"menuId\" : [ \"2006\" ],\r\n  \"parentId\" : [ \"0\" ],\r\n  \"menuType\" : [ \"M\" ],\r\n  \"menuName\" : [ \"设备管理\" ],\r\n  \"url\" : [ \"#\" ],\r\n  \"target\" : [ \"menuItem\" ],\r\n  \"perms\" : [ \"\" ],\r\n  \"orderNum\" : [ \"4\" ],\r\n  \"icon\" : [ \"fa fa-window-maximize\" ],\r\n  \"visible\" : [ \"0\" ]\r\n}','{\r\n  \"msg\" : \"操作成功\",\r\n  \"code\" : 0\r\n}',0,NULL,'2020-02-11 15:06:10'),(121,'用户管理',2,'com.ruoyi.web.controller.system.SysUserController.editSave()','POST',1,'admin','研发部门','/system/user/edit','127.0.0.1','内网IP','{\r\n  \"userId\" : [ \"2\" ],\r\n  \"deptId\" : [ \"101\" ],\r\n  \"userName\" : [ \"设备管理员A\" ],\r\n  \"dept.deptName\" : [ \"设备管理部门\" ],\r\n  \"phonenumber\" : [ \"15666666666\" ],\r\n  \"email\" : [ \"shglyya@qq.com\" ],\r\n  \"loginName\" : [ \"ry\" ],\r\n  \"sex\" : [ \"0\" ],\r\n  \"role\" : [ \"2\" ],\r\n  \"remark\" : [ \"设备管理员A\" ],\r\n  \"status\" : [ \"0\" ],\r\n  \"roleIds\" : [ \"2\" ],\r\n  \"postIds\" : [ \"\" ]\r\n}','{\r\n  \"msg\" : \"操作成功\",\r\n  \"code\" : 0\r\n}',0,NULL,'2020-02-11 15:08:48'),(122,'角色管理',4,'com.ruoyi.web.controller.system.SysRoleController.cancelAuthUser()','POST',1,'admin','研发部门','/system/role/authUser/cancel','127.0.0.1','内网IP','{\r\n  \"roleId\" : [ \"2\" ],\r\n  \"userId\" : [ \"2\" ]\r\n}','{\r\n  \"msg\" : \"操作成功\",\r\n  \"code\" : 0\r\n}',0,NULL,'2020-02-11 15:10:46'),(123,'角色管理',1,'com.ruoyi.web.controller.system.SysRoleController.addSave()','POST',1,'admin','研发部门','/system/role/add','127.0.0.1','内网IP','{\r\n  \"roleName\" : [ \"设备管理员\" ],\r\n  \"roleKey\" : [ \"euqadmin\" ],\r\n  \"roleSort\" : [ \"3\" ],\r\n  \"status\" : [ \"0\" ],\r\n  \"remark\" : [ \"\" ],\r\n  \"menuIds\" : [ \"\" ]\r\n}','{\r\n  \"msg\" : \"操作成功\",\r\n  \"code\" : 0\r\n}',0,NULL,'2020-02-11 15:12:26'),(124,'菜单管理',3,'com.ruoyi.web.controller.system.SysMenuController.remove()','GET',1,'admin','研发部门','/system/menu/remove/2005','127.0.0.1','内网IP','{ }','{\r\n  \"msg\" : \"操作成功\",\r\n  \"code\" : 0\r\n}',0,NULL,'2020-02-11 15:12:42'),(125,'角色管理',4,'com.ruoyi.web.controller.system.SysRoleController.selectAuthUserAll()','POST',1,'admin','研发部门','/system/role/authUser/selectAll','127.0.0.1','内网IP','{\r\n  \"roleId\" : [ \"100\" ],\r\n  \"userIds\" : [ \"2\" ]\r\n}','{\r\n  \"msg\" : \"操作成功\",\r\n  \"code\" : 0\r\n}',0,NULL,'2020-02-11 15:12:54'),(126,'角色管理',2,'com.ruoyi.web.controller.system.SysRoleController.editSave()','POST',1,'admin','研发部门','/system/role/edit','127.0.0.1','内网IP','{\r\n  \"roleId\" : [ \"100\" ],\r\n  \"roleName\" : [ \"设备管理员\" ],\r\n  \"roleKey\" : [ \"euqadmin\" ],\r\n  \"roleSort\" : [ \"3\" ],\r\n  \"status\" : [ \"0\" ],\r\n  \"remark\" : [ \"\" ],\r\n  \"menuIds\" : [ \"2006,2000,2001,2002,2003,2004\" ]\r\n}','{\r\n  \"msg\" : \"操作成功\",\r\n  \"code\" : 0\r\n}',0,NULL,'2020-02-11 15:13:22'),(127,'重置密码',2,'com.ruoyi.web.controller.system.SysUserController.resetPwd()','GET',1,'admin','设备管理部门','/system/user/resetPwd/2','127.0.0.1','内网IP','{ }','\"system/user/resetPwd\"',0,NULL,'2020-02-11 15:16:18'),(128,'重置密码',2,'com.ruoyi.web.controller.system.SysUserController.resetPwdSave()','POST',1,'admin','设备管理部门','/system/user/resetPwd','127.0.0.1','内网IP','{\r\n  \"userId\" : [ \"2\" ],\r\n  \"loginName\" : [ \"sbglya\" ],\r\n  \"password\" : [ \"sbglya\" ]\r\n}','{\r\n  \"msg\" : \"操作成功\",\r\n  \"code\" : 0\r\n}',0,NULL,'2020-02-11 15:16:28'),(129,'代码生成',3,'com.ruoyi.generator.controller.GenController.remove()','POST',1,'admin','设备管理部门','/tool/gen/remove','127.0.0.1','内网IP','{\r\n  \"ids\" : [ \"1\" ]\r\n}','{\r\n  \"msg\" : \"操作成功\",\r\n  \"code\" : 0\r\n}',0,NULL,'2020-02-11 16:02:08'),(130,'代码生成',6,'com.ruoyi.generator.controller.GenController.importTableSave()','POST',1,'admin','设备管理部门','/tool/gen/importTable','127.0.0.1','内网IP','{\r\n  \"tables\" : [ \"equ_class\" ]\r\n}','{\r\n  \"msg\" : \"操作成功\",\r\n  \"code\" : 0\r\n}',0,NULL,'2020-02-11 16:02:18'),(131,'代码生成',2,'com.ruoyi.generator.controller.GenController.editSave()','POST',1,'admin','设备管理部门','/tool/gen/edit','127.0.0.1','内网IP','{\r\n  \"tableId\" : [ \"2\" ],\r\n  \"tableName\" : [ \"equ_class\" ],\r\n  \"tableComment\" : [ \"设备分类表 \" ],\r\n  \"className\" : [ \"EquClass\" ],\r\n  \"functionAuthor\" : [ \"ruoyi\" ],\r\n  \"remark\" : [ \"\" ],\r\n  \"columns[0].columnId\" : [ \"13\" ],\r\n  \"columns[0].sort\" : [ \"1\" ],\r\n  \"columns[0].columnComment\" : [ \"ID 主键\" ],\r\n  \"columns[0].javaType\" : [ \"Long\" ],\r\n  \"columns[0].javaField\" : [ \"classId\" ],\r\n  \"columns[0].isInsert\" : [ \"1\" ],\r\n  \"columns[0].queryType\" : [ \"EQ\" ],\r\n  \"columns[0].htmlType\" : [ \"input\" ],\r\n  \"columns[0].dictType\" : [ \"\" ],\r\n  \"columns[1].columnId\" : [ \"14\" ],\r\n  \"columns[1].sort\" : [ \"2\" ],\r\n  \"columns[1].columnComment\" : [ \"Guid\" ],\r\n  \"columns[1].javaType\" : [ \"String\" ],\r\n  \"columns[1].javaField\" : [ \"classGuid\" ],\r\n  \"columns[1].isInsert\" : [ \"1\" ],\r\n  \"columns[1].isEdit\" : [ \"1\" ],\r\n  \"columns[1].isList\" : [ \"1\" ],\r\n  \"columns[1].isQuery\" : [ \"1\" ],\r\n  \"columns[1].queryType\" : [ \"EQ\" ],\r\n  \"columns[1].isRequired\" : [ \"1\" ],\r\n  \"columns[1].htmlType\" : [ \"input\" ],\r\n  \"columns[1].dictType\" : [ \"\" ],\r\n  \"columns[2].columnId\" : [ \"15\" ],\r\n  \"columns[2].sort\" : [ \"3\" ],\r\n  \"columns[2].columnComment\" : [ \"父级ID\" ],\r\n  \"columns[2].javaType\" : [ \"Long\" ],\r\n  \"columns[2].javaField\" : [ \"parentId\" ],\r\n  \"columns[2].isInsert\" : [ \"1\" ],\r\n  \"columns[2].isEdit\" : [ \"1\" ],\r\n  \"columns[2].isList\" : [ \"1\" ],\r\n  \"columns[2].isQuery\" : [ \"1\" ],\r\n  \"columns[2].queryType\" : [ \"EQ\" ],\r\n  \"columns[2].isRequired\" : [ \"1\" ],\r\n  \"columns[2].htmlType\" : [ \"input\" ],\r\n  \"columns[2].dictType\" : [ \"\" ],\r\n  \"columns[3].columnId\" : [ \"16\" ],\r\n  \"columns[3].sort\" : [ \"4\" ],\r\n  \"columns[3].columnComment\" : [ \"祖级列表\" ],\r\n  \"columns[3].javaType\" : [ \"String\" ],\r\n  \"columns[3].javaField\" : [ \"ancestors\" ],\r\n  \"columns[3].isInsert\" : [ \"1\" ],\r\n  \"columns[3].isEdit\" : [ \"1\" ],\r\n  \"columns[3].isList\" : [ \"1\" ],\r\n  \"columns[3].isQuery\" : [ \"1\" ],\r\n  \"columns[3].queryType\" : [ \"EQ\" ],\r\n  \"columns[3].isRequired\" : [ \"1\" ],\r\n  \"columns[3].htmlType\" : [ \"input\" ],\r\n  \"columns[3].dictType\" : [ \"\" ],\r\n  \"col','{\r\n  \"msg\" : \"操作成功\",\r\n  \"code\" : 0\r\n}',0,NULL,'2020-02-11 16:03:38'),(132,'代码生成',8,'com.ruoyi.generator.controller.GenController.genCode()','GET',1,'admin','设备管理部门','/tool/gen/genCode/equ_class','127.0.0.1','内网IP','{ }','null',0,NULL,'2020-02-11 16:04:27'),(133,'设备分类',1,'com.ruoyi.web.controller.system.EquClassController.addSave()','POST',1,'admin','设备管理部门','/system/equclass/add','127.0.0.1','内网IP','{\r\n  \"parentId\" : [ \"1\" ],\r\n  \"className\" : [ \"机电运行设备\" ],\r\n  \"orderNum\" : [ \"0\" ],\r\n  \"remark\" : [ \"\" ]\r\n}','null',1,'\r\n### Error updating database.  Cause: java.sql.SQLException: Field \'class_guid\' doesn\'t have a default value\r\n### The error may involve com.ruoyi.system.mapper.EquClassMapper.insertEquClass-Inline\r\n### The error occurred while setting parameters\r\n### SQL: insert into equ_class          ( parent_id,                          class_name,             order_num,                                                    create_time )           values ( ?,                          ?,             ?,                                                    ? )\r\n### Cause: java.sql.SQLException: Field \'class_guid\' doesn\'t have a default value\n; Field \'class_guid\' doesn\'t have a default value; nested exception is java.sql.SQLException: Field \'class_guid\' doesn\'t have a default value','2020-02-11 19:16:23'),(134,'设备分类管理',2,'com.ruoyi.web.controller.system.EquClassController.changeStatus()','POST',1,'admin','设备管理部门','/system/equclass/changeStatus','127.0.0.1','内网IP','{\r\n  \"classId\" : [ \"1\" ],\r\n  \"status\" : [ \"1\" ]\r\n}','{\r\n  \"msg\" : \"操作成功\",\r\n  \"code\" : 0\r\n}',0,NULL,'2020-02-12 13:48:15'),(135,'设备分类管理',2,'com.ruoyi.web.controller.system.EquClassController.changeStatus()','POST',1,'admin','设备管理部门','/system/equclass/changeStatus','127.0.0.1','内网IP','{\r\n  \"classId\" : [ \"1\" ],\r\n  \"status\" : [ \"0\" ]\r\n}','{\r\n  \"msg\" : \"操作成功\",\r\n  \"code\" : 0\r\n}',0,NULL,'2020-02-12 13:48:28'),(136,'代码生成',3,'com.ruoyi.generator.controller.GenController.remove()','POST',1,'admin','设备管理部门','/tool/gen/remove','127.0.0.1','内网IP','{\r\n  \"ids\" : [ \"2\" ]\r\n}','{\r\n  \"msg\" : \"操作成功\",\r\n  \"code\" : 0\r\n}',0,NULL,'2020-02-12 14:20:09'),(137,'代码生成',6,'com.ruoyi.generator.controller.GenController.importTableSave()','POST',1,'admin','设备管理部门','/tool/gen/importTable','127.0.0.1','内网IP','{\r\n  \"tables\" : [ \"equ_class\" ]\r\n}','{\r\n  \"msg\" : \"操作成功\",\r\n  \"code\" : 0\r\n}',0,NULL,'2020-02-12 14:20:25'),(138,'代码生成',3,'com.ruoyi.generator.controller.GenController.remove()','POST',1,'admin','设备管理部门','/tool/gen/remove','127.0.0.1','内网IP','{\r\n  \"ids\" : [ \"3\" ]\r\n}','{\r\n  \"msg\" : \"操作成功\",\r\n  \"code\" : 0\r\n}',0,NULL,'2020-02-12 14:20:59'),(139,'代码生成',6,'com.ruoyi.generator.controller.GenController.importTableSave()','POST',1,'admin','设备管理部门','/tool/gen/importTable','127.0.0.1','内网IP','{\r\n  \"tables\" : [ \"equ_class\" ]\r\n}','{\r\n  \"msg\" : \"操作成功\",\r\n  \"code\" : 0\r\n}',0,NULL,'2020-02-12 14:21:40'),(140,'代码生成',2,'com.ruoyi.generator.controller.GenController.editSave()','POST',1,'admin','设备管理部门','/tool/gen/edit','127.0.0.1','内网IP','{\r\n  \"tableId\" : [ \"4\" ],\r\n  \"tableName\" : [ \"equ_class\" ],\r\n  \"tableComment\" : [ \"设备分类表 \" ],\r\n  \"className\" : [ \"EquClass\" ],\r\n  \"functionAuthor\" : [ \"ruoyi\" ],\r\n  \"remark\" : [ \"\" ],\r\n  \"columns[0].columnId\" : [ \"39\" ],\r\n  \"columns[0].sort\" : [ \"1\" ],\r\n  \"columns[0].columnComment\" : [ \"ID 主键\" ],\r\n  \"columns[0].javaType\" : [ \"Long\" ],\r\n  \"columns[0].javaField\" : [ \"classId\" ],\r\n  \"columns[0].isInsert\" : [ \"1\" ],\r\n  \"columns[0].queryType\" : [ \"EQ\" ],\r\n  \"columns[0].htmlType\" : [ \"input\" ],\r\n  \"columns[0].dictType\" : [ \"\" ],\r\n  \"columns[1].columnId\" : [ \"40\" ],\r\n  \"columns[1].sort\" : [ \"2\" ],\r\n  \"columns[1].columnComment\" : [ \"Guid\" ],\r\n  \"columns[1].javaType\" : [ \"String\" ],\r\n  \"columns[1].javaField\" : [ \"classGuid\" ],\r\n  \"columns[1].isInsert\" : [ \"1\" ],\r\n  \"columns[1].isEdit\" : [ \"1\" ],\r\n  \"columns[1].isList\" : [ \"1\" ],\r\n  \"columns[1].isQuery\" : [ \"1\" ],\r\n  \"columns[1].queryType\" : [ \"EQ\" ],\r\n  \"columns[1].htmlType\" : [ \"input\" ],\r\n  \"columns[1].dictType\" : [ \"\" ],\r\n  \"columns[2].columnId\" : [ \"41\" ],\r\n  \"columns[2].sort\" : [ \"3\" ],\r\n  \"columns[2].columnComment\" : [ \"父级ID\" ],\r\n  \"columns[2].javaType\" : [ \"Long\" ],\r\n  \"columns[2].javaField\" : [ \"parentId\" ],\r\n  \"columns[2].isInsert\" : [ \"1\" ],\r\n  \"columns[2].isEdit\" : [ \"1\" ],\r\n  \"columns[2].isList\" : [ \"1\" ],\r\n  \"columns[2].isQuery\" : [ \"1\" ],\r\n  \"columns[2].queryType\" : [ \"EQ\" ],\r\n  \"columns[2].htmlType\" : [ \"input\" ],\r\n  \"columns[2].dictType\" : [ \"\" ],\r\n  \"columns[3].columnId\" : [ \"42\" ],\r\n  \"columns[3].sort\" : [ \"4\" ],\r\n  \"columns[3].columnComment\" : [ \"祖级列表\" ],\r\n  \"columns[3].javaType\" : [ \"String\" ],\r\n  \"columns[3].javaField\" : [ \"ancestors\" ],\r\n  \"columns[3].isInsert\" : [ \"1\" ],\r\n  \"columns[3].isEdit\" : [ \"1\" ],\r\n  \"columns[3].isList\" : [ \"1\" ],\r\n  \"columns[3].isQuery\" : [ \"1\" ],\r\n  \"columns[3].queryType\" : [ \"EQ\" ],\r\n  \"columns[3].htmlType\" : [ \"input\" ],\r\n  \"columns[3].dictType\" : [ \"\" ],\r\n  \"columns[4].columnId\" : [ \"43\" ],\r\n  \"columns[4].sort\" : [ \"5\" ],\r\n  \"columns[4].columnComment\" : [ \"设备分类名称\" ],\r\n  \"co','{\r\n  \"msg\" : \"操作成功\",\r\n  \"code\" : 0\r\n}',0,NULL,'2020-02-12 14:22:18'),(141,'代码生成',8,'com.ruoyi.generator.controller.GenController.genCode()','GET',1,'admin','设备管理部门','/tool/gen/genCode/equ_class','127.0.0.1','内网IP','{ }','null',0,NULL,'2020-02-12 14:22:22'),(142,'设备分类',1,'com.ruoyi.web.controller.system.EquClassController.addSave()','POST',1,'admin','设备管理部门','/system/equclass/add','127.0.0.1','内网IP','{\r\n  \"parentId\" : [ \"1\" ],\r\n  \"className\" : [ \"机电运行设备\" ],\r\n  \"orderNum\" : [ \"0\" ],\r\n  \"remark\" : [ \"\" ]\r\n}','null',1,'\r\n### Error updating database.  Cause: com.mysql.cj.jdbc.exceptions.MysqlDataTruncation: Data truncation: Data too long for column \'class_guid\' at row 1\r\n### The error may involve com.ruoyi.system.mapper.EquClassMapper.insertEquClass-Inline\r\n### The error occurred while setting parameters\r\n### SQL: insert into equ_class          ( class_guid,             parent_id,                          class_name,             order_num,                                                                 create_time )           values ( ?,             ?,                          ?,             ?,                                                                 ? )\r\n### Cause: com.mysql.cj.jdbc.exceptions.MysqlDataTruncation: Data truncation: Data too long for column \'class_guid\' at row 1\n; Data truncation: Data too long for column \'class_guid\' at row 1; nested exception is com.mysql.cj.jdbc.exceptions.MysqlDataTruncation: Data truncation: Data too long for column \'class_guid\' at row 1','2020-02-12 14:27:21'),(143,'设备分类',1,'com.ruoyi.web.controller.system.EquClassController.addSave()','POST',1,'admin','设备管理部门','/system/equclass/add','127.0.0.1','内网IP','{\r\n  \"parentId\" : [ \"1\" ],\r\n  \"className\" : [ \"机电运行设备\" ],\r\n  \"orderNum\" : [ \"0\" ],\r\n  \"remark\" : [ \"\" ]\r\n}','null',1,'\r\n### Error updating database.  Cause: com.mysql.cj.jdbc.exceptions.MysqlDataTruncation: Data truncation: Data too long for column \'class_guid\' at row 1\r\n### The error may involve com.ruoyi.system.mapper.EquClassMapper.insertEquClass-Inline\r\n### The error occurred while setting parameters\r\n### SQL: insert into equ_class          ( class_guid,             parent_id,                          class_name,             order_num,                                                                 create_time )           values ( ?,             ?,                          ?,             ?,                                                                 ? )\r\n### Cause: com.mysql.cj.jdbc.exceptions.MysqlDataTruncation: Data truncation: Data too long for column \'class_guid\' at row 1\n; Data truncation: Data too long for column \'class_guid\' at row 1; nested exception is com.mysql.cj.jdbc.exceptions.MysqlDataTruncation: Data truncation: Data too long for column \'class_guid\' at row 1','2020-02-12 14:35:02'),(144,'设备分类',1,'com.ruoyi.web.controller.system.EquClassController.addSave()','POST',1,'admin','设备管理部门','/system/equclass/add','127.0.0.1','内网IP','{\r\n  \"parentId\" : [ \"1\" ],\r\n  \"className\" : [ \"机电运行设备\" ],\r\n  \"orderNum\" : [ \"0\" ],\r\n  \"remark\" : [ \"\" ]\r\n}','{\r\n  \"msg\" : \"操作成功\",\r\n  \"code\" : 0\r\n}',0,NULL,'2020-02-12 14:42:23'),(145,'设备分类',1,'com.ruoyi.web.controller.system.EquClassController.addSave()','POST',1,'admin','设备管理部门','/system/equclass/add','127.0.0.1','内网IP','{\r\n  \"parentId\" : [ \"1\" ],\r\n  \"className\" : [ \"行政资产设备\" ],\r\n  \"orderNum\" : [ \"1\" ],\r\n  \"remark\" : [ \"\" ]\r\n}','null',1,'\r\n### Error querying database.  Cause: java.sql.SQLSyntaxErrorException: You have an error in your SQL syntax; check the manual that corresponds to your MySQL server version for the right syntax to use near \'== \'0\'\' at line 3\r\n### The error may exist in file [D:\\Program Files (x86)\\Project\\RuoYi\\ruoyi-system\\target\\classes\\mapper\\system\\EquClassMapper.xml]\r\n### The error may involve defaultParameterMap\r\n### The error occurred while setting parameters\r\n### SQL: select class_id, class_guid, parent_id, ancestors, class_name, order_num, status, remark, del_flag, create_by, create_time, update_by, update_time from equ_class         where class_name=? and parent_id = ? and del_flag == \'0\'\r\n### Cause: java.sql.SQLSyntaxErrorException: You have an error in your SQL syntax; check the manual that corresponds to your MySQL server version for the right syntax to use near \'== \'0\'\' at line 3\n; bad SQL grammar []; nested exception is java.sql.SQLSyntaxErrorException: You have an error in your SQL syntax; check the manual that corresponds to your MySQL server version for the right syntax to use near \'== \'0\'\' at line 3','2020-02-12 15:27:12'),(146,'设备分类',1,'com.ruoyi.web.controller.system.EquClassController.addSave()','POST',1,'admin','设备管理部门','/system/equclass/add','127.0.0.1','内网IP','{\r\n  \"parentId\" : [ \"1\" ],\r\n  \"className\" : [ \"行政资产设备\" ],\r\n  \"orderNum\" : [ \"1\" ],\r\n  \"remark\" : [ \"\" ]\r\n}','{\r\n  \"msg\" : \"操作成功\",\r\n  \"code\" : 0\r\n}',0,NULL,'2020-02-12 15:29:51'),(147,'部门管理',1,'com.ruoyi.web.controller.system.SysDeptController.addSave()','POST',1,'admin','设备管理部门','/system/dept/add','127.0.0.1','内网IP','{\r\n  \"parentId\" : [ \"100\" ],\r\n  \"deptName\" : [ \"合同管理部门\" ],\r\n  \"orderNum\" : [ \"2\" ],\r\n  \"leader\" : [ \"\" ],\r\n  \"phone\" : [ \"\" ],\r\n  \"email\" : [ \"\" ],\r\n  \"status\" : [ \"0\" ]\r\n}','{\r\n  \"msg\" : \"操作成功\",\r\n  \"code\" : 0\r\n}',0,NULL,'2020-02-12 15:33:14'),(148,'设备分类',1,'com.ruoyi.web.controller.system.EquClassController.addSave()','POST',1,'admin','设备管理部门','/system/equclass/add','127.0.0.1','内网IP','{\r\n  \"parentId\" : [ \"1\" ],\r\n  \"className\" : [ \"机电运行设备\" ],\r\n  \"orderNum\" : [ \"3\" ],\r\n  \"remark\" : [ \"\" ]\r\n}','{\r\n  \"msg\" : \"新增设备分类\'机电运行设备\'失败，名称已存在\",\r\n  \"code\" : 500\r\n}',0,NULL,'2020-02-12 15:55:12'),(149,'设备分类',2,'com.ruoyi.web.controller.system.EquClassController.editSave()','POST',1,'admin','设备管理部门','/system/equclass/edit','127.0.0.1','内网IP','{\r\n  \"classId\" : [ \"2\" ],\r\n  \"parentId\" : [ \"1\" ],\r\n  \"parentName\" : [ \"设备分类\" ],\r\n  \"className\" : [ \"机电运行设备\" ],\r\n  \"orderNum\" : [ \"1\" ],\r\n  \"remark\" : [ \"\" ]\r\n}','{\r\n  \"msg\" : \"操作成功\",\r\n  \"code\" : 0\r\n}',0,NULL,'2020-02-12 15:57:52'),(150,'设备分类',2,'com.ruoyi.web.controller.system.EquClassController.editSave()','POST',1,'admin','设备管理部门','/system/equclass/edit','127.0.0.1','内网IP','{\r\n  \"classId\" : [ \"3\" ],\r\n  \"parentId\" : [ \"1\" ],\r\n  \"parentName\" : [ \"设备分类\" ],\r\n  \"className\" : [ \"行政资产设备\" ],\r\n  \"orderNum\" : [ \"2\" ],\r\n  \"remark\" : [ \"\" ]\r\n}','{\r\n  \"msg\" : \"操作成功\",\r\n  \"code\" : 0\r\n}',0,NULL,'2020-02-12 15:57:58'),(151,'设备分类',2,'com.ruoyi.web.controller.system.EquClassController.editSave()','POST',1,'admin','设备管理部门','/system/equclass/edit','127.0.0.1','内网IP','{\r\n  \"classId\" : [ \"2\" ],\r\n  \"parentId\" : [ \"2\" ],\r\n  \"parentName\" : [ \"机电运行设备\" ],\r\n  \"className\" : [ \"机电运行设备\" ],\r\n  \"orderNum\" : [ \"1\" ],\r\n  \"remark\" : [ \"\" ]\r\n}','{\r\n  \"msg\" : \"修改设备分类\'机电运行设备\'失败，名称已存在\",\r\n  \"code\" : 500\r\n}',0,NULL,'2020-02-12 16:06:52'),(152,'设备分类',2,'com.ruoyi.web.controller.system.EquClassController.editSave()','POST',1,'admin','设备管理部门','/system/equclass/edit','127.0.0.1','内网IP','{\r\n  \"classId\" : [ \"2\" ],\r\n  \"parentId\" : [ \"2\" ],\r\n  \"parentName\" : [ \"机电运行设备\" ],\r\n  \"className\" : [ \"机电运行设备\" ],\r\n  \"orderNum\" : [ \"1\" ],\r\n  \"remark\" : [ \"\" ]\r\n}','{\r\n  \"msg\" : \"修改部门\'机电运行设备\'失败，上级分类不能是自己\",\r\n  \"code\" : 500\r\n}',0,NULL,'2020-02-12 16:11:32'),(153,'设备分类',2,'com.ruoyi.web.controller.system.EquClassController.editSave()','POST',1,'admin','设备管理部门','/system/equclass/edit','127.0.0.1','内网IP','{\r\n  \"classId\" : [ \"2\" ],\r\n  \"parentId\" : [ \"1\" ],\r\n  \"parentName\" : [ \"设备分类\" ],\r\n  \"className\" : [ \"机电运行设备\" ],\r\n  \"orderNum\" : [ \"1\" ],\r\n  \"remark\" : [ \"\" ]\r\n}','{\r\n  \"msg\" : \"操作成功\",\r\n  \"code\" : 0\r\n}',0,NULL,'2020-02-12 16:12:01'),(154,'设备分类',3,'com.ruoyi.web.controller.system.EquClassController.remove()','GET',1,'admin','设备管理部门','/system/equclass/remove/3','127.0.0.1','内网IP','{ }','{\r\n  \"msg\" : \"操作成功\",\r\n  \"code\" : 0\r\n}',0,NULL,'2020-02-12 16:28:03'),(155,'设备分类',3,'com.ruoyi.web.controller.system.EquClassController.remove()','GET',1,'admin','设备管理部门','/system/equclass/remove/2','127.0.0.1','内网IP','{ }','{\r\n  \"msg\" : \"操作成功\",\r\n  \"code\" : 0\r\n}',0,NULL,'2020-02-12 16:28:07'),(156,'设备分类',1,'com.ruoyi.web.controller.system.EquClassController.addSave()','POST',1,'admin','设备管理部门','/system/equclass/add','127.0.0.1','内网IP','{\r\n  \"parentId\" : [ \"1\" ],\r\n  \"className\" : [ \"机电运行设备\" ],\r\n  \"orderNum\" : [ \"1\" ],\r\n  \"remark\" : [ \"\" ]\r\n}','{\r\n  \"msg\" : \"操作成功\",\r\n  \"code\" : 0\r\n}',0,NULL,'2020-02-12 16:45:50'),(157,'设备分类',2,'com.ruoyi.web.controller.system.EquClassController.editSave()','POST',1,'admin','设备管理部门','/system/equclass/edit','127.0.0.1','内网IP','{\r\n  \"classId\" : [ \"4\" ],\r\n  \"parentId\" : [ \"1\" ],\r\n  \"parentName\" : [ \"设备分类\" ],\r\n  \"className\" : [ \"机电运行设备\" ],\r\n  \"orderNum\" : [ \"1\" ],\r\n  \"remark\" : [ \"\" ]\r\n}','{\r\n  \"msg\" : \"操作成功\",\r\n  \"code\" : 0\r\n}',0,NULL,'2020-02-12 16:46:10'),(158,'设备分类',3,'com.ruoyi.web.controller.system.EquClassController.remove()','GET',1,'admin','设备管理部门','/system/equclass/remove/4','127.0.0.1','内网IP','{ }','{\r\n  \"msg\" : \"操作成功\",\r\n  \"code\" : 0\r\n}',0,NULL,'2020-02-12 16:46:25'),(159,'设备分类',1,'com.ruoyi.web.controller.system.EquClassController.addSave()','POST',1,'admin','设备管理部门','/system/equclass/add','127.0.0.1','内网IP','{\r\n  \"parentId\" : [ \"1\" ],\r\n  \"className\" : [ \"机电运行设备\" ],\r\n  \"orderNum\" : [ \"1\" ],\r\n  \"remark\" : [ \"\" ]\r\n}','{\r\n  \"msg\" : \"操作成功\",\r\n  \"code\" : 0\r\n}',0,NULL,'2020-02-12 16:46:51'),(160,'设备分类',2,'com.ruoyi.web.controller.system.EquClassController.editSave()','POST',1,'admin','设备管理部门','/system/equclass/edit','127.0.0.1','内网IP','{\r\n  \"classId\" : [ \"5\" ],\r\n  \"parentId\" : [ \"1\" ],\r\n  \"parentName\" : [ \"设备分类\" ],\r\n  \"className\" : [ \"机电运行设备\" ],\r\n  \"orderNum\" : [ \"1\" ],\r\n  \"remark\" : [ \"\" ]\r\n}','{\r\n  \"msg\" : \"操作成功\",\r\n  \"code\" : 0\r\n}',0,NULL,'2020-02-12 17:04:25'),(161,'设备分类',2,'com.ruoyi.web.controller.system.EquClassController.editSave()','POST',1,'admin','设备管理部门','/system/equclass/edit','127.0.0.1','内网IP','{\r\n  \"classId\" : [ \"5\" ],\r\n  \"parentId\" : [ \"1\" ],\r\n  \"parentName\" : [ \"设备分类\" ],\r\n  \"className\" : [ \"机电运行设备\" ],\r\n  \"orderNum\" : [ \"1\" ],\r\n  \"remark\" : [ \"\" ],\r\n  \"status\" : [ \"1\" ]\r\n}','{\r\n  \"msg\" : \"操作成功\",\r\n  \"code\" : 0\r\n}',0,NULL,'2020-02-12 17:10:40'),(162,'设备分类管理',2,'com.ruoyi.web.controller.system.EquClassController.changeStatus()','POST',1,'admin','设备管理部门','/system/equclass/changeStatus','127.0.0.1','内网IP','{\r\n  \"classId\" : [ \"5\" ],\r\n  \"status\" : [ \"0\" ]\r\n}','{\r\n  \"msg\" : \"操作成功\",\r\n  \"code\" : 0\r\n}',0,NULL,'2020-02-12 17:10:43'),(163,'设备分类',1,'com.ruoyi.web.controller.system.EquClassController.addSave()','POST',1,'admin','设备管理部门','/system/equclass/add','127.0.0.1','内网IP','{\r\n  \"parentId\" : [ \"1\" ],\r\n  \"className\" : [ \"行政资产设备\" ],\r\n  \"orderNum\" : [ \"2\" ],\r\n  \"remark\" : [ \"\" ],\r\n  \"status\" : [ \"0\" ]\r\n}','{\r\n  \"msg\" : \"操作成功\",\r\n  \"code\" : 0\r\n}',0,NULL,'2020-02-12 17:24:16'),(164,'设备分类管理',2,'com.ruoyi.web.controller.system.EquClassController.changeStatus()','POST',1,'admin','设备管理部门','/system/equclass/changeStatus','127.0.0.1','内网IP','{\r\n  \"classId\" : [ \"1\" ],\r\n  \"status\" : [ \"1\" ]\r\n}','{\r\n  \"msg\" : \"操作成功\",\r\n  \"code\" : 0\r\n}',0,NULL,'2020-02-12 19:08:43'),(165,'设备分类管理',2,'com.ruoyi.web.controller.system.EquClassController.changeStatus()','POST',1,'admin','设备管理部门','/system/equclass/changeStatus','127.0.0.1','内网IP','{\r\n  \"classId\" : [ \"1\" ],\r\n  \"status\" : [ \"0\" ]\r\n}','{\r\n  \"msg\" : \"操作成功\",\r\n  \"code\" : 0\r\n}',0,NULL,'2020-02-12 19:08:46'),(166,'设备分类管理',2,'com.ruoyi.web.controller.system.EquClassController.changeStatus()','POST',1,'admin','设备管理部门','/system/equclass/changeStatus','127.0.0.1','内网IP','{\r\n  \"classId\" : [ \"5\" ],\r\n  \"status\" : [ \"1\" ]\r\n}','{\r\n  \"msg\" : \"操作成功\",\r\n  \"code\" : 0\r\n}',0,NULL,'2020-02-12 19:31:29'),(167,'设备分类管理',2,'com.ruoyi.web.controller.system.EquClassController.changeStatus()','POST',1,'admin','设备管理部门','/system/equclass/changeStatus','127.0.0.1','内网IP','{\r\n  \"classId\" : [ \"5\" ],\r\n  \"status\" : [ \"0\" ]\r\n}','{\r\n  \"msg\" : \"操作成功\",\r\n  \"code\" : 0\r\n}',0,NULL,'2020-02-12 19:31:32'),(168,'设备分类管理',2,'com.ruoyi.web.controller.system.EquClassController.changeStatus()','POST',1,'admin','设备管理部门','/system/equclass/changeStatus','127.0.0.1','内网IP','{\r\n  \"classId\" : [ \"5\" ],\r\n  \"status\" : [ \"1\" ]\r\n}','{\r\n  \"msg\" : \"操作成功\",\r\n  \"code\" : 0\r\n}',0,NULL,'2020-02-12 19:31:36'),(169,'设备分类管理',2,'com.ruoyi.web.controller.system.EquClassController.changeStatus()','POST',1,'admin','设备管理部门','/system/equclass/changeStatus','127.0.0.1','内网IP','{\r\n  \"classId\" : [ \"5\" ],\r\n  \"status\" : [ \"0\" ]\r\n}','{\r\n  \"msg\" : \"操作成功\",\r\n  \"code\" : 0\r\n}',0,NULL,'2020-02-12 19:32:03'),(170,'用户管理',2,'com.ruoyi.web.controller.system.SysUserController.changeStatus()','POST',1,'admin','设备管理部门','/system/user/changeStatus','127.0.0.1','内网IP','{\r\n  \"userId\" : [ \"2\" ],\r\n  \"status\" : [ \"1\" ]\r\n}','{\r\n  \"msg\" : \"操作成功\",\r\n  \"code\" : 0\r\n}',0,NULL,'2020-02-12 19:32:09'),(171,'用户管理',2,'com.ruoyi.web.controller.system.SysUserController.editSave()','POST',1,'admin','设备管理部门','/system/user/edit','127.0.0.1','内网IP','{\r\n  \"userId\" : [ \"2\" ],\r\n  \"deptId\" : [ \"101\" ],\r\n  \"userName\" : [ \"设备管理员A\" ],\r\n  \"dept.deptName\" : [ \"设备管理部门\" ],\r\n  \"phonenumber\" : [ \"15222222222\" ],\r\n  \"email\" : [ \"sbglya@qq.com\" ],\r\n  \"loginName\" : [ \"sbglya\" ],\r\n  \"sex\" : [ \"0\" ],\r\n  \"role\" : [ \"100\" ],\r\n  \"remark\" : [ \"设备管理员A\" ],\r\n  \"status\" : [ \"0\" ],\r\n  \"roleIds\" : [ \"100\" ],\r\n  \"postIds\" : [ \"\" ]\r\n}','{\r\n  \"msg\" : \"操作成功\",\r\n  \"code\" : 0\r\n}',0,NULL,'2020-02-12 19:32:15'),(172,'设备分类管理',2,'com.ruoyi.web.controller.system.EquClassController.changeStatus()','POST',1,'admin','设备管理部门','/system/equclass/changeStatus','127.0.0.1','内网IP','{\r\n  \"classId\" : [ \"5\" ],\r\n  \"status\" : [ \"1\" ]\r\n}','{\r\n  \"msg\" : \"操作成功\",\r\n  \"code\" : 0\r\n}',0,NULL,'2020-02-12 19:33:18'),(173,'设备分类管理',2,'com.ruoyi.web.controller.system.EquClassController.changeStatus()','POST',1,'admin','设备管理部门','/system/equclass/changeStatus','127.0.0.1','内网IP','{\r\n  \"classId\" : [ \"5\" ],\r\n  \"status\" : [ \"0\" ]\r\n}','{\r\n  \"msg\" : \"操作成功\",\r\n  \"code\" : 0\r\n}',0,NULL,'2020-02-12 19:35:16'),(174,'设备分类',1,'com.ruoyi.web.controller.system.EquClassController.addSave()','POST',1,'admin','设备管理部门','/system/equclass/add','127.0.0.1','内网IP','{\r\n  \"parentId\" : [ \"1\" ],\r\n  \"className\" : [ \"其他\" ],\r\n  \"orderNum\" : [ \"3\" ],\r\n  \"remark\" : [ \"\" ],\r\n  \"status\" : [ \"0\" ]\r\n}','{\r\n  \"msg\" : \"操作成功\",\r\n  \"code\" : 0\r\n}',0,NULL,'2020-02-13 10:56:31'),(175,'设备分类',3,'com.ruoyi.web.controller.system.EquClassController.remove()','GET',1,'admin','设备管理部门','/system/equclass/remove/7','127.0.0.1','内网IP','{ }','{\r\n  \"msg\" : \"操作成功\",\r\n  \"code\" : 0\r\n}',0,NULL,'2020-02-13 10:59:46'),(176,'设备分类',1,'com.ruoyi.web.controller.system.EquClassController.addSave()','POST',1,'admin','设备管理部门','/system/equclass/add','127.0.0.1','内网IP','{\r\n  \"parentId\" : [ \"1\" ],\r\n  \"className\" : [ \"其他分类\" ],\r\n  \"orderNum\" : [ \"3\" ],\r\n  \"remark\" : [ \"\" ],\r\n  \"status\" : [ \"0\" ]\r\n}','{\r\n  \"msg\" : \"操作成功\",\r\n  \"code\" : 0\r\n}',0,NULL,'2020-02-13 10:59:58'),(177,'代码生成',6,'com.ruoyi.generator.controller.GenController.importTableSave()','POST',1,'admin','设备管理部门','/tool/gen/importTable','127.0.0.1','内网IP','{\r\n  \"tables\" : [ \"equ_card\" ]\r\n}','{\r\n  \"msg\" : \"操作成功\",\r\n  \"code\" : 0\r\n}',0,NULL,'2020-02-14 09:55:38'),(178,'代码生成',2,'com.ruoyi.generator.controller.GenController.editSave()','POST',1,'admin','设备管理部门','/tool/gen/edit','127.0.0.1','内网IP','{\r\n  \"tableId\" : [ \"5\" ],\r\n  \"tableName\" : [ \"equ_card\" ],\r\n  \"tableComment\" : [ \"设备档案表\" ],\r\n  \"className\" : [ \"EquCard\" ],\r\n  \"functionAuthor\" : [ \"ruoyi\" ],\r\n  \"remark\" : [ \"\" ],\r\n  \"columns[0].columnId\" : [ \"52\" ],\r\n  \"columns[0].sort\" : [ \"1\" ],\r\n  \"columns[0].columnComment\" : [ \"ID 主键\" ],\r\n  \"columns[0].javaType\" : [ \"Long\" ],\r\n  \"columns[0].javaField\" : [ \"equId\" ],\r\n  \"columns[0].isInsert\" : [ \"1\" ],\r\n  \"columns[0].queryType\" : [ \"EQ\" ],\r\n  \"columns[0].htmlType\" : [ \"input\" ],\r\n  \"columns[0].dictType\" : [ \"\" ],\r\n  \"columns[1].columnId\" : [ \"53\" ],\r\n  \"columns[1].sort\" : [ \"2\" ],\r\n  \"columns[1].columnComment\" : [ \"Guid\" ],\r\n  \"columns[1].javaType\" : [ \"String\" ],\r\n  \"columns[1].javaField\" : [ \"equGuid\" ],\r\n  \"columns[1].isInsert\" : [ \"1\" ],\r\n  \"columns[1].queryType\" : [ \"EQ\" ],\r\n  \"columns[1].htmlType\" : [ \"input\" ],\r\n  \"columns[1].dictType\" : [ \"\" ],\r\n  \"columns[2].columnId\" : [ \"54\" ],\r\n  \"columns[2].sort\" : [ \"3\" ],\r\n  \"columns[2].columnComment\" : [ \"设备编号\" ],\r\n  \"columns[2].javaType\" : [ \"String\" ],\r\n  \"columns[2].javaField\" : [ \"equCode\" ],\r\n  \"columns[2].isInsert\" : [ \"1\" ],\r\n  \"columns[2].isEdit\" : [ \"1\" ],\r\n  \"columns[2].isList\" : [ \"1\" ],\r\n  \"columns[2].queryType\" : [ \"EQ\" ],\r\n  \"columns[2].htmlType\" : [ \"input\" ],\r\n  \"columns[2].dictType\" : [ \"\" ],\r\n  \"columns[3].columnId\" : [ \"55\" ],\r\n  \"columns[3].sort\" : [ \"4\" ],\r\n  \"columns[3].columnComment\" : [ \"设备名称\" ],\r\n  \"columns[3].javaType\" : [ \"String\" ],\r\n  \"columns[3].javaField\" : [ \"equName\" ],\r\n  \"columns[3].isInsert\" : [ \"1\" ],\r\n  \"columns[3].isEdit\" : [ \"1\" ],\r\n  \"columns[3].isList\" : [ \"1\" ],\r\n  \"columns[3].queryType\" : [ \"LIKE\" ],\r\n  \"columns[3].htmlType\" : [ \"input\" ],\r\n  \"columns[3].dictType\" : [ \"\" ],\r\n  \"columns[4].columnId\" : [ \"56\" ],\r\n  \"columns[4].sort\" : [ \"5\" ],\r\n  \"columns[4].columnComment\" : [ \"设备类别 设备分类表主键\" ],\r\n  \"columns[4].javaType\" : [ \"Long\" ],\r\n  \"columns[4].javaField\" : [ \"classId\" ],\r\n  \"columns[4].isInsert\" : [ \"1\" ],\r\n  \"columns[4].isEdit\" : [ \"1\" ],\r\n  \"columns[4].queryType\" :','{\r\n  \"msg\" : \"操作成功\",\r\n  \"code\" : 0\r\n}',0,NULL,'2020-02-14 09:59:39'),(179,'字典类型',1,'com.ruoyi.web.controller.system.SysDictTypeController.addSave()','POST',1,'admin','设备管理部门','/system/dict/add','127.0.0.1','内网IP','{\r\n  \"dictName\" : [ \"设备特种属性\" ],\r\n  \"dictType\" : [ \"equ_attribute_ytpe\" ],\r\n  \"status\" : [ \"0\" ],\r\n  \"remark\" : [ \"\" ]\r\n}','{\r\n  \"msg\" : \"操作成功\",\r\n  \"code\" : 0\r\n}',0,NULL,'2020-02-14 10:00:59'),(180,'字典类型',2,'com.ruoyi.web.controller.system.SysDictTypeController.editSave()','POST',1,'admin','设备管理部门','/system/dict/edit','127.0.0.1','内网IP','{\r\n  \"dictId\" : [ \"100\" ],\r\n  \"dictName\" : [ \"设备特种属性\" ],\r\n  \"dictType\" : [ \"equ_attribute_ytpe\" ],\r\n  \"status\" : [ \"0\" ],\r\n  \"remark\" : [ \"设备特种属性\" ]\r\n}','{\r\n  \"msg\" : \"操作成功\",\r\n  \"code\" : 0\r\n}',0,NULL,'2020-02-14 10:02:39'),(181,'字典类型',2,'com.ruoyi.web.controller.system.SysDictTypeController.editSave()','POST',1,'admin','设备管理部门','/system/dict/edit','127.0.0.1','内网IP','{\r\n  \"dictId\" : [ \"100\" ],\r\n  \"dictName\" : [ \"设备特种属性\" ],\r\n  \"dictType\" : [ \"equ_attribute_ytpe\" ],\r\n  \"status\" : [ \"0\" ],\r\n  \"remark\" : [ \"设备特种列表\" ]\r\n}','{\r\n  \"msg\" : \"操作成功\",\r\n  \"code\" : 0\r\n}',0,NULL,'2020-02-14 10:02:49'),(182,'字典类型',2,'com.ruoyi.web.controller.system.SysDictTypeController.editSave()','POST',1,'admin','设备管理部门','/system/dict/edit','127.0.0.1','内网IP','{\r\n  \"dictId\" : [ \"100\" ],\r\n  \"dictName\" : [ \"设备特种属性\" ],\r\n  \"dictType\" : [ \"equ_attribute_type\" ],\r\n  \"status\" : [ \"0\" ],\r\n  \"remark\" : [ \"设备特种列表\" ]\r\n}','{\r\n  \"msg\" : \"操作成功\",\r\n  \"code\" : 0\r\n}',0,NULL,'2020-02-14 10:06:46'),(183,'字典数据',1,'com.ruoyi.web.controller.system.SysDictDataController.addSave()','POST',1,'admin','设备管理部门','/system/dict/data/add','127.0.0.1','内网IP','{\r\n  \"dictLabel\" : [ \"锅炉\" ],\r\n  \"dictValue\" : [ \"0\" ],\r\n  \"dictType\" : [ \"equ_attribute_type\" ],\r\n  \"cssClass\" : [ \"\" ],\r\n  \"dictSort\" : [ \"0\" ],\r\n  \"listClass\" : [ \"\" ],\r\n  \"isDefault\" : [ \"Y\" ],\r\n  \"status\" : [ \"0\" ],\r\n  \"remark\" : [ \"\" ]\r\n}','{\r\n  \"msg\" : \"操作成功\",\r\n  \"code\" : 0\r\n}',0,NULL,'2020-02-14 10:10:49'),(184,'字典数据',1,'com.ruoyi.web.controller.system.SysDictDataController.addSave()','POST',1,'admin','设备管理部门','/system/dict/data/add','127.0.0.1','内网IP','{\r\n  \"dictLabel\" : [ \"压力容器\" ],\r\n  \"dictValue\" : [ \"1\" ],\r\n  \"dictType\" : [ \"equ_attribute_type\" ],\r\n  \"cssClass\" : [ \"\" ],\r\n  \"dictSort\" : [ \"1\" ],\r\n  \"listClass\" : [ \"\" ],\r\n  \"isDefault\" : [ \"Y\" ],\r\n  \"status\" : [ \"0\" ],\r\n  \"remark\" : [ \"\" ]\r\n}','{\r\n  \"msg\" : \"操作成功\",\r\n  \"code\" : 0\r\n}',0,NULL,'2020-02-14 10:11:24'),(185,'字典数据',1,'com.ruoyi.web.controller.system.SysDictDataController.addSave()','POST',1,'admin','设备管理部门','/system/dict/data/add','127.0.0.1','内网IP','{\r\n  \"dictLabel\" : [ \"压力管道\" ],\r\n  \"dictValue\" : [ \"2\" ],\r\n  \"dictType\" : [ \"equ_attribute_type\" ],\r\n  \"cssClass\" : [ \"\" ],\r\n  \"dictSort\" : [ \"2\" ],\r\n  \"listClass\" : [ \"\" ],\r\n  \"isDefault\" : [ \"Y\" ],\r\n  \"status\" : [ \"0\" ],\r\n  \"remark\" : [ \"\" ]\r\n}','{\r\n  \"msg\" : \"操作成功\",\r\n  \"code\" : 0\r\n}',0,NULL,'2020-02-14 10:11:46'),(186,'字典数据',1,'com.ruoyi.web.controller.system.SysDictDataController.addSave()','POST',1,'admin','设备管理部门','/system/dict/data/add','127.0.0.1','内网IP','{\r\n  \"dictLabel\" : [ \"电梯\" ],\r\n  \"dictValue\" : [ \"3\" ],\r\n  \"dictType\" : [ \"equ_attribute_type\" ],\r\n  \"cssClass\" : [ \"\" ],\r\n  \"dictSort\" : [ \"3\" ],\r\n  \"listClass\" : [ \"\" ],\r\n  \"isDefault\" : [ \"Y\" ],\r\n  \"status\" : [ \"0\" ],\r\n  \"remark\" : [ \"\" ]\r\n}','{\r\n  \"msg\" : \"操作成功\",\r\n  \"code\" : 0\r\n}',0,NULL,'2020-02-14 10:12:06'),(187,'字典数据',1,'com.ruoyi.web.controller.system.SysDictDataController.addSave()','POST',1,'admin','设备管理部门','/system/dict/data/add','127.0.0.1','内网IP','{\r\n  \"dictLabel\" : [ \"起重机械\" ],\r\n  \"dictValue\" : [ \"4\" ],\r\n  \"dictType\" : [ \"equ_attribute_type\" ],\r\n  \"cssClass\" : [ \"\" ],\r\n  \"dictSort\" : [ \"4\" ],\r\n  \"listClass\" : [ \"\" ],\r\n  \"isDefault\" : [ \"Y\" ],\r\n  \"status\" : [ \"0\" ],\r\n  \"remark\" : [ \"\" ]\r\n}','{\r\n  \"msg\" : \"操作成功\",\r\n  \"code\" : 0\r\n}',0,NULL,'2020-02-14 10:12:18'),(188,'字典数据',1,'com.ruoyi.web.controller.system.SysDictDataController.addSave()','POST',1,'admin','设备管理部门','/system/dict/data/add','127.0.0.1','内网IP','{\r\n  \"dictLabel\" : [ \"客运索道\" ],\r\n  \"dictValue\" : [ \"5\" ],\r\n  \"dictType\" : [ \"equ_attribute_type\" ],\r\n  \"cssClass\" : [ \"\" ],\r\n  \"dictSort\" : [ \"5\" ],\r\n  \"listClass\" : [ \"\" ],\r\n  \"isDefault\" : [ \"Y\" ],\r\n  \"status\" : [ \"0\" ],\r\n  \"remark\" : [ \"\" ]\r\n}','{\r\n  \"msg\" : \"操作成功\",\r\n  \"code\" : 0\r\n}',0,NULL,'2020-02-14 10:12:29'),(189,'字典数据',1,'com.ruoyi.web.controller.system.SysDictDataController.addSave()','POST',1,'admin','设备管理部门','/system/dict/data/add','127.0.0.1','内网IP','{\r\n  \"dictLabel\" : [ \"大型游乐设施\" ],\r\n  \"dictValue\" : [ \"6\" ],\r\n  \"dictType\" : [ \"equ_attribute_type\" ],\r\n  \"cssClass\" : [ \"\" ],\r\n  \"dictSort\" : [ \"6\" ],\r\n  \"listClass\" : [ \"\" ],\r\n  \"isDefault\" : [ \"Y\" ],\r\n  \"status\" : [ \"0\" ],\r\n  \"remark\" : [ \"\" ]\r\n}','{\r\n  \"msg\" : \"操作成功\",\r\n  \"code\" : 0\r\n}',0,NULL,'2020-02-14 10:12:46'),(190,'字典数据',1,'com.ruoyi.web.controller.system.SysDictDataController.addSave()','POST',1,'admin','设备管理部门','/system/dict/data/add','127.0.0.1','内网IP','{\r\n  \"dictLabel\" : [ \"场（厂）内专用机动车辆\" ],\r\n  \"dictValue\" : [ \"7\" ],\r\n  \"dictType\" : [ \"equ_attribute_type\" ],\r\n  \"cssClass\" : [ \"\" ],\r\n  \"dictSort\" : [ \"7\" ],\r\n  \"listClass\" : [ \"\" ],\r\n  \"isDefault\" : [ \"Y\" ],\r\n  \"status\" : [ \"0\" ],\r\n  \"remark\" : [ \"\" ]\r\n}','{\r\n  \"msg\" : \"操作成功\",\r\n  \"code\" : 0\r\n}',0,NULL,'2020-02-14 10:12:57'),(191,'字典类型',1,'com.ruoyi.web.controller.system.SysDictTypeController.addSave()','POST',1,'admin','设备管理部门','/system/dict/add','127.0.0.1','内网IP','{\r\n  \"dictName\" : [ \"设备状态\" ],\r\n  \"dictType\" : [ \"equ_status_type\" ],\r\n  \"status\" : [ \"0\" ],\r\n  \"remark\" : [ \"\" ]\r\n}','{\r\n  \"msg\" : \"操作成功\",\r\n  \"code\" : 0\r\n}',0,NULL,'2020-02-14 10:13:55'),(192,'字典类型',2,'com.ruoyi.web.controller.system.SysDictTypeController.editSave()','POST',1,'admin','设备管理部门','/system/dict/edit','127.0.0.1','内网IP','{\r\n  \"dictId\" : [ \"101\" ],\r\n  \"dictName\" : [ \"设备状态\" ],\r\n  \"dictType\" : [ \"equ_status_type\" ],\r\n  \"status\" : [ \"0\" ],\r\n  \"remark\" : [ \"设备状态列表\" ]\r\n}','{\r\n  \"msg\" : \"操作成功\",\r\n  \"code\" : 0\r\n}',0,NULL,'2020-02-14 10:14:09'),(193,'字典数据',1,'com.ruoyi.web.controller.system.SysDictDataController.addSave()','POST',1,'admin','设备管理部门','/system/dict/data/add','127.0.0.1','内网IP','{\r\n  \"dictLabel\" : [ \"闲置\" ],\r\n  \"dictValue\" : [ \"0\" ],\r\n  \"dictType\" : [ \"equ_status_type\" ],\r\n  \"cssClass\" : [ \"\" ],\r\n  \"dictSort\" : [ \"0\" ],\r\n  \"listClass\" : [ \"\" ],\r\n  \"isDefault\" : [ \"Y\" ],\r\n  \"status\" : [ \"0\" ],\r\n  \"remark\" : [ \"\" ]\r\n}','{\r\n  \"msg\" : \"操作成功\",\r\n  \"code\" : 0\r\n}',0,NULL,'2020-02-14 10:14:23'),(194,'字典数据',1,'com.ruoyi.web.controller.system.SysDictDataController.addSave()','POST',1,'admin','设备管理部门','/system/dict/data/add','127.0.0.1','内网IP','{\r\n  \"dictLabel\" : [ \"正常使用\" ],\r\n  \"dictValue\" : [ \"1\" ],\r\n  \"dictType\" : [ \"equ_status_type\" ],\r\n  \"cssClass\" : [ \"\" ],\r\n  \"dictSort\" : [ \"1\" ],\r\n  \"listClass\" : [ \"\" ],\r\n  \"isDefault\" : [ \"Y\" ],\r\n  \"status\" : [ \"0\" ],\r\n  \"remark\" : [ \"\" ]\r\n}','{\r\n  \"msg\" : \"操作成功\",\r\n  \"code\" : 0\r\n}',0,NULL,'2020-02-14 10:14:33'),(195,'字典数据',1,'com.ruoyi.web.controller.system.SysDictDataController.addSave()','POST',1,'admin','设备管理部门','/system/dict/data/add','127.0.0.1','内网IP','{\r\n  \"dictLabel\" : [ \"故障\" ],\r\n  \"dictValue\" : [ \"2\" ],\r\n  \"dictType\" : [ \"equ_status_type\" ],\r\n  \"cssClass\" : [ \"\" ],\r\n  \"dictSort\" : [ \"2\" ],\r\n  \"listClass\" : [ \"\" ],\r\n  \"isDefault\" : [ \"Y\" ],\r\n  \"status\" : [ \"0\" ],\r\n  \"remark\" : [ \"\" ]\r\n}','{\r\n  \"msg\" : \"操作成功\",\r\n  \"code\" : 0\r\n}',0,NULL,'2020-02-14 10:14:41'),(196,'字典数据',1,'com.ruoyi.web.controller.system.SysDictDataController.addSave()','POST',1,'admin','设备管理部门','/system/dict/data/add','127.0.0.1','内网IP','{\r\n  \"dictLabel\" : [ \"报损报废\" ],\r\n  \"dictValue\" : [ \"3\" ],\r\n  \"dictType\" : [ \"equ_status_type\" ],\r\n  \"cssClass\" : [ \"\" ],\r\n  \"dictSort\" : [ \"3\" ],\r\n  \"listClass\" : [ \"\" ],\r\n  \"isDefault\" : [ \"Y\" ],\r\n  \"status\" : [ \"0\" ],\r\n  \"remark\" : [ \"\" ]\r\n}','{\r\n  \"msg\" : \"操作成功\",\r\n  \"code\" : 0\r\n}',0,NULL,'2020-02-14 10:15:08'),(197,'代码生成',2,'com.ruoyi.generator.controller.GenController.editSave()','POST',1,'admin','设备管理部门','/tool/gen/edit','127.0.0.1','内网IP','{\r\n  \"tableId\" : [ \"5\" ],\r\n  \"tableName\" : [ \"equ_card\" ],\r\n  \"tableComment\" : [ \"设备档案表\" ],\r\n  \"className\" : [ \"EquCard\" ],\r\n  \"functionAuthor\" : [ \"ruoyi\" ],\r\n  \"remark\" : [ \"\" ],\r\n  \"columns[0].columnId\" : [ \"52\" ],\r\n  \"columns[0].sort\" : [ \"1\" ],\r\n  \"columns[0].columnComment\" : [ \"ID 主键\" ],\r\n  \"columns[0].javaType\" : [ \"Long\" ],\r\n  \"columns[0].javaField\" : [ \"equId\" ],\r\n  \"columns[0].isInsert\" : [ \"1\" ],\r\n  \"columns[0].queryType\" : [ \"EQ\" ],\r\n  \"columns[0].htmlType\" : [ \"input\" ],\r\n  \"columns[0].dictType\" : [ \"\" ],\r\n  \"columns[1].columnId\" : [ \"53\" ],\r\n  \"columns[1].sort\" : [ \"2\" ],\r\n  \"columns[1].columnComment\" : [ \"Guid\" ],\r\n  \"columns[1].javaType\" : [ \"String\" ],\r\n  \"columns[1].javaField\" : [ \"equGuid\" ],\r\n  \"columns[1].isInsert\" : [ \"1\" ],\r\n  \"columns[1].queryType\" : [ \"EQ\" ],\r\n  \"columns[1].htmlType\" : [ \"input\" ],\r\n  \"columns[1].dictType\" : [ \"\" ],\r\n  \"columns[2].columnId\" : [ \"54\" ],\r\n  \"columns[2].sort\" : [ \"3\" ],\r\n  \"columns[2].columnComment\" : [ \"设备编号\" ],\r\n  \"columns[2].javaType\" : [ \"String\" ],\r\n  \"columns[2].javaField\" : [ \"equCode\" ],\r\n  \"columns[2].isInsert\" : [ \"1\" ],\r\n  \"columns[2].isEdit\" : [ \"1\" ],\r\n  \"columns[2].isList\" : [ \"1\" ],\r\n  \"columns[2].queryType\" : [ \"EQ\" ],\r\n  \"columns[2].htmlType\" : [ \"input\" ],\r\n  \"columns[2].dictType\" : [ \"\" ],\r\n  \"columns[3].columnId\" : [ \"55\" ],\r\n  \"columns[3].sort\" : [ \"4\" ],\r\n  \"columns[3].columnComment\" : [ \"设备名称\" ],\r\n  \"columns[3].javaType\" : [ \"String\" ],\r\n  \"columns[3].javaField\" : [ \"equName\" ],\r\n  \"columns[3].isInsert\" : [ \"1\" ],\r\n  \"columns[3].isEdit\" : [ \"1\" ],\r\n  \"columns[3].isList\" : [ \"1\" ],\r\n  \"columns[3].queryType\" : [ \"LIKE\" ],\r\n  \"columns[3].htmlType\" : [ \"input\" ],\r\n  \"columns[3].dictType\" : [ \"\" ],\r\n  \"columns[4].columnId\" : [ \"56\" ],\r\n  \"columns[4].sort\" : [ \"5\" ],\r\n  \"columns[4].columnComment\" : [ \"设备类别 设备分类表主键\" ],\r\n  \"columns[4].javaType\" : [ \"Long\" ],\r\n  \"columns[4].javaField\" : [ \"classId\" ],\r\n  \"columns[4].isInsert\" : [ \"1\" ],\r\n  \"columns[4].isEdit\" : [ \"1\" ],\r\n  \"columns[4].queryType\" :','{\r\n  \"msg\" : \"操作成功\",\r\n  \"code\" : 0\r\n}',0,NULL,'2020-02-14 10:16:59'),(198,'代码生成',8,'com.ruoyi.generator.controller.GenController.genCode()','GET',1,'admin','设备管理部门','/tool/gen/genCode/equ_card','127.0.0.1','内网IP','{ }','null',0,NULL,'2020-02-14 10:17:03'),(199,'菜单管理',3,'com.ruoyi.web.controller.system.SysMenuController.remove()','GET',1,'admin','设备管理部门','/system/menu/remove/2012','127.0.0.1','内网IP','{ }','{\r\n  \"msg\" : \"操作成功\",\r\n  \"code\" : 0\r\n}',0,NULL,'2020-02-14 10:21:11'),(200,'代码生成',2,'com.ruoyi.generator.controller.GenController.editSave()','POST',1,'admin','设备管理部门','/tool/gen/edit','127.0.0.1','内网IP','{\r\n  \"tableId\" : [ \"5\" ],\r\n  \"tableName\" : [ \"equ_card\" ],\r\n  \"tableComment\" : [ \"设备档案表\" ],\r\n  \"className\" : [ \"EquCard\" ],\r\n  \"functionAuthor\" : [ \"ruoyi\" ],\r\n  \"remark\" : [ \"\" ],\r\n  \"columns[0].columnId\" : [ \"52\" ],\r\n  \"columns[0].sort\" : [ \"1\" ],\r\n  \"columns[0].columnComment\" : [ \"ID 主键\" ],\r\n  \"columns[0].javaType\" : [ \"Long\" ],\r\n  \"columns[0].javaField\" : [ \"equId\" ],\r\n  \"columns[0].isInsert\" : [ \"1\" ],\r\n  \"columns[0].queryType\" : [ \"EQ\" ],\r\n  \"columns[0].htmlType\" : [ \"input\" ],\r\n  \"columns[0].dictType\" : [ \"\" ],\r\n  \"columns[1].columnId\" : [ \"53\" ],\r\n  \"columns[1].sort\" : [ \"2\" ],\r\n  \"columns[1].columnComment\" : [ \"Guid\" ],\r\n  \"columns[1].javaType\" : [ \"String\" ],\r\n  \"columns[1].javaField\" : [ \"equGuid\" ],\r\n  \"columns[1].isInsert\" : [ \"1\" ],\r\n  \"columns[1].queryType\" : [ \"EQ\" ],\r\n  \"columns[1].htmlType\" : [ \"input\" ],\r\n  \"columns[1].dictType\" : [ \"\" ],\r\n  \"columns[2].columnId\" : [ \"54\" ],\r\n  \"columns[2].sort\" : [ \"3\" ],\r\n  \"columns[2].columnComment\" : [ \"设备编号\" ],\r\n  \"columns[2].javaType\" : [ \"String\" ],\r\n  \"columns[2].javaField\" : [ \"equCode\" ],\r\n  \"columns[2].isInsert\" : [ \"1\" ],\r\n  \"columns[2].isEdit\" : [ \"1\" ],\r\n  \"columns[2].isList\" : [ \"1\" ],\r\n  \"columns[2].isQuery\" : [ \"1\" ],\r\n  \"columns[2].queryType\" : [ \"EQ\" ],\r\n  \"columns[2].htmlType\" : [ \"input\" ],\r\n  \"columns[2].dictType\" : [ \"\" ],\r\n  \"columns[3].columnId\" : [ \"55\" ],\r\n  \"columns[3].sort\" : [ \"4\" ],\r\n  \"columns[3].columnComment\" : [ \"设备名称\" ],\r\n  \"columns[3].javaType\" : [ \"String\" ],\r\n  \"columns[3].javaField\" : [ \"equName\" ],\r\n  \"columns[3].isInsert\" : [ \"1\" ],\r\n  \"columns[3].isEdit\" : [ \"1\" ],\r\n  \"columns[3].isList\" : [ \"1\" ],\r\n  \"columns[3].isQuery\" : [ \"1\" ],\r\n  \"columns[3].queryType\" : [ \"LIKE\" ],\r\n  \"columns[3].htmlType\" : [ \"input\" ],\r\n  \"columns[3].dictType\" : [ \"\" ],\r\n  \"columns[4].columnId\" : [ \"56\" ],\r\n  \"columns[4].sort\" : [ \"5\" ],\r\n  \"columns[4].columnComment\" : [ \"设备类别 设备分类表主键\" ],\r\n  \"columns[4].javaType\" : [ \"Long\" ],\r\n  \"columns[4].javaField\" : [ \"classId\" ],\r\n  \"columns[4].isInsert\" : ','{\r\n  \"msg\" : \"操作成功\",\r\n  \"code\" : 0\r\n}',0,NULL,'2020-02-14 10:28:59'),(201,'代码生成',8,'com.ruoyi.generator.controller.GenController.genCode()','GET',1,'admin','设备管理部门','/tool/gen/genCode/equ_card','127.0.0.1','内网IP','{ }','null',0,NULL,'2020-02-14 10:29:05'),(202,'代码生成',2,'com.ruoyi.generator.controller.GenController.editSave()','POST',1,'admin','设备管理部门','/tool/gen/edit','127.0.0.1','内网IP','{\r\n  \"tableId\" : [ \"5\" ],\r\n  \"tableName\" : [ \"equ_card\" ],\r\n  \"tableComment\" : [ \"设备档案表\" ],\r\n  \"className\" : [ \"EquCard\" ],\r\n  \"functionAuthor\" : [ \"ruoyi\" ],\r\n  \"remark\" : [ \"\" ],\r\n  \"columns[0].columnId\" : [ \"52\" ],\r\n  \"columns[0].sort\" : [ \"1\" ],\r\n  \"columns[0].columnComment\" : [ \"ID 主键\" ],\r\n  \"columns[0].javaType\" : [ \"Long\" ],\r\n  \"columns[0].javaField\" : [ \"equId\" ],\r\n  \"columns[0].isInsert\" : [ \"1\" ],\r\n  \"columns[0].queryType\" : [ \"EQ\" ],\r\n  \"columns[0].htmlType\" : [ \"input\" ],\r\n  \"columns[0].dictType\" : [ \"\" ],\r\n  \"columns[1].columnId\" : [ \"53\" ],\r\n  \"columns[1].sort\" : [ \"2\" ],\r\n  \"columns[1].columnComment\" : [ \"Guid\" ],\r\n  \"columns[1].javaType\" : [ \"String\" ],\r\n  \"columns[1].javaField\" : [ \"equGuid\" ],\r\n  \"columns[1].isInsert\" : [ \"1\" ],\r\n  \"columns[1].queryType\" : [ \"EQ\" ],\r\n  \"columns[1].htmlType\" : [ \"input\" ],\r\n  \"columns[1].dictType\" : [ \"\" ],\r\n  \"columns[2].columnId\" : [ \"54\" ],\r\n  \"columns[2].sort\" : [ \"3\" ],\r\n  \"columns[2].columnComment\" : [ \"设备编号\" ],\r\n  \"columns[2].javaType\" : [ \"String\" ],\r\n  \"columns[2].javaField\" : [ \"equCode\" ],\r\n  \"columns[2].isInsert\" : [ \"1\" ],\r\n  \"columns[2].isEdit\" : [ \"1\" ],\r\n  \"columns[2].isList\" : [ \"1\" ],\r\n  \"columns[2].isQuery\" : [ \"1\" ],\r\n  \"columns[2].queryType\" : [ \"EQ\" ],\r\n  \"columns[2].htmlType\" : [ \"input\" ],\r\n  \"columns[2].dictType\" : [ \"\" ],\r\n  \"columns[3].columnId\" : [ \"55\" ],\r\n  \"columns[3].sort\" : [ \"4\" ],\r\n  \"columns[3].columnComment\" : [ \"设备名称\" ],\r\n  \"columns[3].javaType\" : [ \"String\" ],\r\n  \"columns[3].javaField\" : [ \"equName\" ],\r\n  \"columns[3].isInsert\" : [ \"1\" ],\r\n  \"columns[3].isEdit\" : [ \"1\" ],\r\n  \"columns[3].isList\" : [ \"1\" ],\r\n  \"columns[3].isQuery\" : [ \"1\" ],\r\n  \"columns[3].queryType\" : [ \"LIKE\" ],\r\n  \"columns[3].htmlType\" : [ \"input\" ],\r\n  \"columns[3].dictType\" : [ \"\" ],\r\n  \"columns[4].columnId\" : [ \"56\" ],\r\n  \"columns[4].sort\" : [ \"5\" ],\r\n  \"columns[4].columnComment\" : [ \"设备类别 设备分类表主键\" ],\r\n  \"columns[4].javaType\" : [ \"Long\" ],\r\n  \"columns[4].javaField\" : [ \"classId\" ],\r\n  \"columns[4].isInsert\" : ','{\r\n  \"msg\" : \"操作成功\",\r\n  \"code\" : 0\r\n}',0,NULL,'2020-02-14 10:30:52'),(203,'代码生成',8,'com.ruoyi.generator.controller.GenController.genCode()','GET',1,'admin','设备管理部门','/tool/gen/genCode/equ_card','127.0.0.1','内网IP','{ }','null',0,NULL,'2020-02-14 10:30:55'),(204,'菜单管理',2,'com.ruoyi.web.controller.system.SysMenuController.editSave()','POST',1,'admin','设备管理部门','/system/menu/edit','127.0.0.1','内网IP','{\r\n  \"menuId\" : [ \"2007\" ],\r\n  \"parentId\" : [ \"2006\" ],\r\n  \"menuType\" : [ \"C\" ],\r\n  \"menuName\" : [ \"设备档案\" ],\r\n  \"url\" : [ \"/system/euqcard\" ],\r\n  \"target\" : [ \"menuItem\" ],\r\n  \"perms\" : [ \"system:euqCard:view\" ],\r\n  \"orderNum\" : [ \"2\" ],\r\n  \"icon\" : [ \"#\" ],\r\n  \"visible\" : [ \"0\" ]\r\n}','{\r\n  \"msg\" : \"操作成功\",\r\n  \"code\" : 0\r\n}',0,NULL,'2020-02-14 10:35:36'),(205,'菜单管理',2,'com.ruoyi.web.controller.system.SysMenuController.editSave()','POST',1,'admin','设备管理部门','/system/menu/edit','127.0.0.1','内网IP','{\r\n  \"menuId\" : [ \"2007\" ],\r\n  \"parentId\" : [ \"2006\" ],\r\n  \"menuType\" : [ \"C\" ],\r\n  \"menuName\" : [ \"设备档案\" ],\r\n  \"url\" : [ \"/system/euqcard\" ],\r\n  \"target\" : [ \"menuItem\" ],\r\n  \"perms\" : [ \"system:euqcard:view\" ],\r\n  \"orderNum\" : [ \"2\" ],\r\n  \"icon\" : [ \"#\" ],\r\n  \"visible\" : [ \"0\" ]\r\n}','{\r\n  \"msg\" : \"操作成功\",\r\n  \"code\" : 0\r\n}',0,NULL,'2020-02-14 10:35:50'),(206,'菜单管理',2,'com.ruoyi.web.controller.system.SysMenuController.editSave()','POST',1,'admin','设备管理部门','/system/menu/edit','127.0.0.1','内网IP','{\r\n  \"menuId\" : [ \"2008\" ],\r\n  \"parentId\" : [ \"2007\" ],\r\n  \"menuType\" : [ \"F\" ],\r\n  \"menuName\" : [ \"设备档案查询\" ],\r\n  \"url\" : [ \"#\" ],\r\n  \"target\" : [ \"menuItem\" ],\r\n  \"perms\" : [ \"system:euqcard:list\" ],\r\n  \"orderNum\" : [ \"1\" ],\r\n  \"icon\" : [ \"#\" ],\r\n  \"visible\" : [ \"0\" ]\r\n}','{\r\n  \"msg\" : \"操作成功\",\r\n  \"code\" : 0\r\n}',0,NULL,'2020-02-14 10:36:21'),(207,'字典数据',2,'com.ruoyi.web.controller.system.SysDictDataController.editSave()','POST',1,'admin','设备管理部门','/system/dict/data/edit','127.0.0.1','内网IP','{\r\n  \"dictCode\" : [ \"111\" ],\r\n  \"dictLabel\" : [ \"报损报废\" ],\r\n  \"dictValue\" : [ \"3\" ],\r\n  \"dictType\" : [ \"equ_status_type\" ],\r\n  \"cssClass\" : [ \"\" ],\r\n  \"dictSort\" : [ \"3\" ],\r\n  \"listClass\" : [ \"\" ],\r\n  \"isDefault\" : [ \"N\" ],\r\n  \"status\" : [ \"0\" ],\r\n  \"remark\" : [ \"\" ]\r\n}','{\r\n  \"msg\" : \"操作成功\",\r\n  \"code\" : 0\r\n}',0,NULL,'2020-02-14 11:25:40'),(208,'字典数据',2,'com.ruoyi.web.controller.system.SysDictDataController.editSave()','POST',1,'admin','设备管理部门','/system/dict/data/edit','127.0.0.1','内网IP','{\r\n  \"dictCode\" : [ \"110\" ],\r\n  \"dictLabel\" : [ \"故障\" ],\r\n  \"dictValue\" : [ \"2\" ],\r\n  \"dictType\" : [ \"equ_status_type\" ],\r\n  \"cssClass\" : [ \"\" ],\r\n  \"dictSort\" : [ \"2\" ],\r\n  \"listClass\" : [ \"\" ],\r\n  \"isDefault\" : [ \"N\" ],\r\n  \"status\" : [ \"0\" ],\r\n  \"remark\" : [ \"\" ]\r\n}','{\r\n  \"msg\" : \"操作成功\",\r\n  \"code\" : 0\r\n}',0,NULL,'2020-02-14 11:25:45'),(209,'字典数据',2,'com.ruoyi.web.controller.system.SysDictDataController.editSave()','POST',1,'admin','设备管理部门','/system/dict/data/edit','127.0.0.1','内网IP','{\r\n  \"dictCode\" : [ \"109\" ],\r\n  \"dictLabel\" : [ \"正常使用\" ],\r\n  \"dictValue\" : [ \"1\" ],\r\n  \"dictType\" : [ \"equ_status_type\" ],\r\n  \"cssClass\" : [ \"\" ],\r\n  \"dictSort\" : [ \"1\" ],\r\n  \"listClass\" : [ \"\" ],\r\n  \"isDefault\" : [ \"N\" ],\r\n  \"status\" : [ \"0\" ],\r\n  \"remark\" : [ \"\" ]\r\n}','{\r\n  \"msg\" : \"操作成功\",\r\n  \"code\" : 0\r\n}',0,NULL,'2020-02-14 11:25:50'),(210,'字典数据',2,'com.ruoyi.web.controller.system.SysDictDataController.editSave()','POST',1,'admin','设备管理部门','/system/dict/data/edit','127.0.0.1','内网IP','{\r\n  \"dictCode\" : [ \"101\" ],\r\n  \"dictLabel\" : [ \"压力容器\" ],\r\n  \"dictValue\" : [ \"1\" ],\r\n  \"dictType\" : [ \"equ_attribute_type\" ],\r\n  \"cssClass\" : [ \"\" ],\r\n  \"dictSort\" : [ \"1\" ],\r\n  \"listClass\" : [ \"\" ],\r\n  \"isDefault\" : [ \"N\" ],\r\n  \"status\" : [ \"0\" ],\r\n  \"remark\" : [ \"\" ]\r\n}','{\r\n  \"msg\" : \"操作成功\",\r\n  \"code\" : 0\r\n}',0,NULL,'2020-02-14 11:43:10'),(211,'字典数据',2,'com.ruoyi.web.controller.system.SysDictDataController.editSave()','POST',1,'admin','设备管理部门','/system/dict/data/edit','127.0.0.1','内网IP','{\r\n  \"dictCode\" : [ \"102\" ],\r\n  \"dictLabel\" : [ \"压力管道\" ],\r\n  \"dictValue\" : [ \"2\" ],\r\n  \"dictType\" : [ \"equ_attribute_type\" ],\r\n  \"cssClass\" : [ \"\" ],\r\n  \"dictSort\" : [ \"2\" ],\r\n  \"listClass\" : [ \"\" ],\r\n  \"isDefault\" : [ \"N\" ],\r\n  \"status\" : [ \"0\" ],\r\n  \"remark\" : [ \"\" ]\r\n}','{\r\n  \"msg\" : \"操作成功\",\r\n  \"code\" : 0\r\n}',0,NULL,'2020-02-14 11:43:13'),(212,'字典数据',2,'com.ruoyi.web.controller.system.SysDictDataController.editSave()','POST',1,'admin','设备管理部门','/system/dict/data/edit','127.0.0.1','内网IP','{\r\n  \"dictCode\" : [ \"103\" ],\r\n  \"dictLabel\" : [ \"电梯\" ],\r\n  \"dictValue\" : [ \"3\" ],\r\n  \"dictType\" : [ \"equ_attribute_type\" ],\r\n  \"cssClass\" : [ \"\" ],\r\n  \"dictSort\" : [ \"3\" ],\r\n  \"listClass\" : [ \"\" ],\r\n  \"isDefault\" : [ \"N\" ],\r\n  \"status\" : [ \"0\" ],\r\n  \"remark\" : [ \"\" ]\r\n}','{\r\n  \"msg\" : \"操作成功\",\r\n  \"code\" : 0\r\n}',0,NULL,'2020-02-14 11:43:20'),(213,'字典数据',2,'com.ruoyi.web.controller.system.SysDictDataController.editSave()','POST',1,'admin','设备管理部门','/system/dict/data/edit','127.0.0.1','内网IP','{\r\n  \"dictCode\" : [ \"104\" ],\r\n  \"dictLabel\" : [ \"起重机械\" ],\r\n  \"dictValue\" : [ \"4\" ],\r\n  \"dictType\" : [ \"equ_attribute_type\" ],\r\n  \"cssClass\" : [ \"\" ],\r\n  \"dictSort\" : [ \"4\" ],\r\n  \"listClass\" : [ \"\" ],\r\n  \"isDefault\" : [ \"N\" ],\r\n  \"status\" : [ \"0\" ],\r\n  \"remark\" : [ \"\" ]\r\n}','{\r\n  \"msg\" : \"操作成功\",\r\n  \"code\" : 0\r\n}',0,NULL,'2020-02-14 11:43:25'),(214,'字典数据',2,'com.ruoyi.web.controller.system.SysDictDataController.editSave()','POST',1,'admin','设备管理部门','/system/dict/data/edit','127.0.0.1','内网IP','{\r\n  \"dictCode\" : [ \"105\" ],\r\n  \"dictLabel\" : [ \"客运索道\" ],\r\n  \"dictValue\" : [ \"5\" ],\r\n  \"dictType\" : [ \"equ_attribute_type\" ],\r\n  \"cssClass\" : [ \"\" ],\r\n  \"dictSort\" : [ \"5\" ],\r\n  \"listClass\" : [ \"\" ],\r\n  \"isDefault\" : [ \"N\" ],\r\n  \"status\" : [ \"0\" ],\r\n  \"remark\" : [ \"\" ]\r\n}','{\r\n  \"msg\" : \"操作成功\",\r\n  \"code\" : 0\r\n}',0,NULL,'2020-02-14 11:43:28'),(215,'字典数据',2,'com.ruoyi.web.controller.system.SysDictDataController.editSave()','POST',1,'admin','设备管理部门','/system/dict/data/edit','127.0.0.1','内网IP','{\r\n  \"dictCode\" : [ \"106\" ],\r\n  \"dictLabel\" : [ \"大型游乐设施\" ],\r\n  \"dictValue\" : [ \"6\" ],\r\n  \"dictType\" : [ \"equ_attribute_type\" ],\r\n  \"cssClass\" : [ \"\" ],\r\n  \"dictSort\" : [ \"6\" ],\r\n  \"listClass\" : [ \"\" ],\r\n  \"isDefault\" : [ \"N\" ],\r\n  \"status\" : [ \"0\" ],\r\n  \"remark\" : [ \"\" ]\r\n}','{\r\n  \"msg\" : \"操作成功\",\r\n  \"code\" : 0\r\n}',0,NULL,'2020-02-14 11:43:31'),(216,'字典数据',2,'com.ruoyi.web.controller.system.SysDictDataController.editSave()','POST',1,'admin','设备管理部门','/system/dict/data/edit','127.0.0.1','内网IP','{\r\n  \"dictCode\" : [ \"107\" ],\r\n  \"dictLabel\" : [ \"场（厂）内专用机动车辆\" ],\r\n  \"dictValue\" : [ \"7\" ],\r\n  \"dictType\" : [ \"equ_attribute_type\" ],\r\n  \"cssClass\" : [ \"\" ],\r\n  \"dictSort\" : [ \"7\" ],\r\n  \"listClass\" : [ \"\" ],\r\n  \"isDefault\" : [ \"N\" ],\r\n  \"status\" : [ \"0\" ],\r\n  \"remark\" : [ \"\" ]\r\n}','{\r\n  \"msg\" : \"操作成功\",\r\n  \"code\" : 0\r\n}',0,NULL,'2020-02-14 11:43:35'),(217,'设备档案',1,'com.ruoyi.web.controller.system.EquCardController.addSave()','POST',1,'admin','设备管理部门','/system/euqcard/add','127.0.0.1','内网IP','{\r\n  \"classId\" : [ \"5\" ],\r\n  \"equCode\" : [ \"\" ],\r\n  \"equName\" : [ \"\" ],\r\n  \"className\" : [ \"机电运行设备\" ],\r\n  \"equCount\" : [ \"\" ],\r\n  \"equSprice\" : [ \"\" ],\r\n  \"supplierId\" : [ \"\" ],\r\n  \"equBrand\" : [ \"\" ],\r\n  \"equParam\" : [ \"\" ],\r\n  \"deptId\" : [ \"\" ],\r\n  \"equAdmin\" : [ \"\" ],\r\n  \"equTime\" : [ \"\" ],\r\n  \"equYear\" : [ \"\" ],\r\n  \"equArea\" : [ \"\" ],\r\n  \"equStatus\" : [ \"0\" ],\r\n  \"remark\" : [ \"\" ],\r\n  \"equAttribute\" : [ \"\" ]\r\n}','null',1,'\r\n### Error updating database.  Cause: java.sql.SQLException: Field \'equ_guid\' doesn\'t have a default value\r\n### The error may involve com.ruoyi.system.mapper.EquCardMapper.insertEquCard-Inline\r\n### The error occurred while setting parameters\r\n### SQL: insert into equ_card          ( class_id,                                                                                                                                               equ_status,                                                                              create_time )           values ( ?,                                                                                                                                               ?,                                                                              ? )\r\n### Cause: java.sql.SQLException: Field \'equ_guid\' doesn\'t have a default value\n; Field \'equ_guid\' doesn\'t have a default value; nested exception is java.sql.SQLException: Field \'equ_guid\' doesn\'t have a default value','2020-02-14 12:53:42'),(218,'设备分类',1,'com.ruoyi.web.controller.system.EquClassController.addSave()','POST',1,'admin','设备管理部门','/system/equclass/add','127.0.0.1','内网IP','{\r\n  \"parentId\" : [ \"5\" ],\r\n  \"className\" : [ \"空调\" ],\r\n  \"orderNum\" : [ \"0\" ],\r\n  \"remark\" : [ \"\" ],\r\n  \"status\" : [ \"0\" ]\r\n}','{\r\n  \"msg\" : \"操作成功\",\r\n  \"code\" : 0\r\n}',0,NULL,'2020-02-14 13:40:50'),(219,'设备档案',1,'com.ruoyi.web.controller.system.EquCardController.addSave()','POST',1,'admin','设备管理部门','/system/euqcard/add','127.0.0.1','内网IP','{\r\n  \"classId\" : [ \"9\" ],\r\n  \"equName\" : [ \"空调\" ],\r\n  \"className\" : [ \"空调\" ],\r\n  \"equCount\" : [ \"1\" ],\r\n  \"equSprice\" : [ \"3000\" ],\r\n  \"supplierId\" : [ \"\" ],\r\n  \"equBrand\" : [ \"\" ],\r\n  \"equParam\" : [ \"\" ],\r\n  \"deptId\" : [ \"\" ],\r\n  \"equAdmin\" : [ \"\" ],\r\n  \"equTime\" : [ \"\" ],\r\n  \"equYear\" : [ \"\" ],\r\n  \"equArea\" : [ \"\" ],\r\n  \"equStatus\" : [ \"0\" ],\r\n  \"remark\" : [ \"\" ],\r\n  \"equAttribute\" : [ \"\" ]\r\n}','{\r\n  \"msg\" : \"操作成功\",\r\n  \"code\" : 0\r\n}',0,NULL,'2020-02-14 13:41:17'),(220,'设备档案',1,'com.ruoyi.web.controller.system.EquCardController.addSave()','POST',1,'admin','设备管理部门','/system/euqcard/add','127.0.0.1','内网IP','{\r\n  \"classId\" : [ \"9\" ],\r\n  \"equName\" : [ \"中央空调\" ],\r\n  \"className\" : [ \"空调\" ],\r\n  \"equCount\" : [ \"1\" ],\r\n  \"equSprice\" : [ \"4000\" ],\r\n  \"supplierId\" : [ \"\" ],\r\n  \"equBrand\" : [ \"\" ],\r\n  \"equParam\" : [ \"\" ],\r\n  \"deptId\" : [ \"\" ],\r\n  \"equAdmin\" : [ \"\" ],\r\n  \"equTime\" : [ \"\" ],\r\n  \"equYear\" : [ \"\" ],\r\n  \"equArea\" : [ \"\" ],\r\n  \"equStatus\" : [ \"0\" ],\r\n  \"remark\" : [ \"\" ],\r\n  \"equAttribute\" : [ \"\" ]\r\n}','null',1,'\r\n### Error updating database.  Cause: java.sql.SQLException: Parameter number 1 is not an OUT parameter\r\n### SQL: CALL GetSerialNo(?)\r\n### Cause: java.sql.SQLException: Parameter number 1 is not an OUT parameter\n; Parameter number 1 is not an OUT parameter; nested exception is java.sql.SQLException: Parameter number 1 is not an OUT parameter','2020-02-14 14:43:08'),(221,'设备档案',1,'com.ruoyi.web.controller.system.EquCardController.addSave()','POST',1,'admin','设备管理部门','/system/euqcard/add','127.0.0.1','内网IP','{\r\n  \"classId\" : [ \"9\" ],\r\n  \"equName\" : [ \"中央空调\" ],\r\n  \"className\" : [ \"空调\" ],\r\n  \"equCount\" : [ \"1\" ],\r\n  \"equSprice\" : [ \"4000\" ],\r\n  \"supplierId\" : [ \"\" ],\r\n  \"equBrand\" : [ \"\" ],\r\n  \"equParam\" : [ \"\" ],\r\n  \"deptId\" : [ \"\" ],\r\n  \"equAdmin\" : [ \"\" ],\r\n  \"equTime\" : [ \"\" ],\r\n  \"equYear\" : [ \"\" ],\r\n  \"equArea\" : [ \"\" ],\r\n  \"equStatus\" : [ \"0\" ],\r\n  \"remark\" : [ \"\" ],\r\n  \"equAttribute\" : [ \"\" ]\r\n}','null',1,'\r\n### Error updating database.  Cause: java.sql.SQLException: Parameter number 1 is not an OUT parameter\r\n### SQL: CALL GetSerialNo(?)\r\n### Cause: java.sql.SQLException: Parameter number 1 is not an OUT parameter\n; Parameter number 1 is not an OUT parameter; nested exception is java.sql.SQLException: Parameter number 1 is not an OUT parameter','2020-02-14 14:44:31'),(222,'设备档案',1,'com.ruoyi.web.controller.system.EquCardController.addSave()','POST',1,'admin','设备管理部门','/system/euqcard/add','127.0.0.1','内网IP','{\r\n  \"classId\" : [ \"9\" ],\r\n  \"equName\" : [ \"中央空调\" ],\r\n  \"className\" : [ \"空调\" ],\r\n  \"equCount\" : [ \"1\" ],\r\n  \"equSprice\" : [ \"10000\" ],\r\n  \"supplierId\" : [ \"\" ],\r\n  \"equBrand\" : [ \"\" ],\r\n  \"equParam\" : [ \"\" ],\r\n  \"deptId\" : [ \"\" ],\r\n  \"equAdmin\" : [ \"\" ],\r\n  \"equTime\" : [ \"\" ],\r\n  \"equYear\" : [ \"\" ],\r\n  \"equArea\" : [ \"\" ],\r\n  \"equStatus\" : [ \"0\" ],\r\n  \"remark\" : [ \"\" ],\r\n  \"equAttribute\" : [ \"\" ]\r\n}','{\r\n  \"msg\" : \"操作成功\",\r\n  \"code\" : 0\r\n}',0,NULL,'2020-02-14 14:46:50'),(223,'设备档案',1,'com.ruoyi.web.controller.system.EquCardController.addSave()','POST',1,'admin','设备管理部门','/system/euqcard/add','127.0.0.1','内网IP','{\r\n  \"classId\" : [ \"9\" ],\r\n  \"equName\" : [ \"电梯空调\" ],\r\n  \"className\" : [ \"空调\" ],\r\n  \"equCount\" : [ \"1\" ],\r\n  \"equSprice\" : [ \"1000\" ],\r\n  \"supplierId\" : [ \"\" ],\r\n  \"equBrand\" : [ \"\" ],\r\n  \"equParam\" : [ \"\" ],\r\n  \"deptId\" : [ \"\" ],\r\n  \"equAdmin\" : [ \"\" ],\r\n  \"equTime\" : [ \"\" ],\r\n  \"equYear\" : [ \"\" ],\r\n  \"equArea\" : [ \"\" ],\r\n  \"equStatus\" : [ \"0\" ],\r\n  \"remark\" : [ \"\" ],\r\n  \"equAttribute\" : [ \"\" ]\r\n}','{\r\n  \"msg\" : \"操作成功\",\r\n  \"code\" : 0\r\n}',0,NULL,'2020-02-14 15:02:32'),(224,'设备档案',5,'com.ruoyi.web.controller.system.EquCardController.export()','POST',1,'admin','设备管理部门','/system/euqcard/export','127.0.0.1','内网IP','{\r\n  \"equSerial\" : [ \"\" ],\r\n  \"equName\" : [ \"\" ],\r\n  \"equStatus\" : [ \"\" ],\r\n  \"params[beginCreateTime]\" : [ \"\" ],\r\n  \"params[endCreateTime]\" : [ \"\" ]\r\n}','{\r\n  \"msg\" : \"570de7a8-1eeb-4de6-8fb6-5f75cbda03a5_euqcard.xlsx\",\r\n  \"code\" : 0\r\n}',0,NULL,'2020-02-14 15:06:00'),(225,'设备档案',2,'com.ruoyi.web.controller.system.EquCardController.editSave()','POST',1,'admin','设备管理部门','/system/euqcard/edit','127.0.0.1','内网IP','{\r\n  \"equAttribute\" : [ \"\" ]\r\n}','null',1,'','2020-02-14 15:59:09'),(226,'设备档案',2,'com.ruoyi.web.controller.system.EquCardController.editSave()','POST',1,'admin','设备管理部门','/system/euqcard/edit','127.0.0.1','内网IP','{\r\n  \"equAttribute\" : [ \"\" ]\r\n}','null',1,'','2020-02-14 16:07:41'),(227,'设备档案',2,'com.ruoyi.web.controller.system.EquCardController.editSave()','POST',1,'admin','设备管理部门','/system/euqcard/edit','127.0.0.1','内网IP','{\r\n  \"equAttribute\" : [ \"\" ]\r\n}','null',1,'','2020-02-14 16:08:10'),(228,'设备档案',2,'com.ruoyi.web.controller.system.EquCardController.editSave()','POST',1,'admin','设备管理部门','/system/euqcard/edit','127.0.0.1','内网IP','{\r\n  \"equAttribute\" : [ \"\" ]\r\n}','null',1,'','2020-02-14 16:13:23'),(229,'设备档案',2,'com.ruoyi.web.controller.system.EquCardController.editSave()','POST',1,'admin','设备管理部门','/system/euqcard/edit','127.0.0.1','内网IP','{\r\n  \"equAttribute\" : [ \"\" ]\r\n}','null',1,'','2020-02-14 16:14:51'),(230,'设备档案',2,'com.ruoyi.web.controller.system.EquCardController.editSave()','POST',1,'admin','设备管理部门','/system/euqcard/edit','127.0.0.1','内网IP','{\r\n  \"equAttribute\" : [ \"\" ]\r\n}','null',1,'','2020-02-14 16:16:52'),(231,'设备档案',2,'com.ruoyi.web.controller.system.EquCardController.editSave()','POST',1,'admin','设备管理部门','/system/euqcard/edit','127.0.0.1','内网IP','{\r\n  \"equId\" : [ \"1\" ],\r\n  \"classId\" : [ \"9\" ],\r\n  \"equName\" : [ \"空调\" ],\r\n  \"className\" : [ \"空调\" ],\r\n  \"equCount\" : [ \"1.0\" ],\r\n  \"equSprice\" : [ \"3000.0\" ],\r\n  \"supplierId\" : [ \"\" ],\r\n  \"equBrand\" : [ \"\" ],\r\n  \"equParam\" : [ \"\" ],\r\n  \"deptId\" : [ \"\" ],\r\n  \"equAdmin\" : [ \"\" ],\r\n  \"equTime\" : [ \"\" ],\r\n  \"equYear\" : [ \"\" ],\r\n  \"equArea\" : [ \"\" ],\r\n  \"remark\" : [ \"\" ],\r\n  \"equAttribute\" : [ \"\" ]\r\n}','{\r\n  \"msg\" : \"操作成功\",\r\n  \"code\" : 0\r\n}',0,NULL,'2020-02-14 16:17:09'),(232,'设备档案',2,'com.ruoyi.web.controller.system.EquCardController.editSave()','POST',1,'admin','设备管理部门','/system/euqcard/edit','127.0.0.1','内网IP','{\r\n  \"equId\" : [ \"1\" ],\r\n  \"classId\" : [ \"9\" ],\r\n  \"equName\" : [ \"空调\" ],\r\n  \"className\" : [ \"空调\" ],\r\n  \"equCount\" : [ \"2.0\" ],\r\n  \"equSprice\" : [ \"3000.0\" ],\r\n  \"supplierId\" : [ \"\" ],\r\n  \"equBrand\" : [ \"\" ],\r\n  \"equParam\" : [ \"\" ],\r\n  \"deptId\" : [ \"\" ],\r\n  \"equAdmin\" : [ \"\" ],\r\n  \"equTime\" : [ \"\" ],\r\n  \"equYear\" : [ \"\" ],\r\n  \"equArea\" : [ \"\" ],\r\n  \"equStatus\" : [ \"0\" ],\r\n  \"remark\" : [ \"\" ],\r\n  \"equAttribute\" : [ \"\" ]\r\n}','{\r\n  \"msg\" : \"操作成功\",\r\n  \"code\" : 0\r\n}',0,NULL,'2020-02-14 16:18:19'),(233,'设备档案',2,'com.ruoyi.web.controller.system.EquCardController.editSave()','POST',1,'admin','设备管理部门','/system/euqcard/edit','127.0.0.1','内网IP','{\r\n  \"equId\" : [ \"2\" ],\r\n  \"classId\" : [ \"9\" ],\r\n  \"equName\" : [ \"中央空调\" ],\r\n  \"className\" : [ \"空调\" ],\r\n  \"equCount\" : [ \"1.0\" ],\r\n  \"equSprice\" : [ \"10000.0\" ],\r\n  \"supplierId\" : [ \"\" ],\r\n  \"equBrand\" : [ \"\" ],\r\n  \"equParam\" : [ \"\" ],\r\n  \"deptId\" : [ \"\" ],\r\n  \"equAdmin\" : [ \"\" ],\r\n  \"equTime\" : [ \"\" ],\r\n  \"equYear\" : [ \"\" ],\r\n  \"equArea\" : [ \"\" ],\r\n  \"equStatus\" : [ \"0\" ],\r\n  \"remark\" : [ \"\" ],\r\n  \"equAttribute\" : [ \"\" ]\r\n}','{\r\n  \"msg\" : \"操作成功\",\r\n  \"code\" : 0\r\n}',0,NULL,'2020-02-14 16:20:42'),(234,'设备档案',2,'com.ruoyi.web.controller.system.EquCardController.editSave()','POST',1,'admin','设备管理部门','/system/euqcard/edit','127.0.0.1','内网IP','{\r\n  \"equId\" : [ \"3\" ],\r\n  \"classId\" : [ \"9\" ],\r\n  \"equName\" : [ \"电梯空调\" ],\r\n  \"className\" : [ \"空调\" ],\r\n  \"equCount\" : [ \"1.0\" ],\r\n  \"equSprice\" : [ \"1000.0\" ],\r\n  \"supplierId\" : [ \"\" ],\r\n  \"equBrand\" : [ \"\" ],\r\n  \"equParam\" : [ \"\" ],\r\n  \"deptId\" : [ \"\" ],\r\n  \"equAdmin\" : [ \"\" ],\r\n  \"equTime\" : [ \"\" ],\r\n  \"equYear\" : [ \"\" ],\r\n  \"equArea\" : [ \"\" ],\r\n  \"equStatus\" : [ \"0\" ],\r\n  \"remark\" : [ \"\" ],\r\n  \"equAttribute\" : [ \"\" ]\r\n}','{\r\n  \"msg\" : \"操作成功\",\r\n  \"code\" : 0\r\n}',0,NULL,'2020-02-14 16:20:49'),(235,'设备档案',2,'com.ruoyi.web.controller.system.EquCardController.editSave()','POST',1,'admin','设备管理部门','/system/euqcard/edit','127.0.0.1','内网IP','{\r\n  \"equId\" : [ \"1\" ],\r\n  \"classId\" : [ \"9\" ],\r\n  \"equName\" : [ \"空调\" ],\r\n  \"className\" : [ \"空调\" ],\r\n  \"equCount\" : [ \"2.0\" ],\r\n  \"equSprice\" : [ \"3000.0\" ],\r\n  \"supplierId\" : [ \"\" ],\r\n  \"equBrand\" : [ \"\" ],\r\n  \"equParam\" : [ \"\" ],\r\n  \"deptId\" : [ \"\" ],\r\n  \"equAdmin\" : [ \"\" ],\r\n  \"equTime\" : [ \"\" ],\r\n  \"equYear\" : [ \"\" ],\r\n  \"equArea\" : [ \"\" ],\r\n  \"equStatus\" : [ \"1\" ],\r\n  \"remark\" : [ \"\" ],\r\n  \"equAttribute\" : [ \"\" ]\r\n}','{\r\n  \"msg\" : \"操作成功\",\r\n  \"code\" : 0\r\n}',0,NULL,'2020-02-14 16:25:33'),(236,'设备档案',2,'com.ruoyi.web.controller.system.EquCardController.editSave()','POST',1,'admin','设备管理部门','/system/euqcard/edit','127.0.0.1','内网IP','{\r\n  \"equId\" : [ \"3\" ],\r\n  \"classId\" : [ \"9\" ],\r\n  \"equName\" : [ \"电梯空调\" ],\r\n  \"className\" : [ \"空调\" ],\r\n  \"equCount\" : [ \"1.0\" ],\r\n  \"equSprice\" : [ \"1000.0\" ],\r\n  \"supplierId\" : [ \"\" ],\r\n  \"equBrand\" : [ \"\" ],\r\n  \"equParam\" : [ \"\" ],\r\n  \"deptId\" : [ \"\" ],\r\n  \"equAdmin\" : [ \"\" ],\r\n  \"equTime\" : [ \"\" ],\r\n  \"equYear\" : [ \"\" ],\r\n  \"equArea\" : [ \"\" ],\r\n  \"equStatus\" : [ \"1\" ],\r\n  \"remark\" : [ \"\" ],\r\n  \"equAttribute\" : [ \"\" ]\r\n}','{\r\n  \"msg\" : \"操作成功\",\r\n  \"code\" : 0\r\n}',0,NULL,'2020-02-14 16:28:16'),(237,'设备档案',2,'com.ruoyi.web.controller.system.EquCardController.editSave()','POST',1,'admin','设备管理部门','/system/euqcard/edit','127.0.0.1','内网IP','{\r\n  \"equId\" : [ \"3\" ],\r\n  \"classId\" : [ \"9\" ],\r\n  \"equName\" : [ \"电梯空调\" ],\r\n  \"className\" : [ \"空调\" ],\r\n  \"equCount\" : [ \"1.0\" ],\r\n  \"equSprice\" : [ \"1000.0\" ],\r\n  \"supplierId\" : [ \"\" ],\r\n  \"equBrand\" : [ \"\" ],\r\n  \"equParam\" : [ \"\" ],\r\n  \"deptId\" : [ \"\" ],\r\n  \"equAdmin\" : [ \"\" ],\r\n  \"equTime\" : [ \"\" ],\r\n  \"equYear\" : [ \"\" ],\r\n  \"equArea\" : [ \"\" ],\r\n  \"equStatus\" : [ \"0\" ],\r\n  \"remark\" : [ \"\" ],\r\n  \"equAttribute\" : [ \"\" ]\r\n}','{\r\n  \"msg\" : \"操作成功\",\r\n  \"code\" : 0\r\n}',0,NULL,'2020-02-14 16:28:23'),(238,'设备档案',2,'com.ruoyi.web.controller.system.EquCardController.editSave()','POST',1,'admin','设备管理部门','/system/euqcard/edit','127.0.0.1','内网IP','{\r\n  \"equId\" : [ \"1\" ],\r\n  \"classId\" : [ \"9\" ],\r\n  \"equName\" : [ \"空调\" ],\r\n  \"className\" : [ \"空调\" ],\r\n  \"equCount\" : [ \"2.0\" ],\r\n  \"equSprice\" : [ \"3000.0\" ],\r\n  \"supplierId\" : [ \"\" ],\r\n  \"equBrand\" : [ \"\" ],\r\n  \"equParam\" : [ \"\" ],\r\n  \"deptId\" : [ \"\" ],\r\n  \"equAdmin\" : [ \"\" ],\r\n  \"equTime\" : [ \"\" ],\r\n  \"equYear\" : [ \"\" ],\r\n  \"equArea\" : [ \"\" ],\r\n  \"equStatus\" : [ \"0\" ],\r\n  \"remark\" : [ \"\" ],\r\n  \"equAttribute\" : [ \"\" ]\r\n}','{\r\n  \"msg\" : \"操作成功\",\r\n  \"code\" : 0\r\n}',0,NULL,'2020-02-14 16:28:28'),(239,'设备档案',2,'com.ruoyi.web.controller.system.EquCardController.editSave()','POST',1,'admin','设备管理部门','/system/euqcard/edit','127.0.0.1','内网IP','{\r\n  \"equId\" : [ \"1\" ],\r\n  \"classId\" : [ \"9\" ],\r\n  \"deptId\" : [ \"101\" ],\r\n  \"equName\" : [ \"空调\" ],\r\n  \"className\" : [ \"空调\" ],\r\n  \"equCount\" : [ \"2.0\" ],\r\n  \"equSprice\" : [ \"3000.0\" ],\r\n  \"supplierId\" : [ \"\" ],\r\n  \"equBrand\" : [ \"\" ],\r\n  \"equParam\" : [ \"\" ],\r\n  \"deptName\" : [ \"设备管理部门\" ],\r\n  \"equAdmin\" : [ \"\" ],\r\n  \"equTime\" : [ \"\" ],\r\n  \"equYear\" : [ \"\" ],\r\n  \"equArea\" : [ \"\" ],\r\n  \"equStatus\" : [ \"0\" ],\r\n  \"remark\" : [ \"\" ],\r\n  \"equAttribute\" : [ \"\" ]\r\n}','{\r\n  \"msg\" : \"操作成功\",\r\n  \"code\" : 0\r\n}',0,NULL,'2020-02-14 16:48:17'),(240,'设备档案',2,'com.ruoyi.web.controller.system.EquCardController.editSave()','POST',1,'admin','设备管理部门','/system/euqcard/edit','127.0.0.1','内网IP','{\r\n  \"equId\" : [ \"1\" ],\r\n  \"classId\" : [ \"9\" ],\r\n  \"deptId\" : [ \"101\" ],\r\n  \"equName\" : [ \"空调\" ],\r\n  \"className\" : [ \"空调\" ],\r\n  \"equCount\" : [ \"2.0\" ],\r\n  \"equSprice\" : [ \"3000.0\" ],\r\n  \"supplierId\" : [ \"\" ],\r\n  \"equBrand\" : [ \"\" ],\r\n  \"equParam\" : [ \"\" ],\r\n  \"deptName\" : [ \"设备管理部门\" ],\r\n  \"equAdmin\" : [ \"\" ],\r\n  \"equTime\" : [ \"\" ],\r\n  \"equYear\" : [ \"\" ],\r\n  \"equArea\" : [ \"\" ],\r\n  \"equStatus\" : [ \"0\" ],\r\n  \"remark\" : [ \"\" ],\r\n  \"equAttribute\" : [ \"\" ]\r\n}','{\r\n  \"msg\" : \"操作成功\",\r\n  \"code\" : 0\r\n}',0,NULL,'2020-02-14 16:48:42'),(241,'设备档案',2,'com.ruoyi.web.controller.system.EquCardController.editSave()','POST',1,'admin','设备管理部门','/system/euqcard/edit','127.0.0.1','内网IP','{\r\n  \"equId\" : [ \"1\" ],\r\n  \"classId\" : [ \"9\" ],\r\n  \"deptId\" : [ \"101\" ],\r\n  \"equName\" : [ \"空调\" ],\r\n  \"className\" : [ \"空调\" ],\r\n  \"equCount\" : [ \"2.0\" ],\r\n  \"equSprice\" : [ \"3000.0\" ],\r\n  \"supplierId\" : [ \"\" ],\r\n  \"equBrand\" : [ \"\" ],\r\n  \"equParam\" : [ \"\" ],\r\n  \"deptName\" : [ \"设备管理部门\" ],\r\n  \"equAdmin\" : [ \"\" ],\r\n  \"equTime\" : [ \"\" ],\r\n  \"equYear\" : [ \"\" ],\r\n  \"equArea\" : [ \"\" ],\r\n  \"equStatus\" : [ \"0\" ],\r\n  \"remark\" : [ \"\" ],\r\n  \"equAttribute\" : [ \"0\" ]\r\n}','{\r\n  \"msg\" : \"操作成功\",\r\n  \"code\" : 0\r\n}',0,NULL,'2020-02-14 16:51:10'),(242,'设备档案',2,'com.ruoyi.web.controller.system.EquCardController.editSave()','POST',1,'admin','设备管理部门','/system/euqcard/edit','127.0.0.1','内网IP','{\r\n  \"equId\" : [ \"1\" ],\r\n  \"classId\" : [ \"9\" ],\r\n  \"deptId\" : [ \"101\" ],\r\n  \"equName\" : [ \"空调\" ],\r\n  \"className\" : [ \"空调\" ],\r\n  \"equCount\" : [ \"2.0\" ],\r\n  \"equSprice\" : [ \"3000.0\" ],\r\n  \"supplierId\" : [ \"\" ],\r\n  \"equBrand\" : [ \"\" ],\r\n  \"equParam\" : [ \"\" ],\r\n  \"deptName\" : [ \"设备管理部门\" ],\r\n  \"equAdmin\" : [ \"\" ],\r\n  \"equTime\" : [ \"\" ],\r\n  \"equYear\" : [ \"\" ],\r\n  \"equArea\" : [ \"\" ],\r\n  \"equAttribute\" : [ \"1\" ],\r\n  \"equStatus\" : [ \"0\" ],\r\n  \"remark\" : [ \"\" ]\r\n}','{\r\n  \"msg\" : \"操作成功\",\r\n  \"code\" : 0\r\n}',0,NULL,'2020-02-14 17:19:04'),(243,'设备档案',2,'com.ruoyi.web.controller.system.EquCardController.editSave()','POST',1,'admin','设备管理部门','/system/euqcard/edit','127.0.0.1','内网IP','{\r\n  \"equId\" : [ \"1\" ],\r\n  \"classId\" : [ \"9\" ],\r\n  \"deptId\" : [ \"101\" ],\r\n  \"equName\" : [ \"空调\" ],\r\n  \"className\" : [ \"空调\" ],\r\n  \"equCount\" : [ \"2.0\" ],\r\n  \"equSprice\" : [ \"3000.0\" ],\r\n  \"supplierId\" : [ \"\" ],\r\n  \"equBrand\" : [ \"\" ],\r\n  \"equParam\" : [ \"\" ],\r\n  \"deptName\" : [ \"设备管理部门\" ],\r\n  \"equAdmin\" : [ \"\" ],\r\n  \"equTime\" : [ \"\" ],\r\n  \"equYear\" : [ \"\" ],\r\n  \"equArea\" : [ \"\" ],\r\n  \"equAttribute\" : [ \"0\" ],\r\n  \"equStatus\" : [ \"0\" ],\r\n  \"remark\" : [ \"\" ]\r\n}','{\r\n  \"msg\" : \"操作成功\",\r\n  \"code\" : 0\r\n}',0,NULL,'2020-02-14 17:19:10'),(244,'字典数据',2,'com.ruoyi.web.controller.system.SysDictDataController.editSave()','POST',1,'admin','设备管理部门','/system/dict/data/edit','127.0.0.1','内网IP','{\r\n  \"dictCode\" : [ \"100\" ],\r\n  \"dictLabel\" : [ \"无\" ],\r\n  \"dictValue\" : [ \"0\" ],\r\n  \"dictType\" : [ \"equ_attribute_type\" ],\r\n  \"cssClass\" : [ \"\" ],\r\n  \"dictSort\" : [ \"0\" ],\r\n  \"listClass\" : [ \"\" ],\r\n  \"isDefault\" : [ \"Y\" ],\r\n  \"status\" : [ \"0\" ],\r\n  \"remark\" : [ \"\" ]\r\n}','{\r\n  \"msg\" : \"操作成功\",\r\n  \"code\" : 0\r\n}',0,NULL,'2020-02-14 17:20:01'),(245,'字典数据',1,'com.ruoyi.web.controller.system.SysDictDataController.addSave()','POST',1,'admin','设备管理部门','/system/dict/data/add','127.0.0.1','内网IP','{\r\n  \"dictLabel\" : [ \"1\" ],\r\n  \"dictValue\" : [ \"8\" ],\r\n  \"dictType\" : [ \"equ_attribute_type\" ],\r\n  \"cssClass\" : [ \"\" ],\r\n  \"dictSort\" : [ \"8\" ],\r\n  \"listClass\" : [ \"\" ],\r\n  \"isDefault\" : [ \"N\" ],\r\n  \"status\" : [ \"0\" ],\r\n  \"remark\" : [ \"\" ]\r\n}','{\r\n  \"msg\" : \"操作成功\",\r\n  \"code\" : 0\r\n}',0,NULL,'2020-02-14 17:20:17'),(246,'字典数据',2,'com.ruoyi.web.controller.system.SysDictDataController.editSave()','POST',1,'admin','设备管理部门','/system/dict/data/edit','127.0.0.1','内网IP','{\r\n  \"dictCode\" : [ \"112\" ],\r\n  \"dictLabel\" : [ \"场（厂）内专用机动车辆\" ],\r\n  \"dictValue\" : [ \"8\" ],\r\n  \"dictType\" : [ \"equ_attribute_type\" ],\r\n  \"cssClass\" : [ \"\" ],\r\n  \"dictSort\" : [ \"8\" ],\r\n  \"listClass\" : [ \"\" ],\r\n  \"isDefault\" : [ \"N\" ],\r\n  \"status\" : [ \"0\" ],\r\n  \"remark\" : [ \"\" ]\r\n}','{\r\n  \"msg\" : \"操作成功\",\r\n  \"code\" : 0\r\n}',0,NULL,'2020-02-14 17:20:25'),(247,'字典数据',2,'com.ruoyi.web.controller.system.SysDictDataController.editSave()','POST',1,'admin','设备管理部门','/system/dict/data/edit','127.0.0.1','内网IP','{\r\n  \"dictCode\" : [ \"107\" ],\r\n  \"dictLabel\" : [ \"大型游乐设施\" ],\r\n  \"dictValue\" : [ \"7\" ],\r\n  \"dictType\" : [ \"equ_attribute_type\" ],\r\n  \"cssClass\" : [ \"\" ],\r\n  \"dictSort\" : [ \"7\" ],\r\n  \"listClass\" : [ \"\" ],\r\n  \"isDefault\" : [ \"N\" ],\r\n  \"status\" : [ \"0\" ],\r\n  \"remark\" : [ \"\" ]\r\n}','{\r\n  \"msg\" : \"操作成功\",\r\n  \"code\" : 0\r\n}',0,NULL,'2020-02-14 17:20:31'),(248,'字典数据',2,'com.ruoyi.web.controller.system.SysDictDataController.editSave()','POST',1,'admin','设备管理部门','/system/dict/data/edit','127.0.0.1','内网IP','{\r\n  \"dictCode\" : [ \"106\" ],\r\n  \"dictLabel\" : [ \"客运索道\" ],\r\n  \"dictValue\" : [ \"6\" ],\r\n  \"dictType\" : [ \"equ_attribute_type\" ],\r\n  \"cssClass\" : [ \"\" ],\r\n  \"dictSort\" : [ \"6\" ],\r\n  \"listClass\" : [ \"\" ],\r\n  \"isDefault\" : [ \"N\" ],\r\n  \"status\" : [ \"0\" ],\r\n  \"remark\" : [ \"\" ]\r\n}','{\r\n  \"msg\" : \"操作成功\",\r\n  \"code\" : 0\r\n}',0,NULL,'2020-02-14 17:20:36'),(249,'字典数据',2,'com.ruoyi.web.controller.system.SysDictDataController.editSave()','POST',1,'admin','设备管理部门','/system/dict/data/edit','127.0.0.1','内网IP','{\r\n  \"dictCode\" : [ \"105\" ],\r\n  \"dictLabel\" : [ \"起重机械\" ],\r\n  \"dictValue\" : [ \"5\" ],\r\n  \"dictType\" : [ \"equ_attribute_type\" ],\r\n  \"cssClass\" : [ \"\" ],\r\n  \"dictSort\" : [ \"5\" ],\r\n  \"listClass\" : [ \"\" ],\r\n  \"isDefault\" : [ \"N\" ],\r\n  \"status\" : [ \"0\" ],\r\n  \"remark\" : [ \"\" ]\r\n}','{\r\n  \"msg\" : \"操作成功\",\r\n  \"code\" : 0\r\n}',0,NULL,'2020-02-14 17:20:41'),(250,'字典数据',2,'com.ruoyi.web.controller.system.SysDictDataController.editSave()','POST',1,'admin','设备管理部门','/system/dict/data/edit','127.0.0.1','内网IP','{\r\n  \"dictCode\" : [ \"104\" ],\r\n  \"dictLabel\" : [ \"电梯\" ],\r\n  \"dictValue\" : [ \"4\" ],\r\n  \"dictType\" : [ \"equ_attribute_type\" ],\r\n  \"cssClass\" : [ \"\" ],\r\n  \"dictSort\" : [ \"4\" ],\r\n  \"listClass\" : [ \"\" ],\r\n  \"isDefault\" : [ \"N\" ],\r\n  \"status\" : [ \"0\" ],\r\n  \"remark\" : [ \"\" ]\r\n}','{\r\n  \"msg\" : \"操作成功\",\r\n  \"code\" : 0\r\n}',0,NULL,'2020-02-14 17:20:46'),(251,'字典数据',2,'com.ruoyi.web.controller.system.SysDictDataController.editSave()','POST',1,'admin','设备管理部门','/system/dict/data/edit','127.0.0.1','内网IP','{\r\n  \"dictCode\" : [ \"103\" ],\r\n  \"dictLabel\" : [ \"压力管道\" ],\r\n  \"dictValue\" : [ \"3\" ],\r\n  \"dictType\" : [ \"equ_attribute_type\" ],\r\n  \"cssClass\" : [ \"\" ],\r\n  \"dictSort\" : [ \"3\" ],\r\n  \"listClass\" : [ \"\" ],\r\n  \"isDefault\" : [ \"N\" ],\r\n  \"status\" : [ \"0\" ],\r\n  \"remark\" : [ \"\" ]\r\n}','{\r\n  \"msg\" : \"操作成功\",\r\n  \"code\" : 0\r\n}',0,NULL,'2020-02-14 17:20:52'),(252,'字典数据',2,'com.ruoyi.web.controller.system.SysDictDataController.editSave()','POST',1,'admin','设备管理部门','/system/dict/data/edit','127.0.0.1','内网IP','{\r\n  \"dictCode\" : [ \"102\" ],\r\n  \"dictLabel\" : [ \"压力容器\" ],\r\n  \"dictValue\" : [ \"2\" ],\r\n  \"dictType\" : [ \"equ_attribute_type\" ],\r\n  \"cssClass\" : [ \"\" ],\r\n  \"dictSort\" : [ \"2\" ],\r\n  \"listClass\" : [ \"\" ],\r\n  \"isDefault\" : [ \"N\" ],\r\n  \"status\" : [ \"0\" ],\r\n  \"remark\" : [ \"\" ]\r\n}','{\r\n  \"msg\" : \"操作成功\",\r\n  \"code\" : 0\r\n}',0,NULL,'2020-02-14 17:20:57'),(253,'字典数据',2,'com.ruoyi.web.controller.system.SysDictDataController.editSave()','POST',1,'admin','设备管理部门','/system/dict/data/edit','127.0.0.1','内网IP','{\r\n  \"dictCode\" : [ \"101\" ],\r\n  \"dictLabel\" : [ \"锅炉\" ],\r\n  \"dictValue\" : [ \"1\" ],\r\n  \"dictType\" : [ \"equ_attribute_type\" ],\r\n  \"cssClass\" : [ \"\" ],\r\n  \"dictSort\" : [ \"1\" ],\r\n  \"listClass\" : [ \"\" ],\r\n  \"isDefault\" : [ \"N\" ],\r\n  \"status\" : [ \"0\" ],\r\n  \"remark\" : [ \"\" ]\r\n}','{\r\n  \"msg\" : \"操作成功\",\r\n  \"code\" : 0\r\n}',0,NULL,'2020-02-14 17:21:07'),(254,'设备档案',2,'com.ruoyi.web.controller.system.EquCardController.editSave()','POST',1,'admin','设备管理部门','/system/euqcard/edit','127.0.0.1','内网IP','{\r\n  \"equId\" : [ \"1\" ],\r\n  \"classId\" : [ \"9\" ],\r\n  \"deptId\" : [ \"101\" ],\r\n  \"equName\" : [ \"空调\" ],\r\n  \"className\" : [ \"空调\" ],\r\n  \"equCount\" : [ \"2.0\" ],\r\n  \"equSprice\" : [ \"3000.0\" ],\r\n  \"supplierId\" : [ \"\" ],\r\n  \"equBrand\" : [ \"\" ],\r\n  \"equParam\" : [ \"\" ],\r\n  \"deptName\" : [ \"设备管理部门\" ],\r\n  \"equAdmin\" : [ \"\" ],\r\n  \"equTime\" : [ \"2020-02-14\" ],\r\n  \"equYear\" : [ \"\" ],\r\n  \"equArea\" : [ \"\" ],\r\n  \"equAttribute\" : [ \"0\" ],\r\n  \"equStatus\" : [ \"0\" ],\r\n  \"remark\" : [ \"\" ]\r\n}','{\r\n  \"msg\" : \"操作成功\",\r\n  \"code\" : 0\r\n}',0,NULL,'2020-02-14 17:21:28'),(255,'代码生成',6,'com.ruoyi.generator.controller.GenController.importTableSave()','POST',1,'admin','设备管理部门','/tool/gen/importTable','127.0.0.1','内网IP','{\r\n  \"tables\" : [ \"equ_supplier\" ]\r\n}','{\r\n  \"msg\" : \"操作成功\",\r\n  \"code\" : 0\r\n}',0,NULL,'2020-02-17 09:55:29'),(256,'代码生成',2,'com.ruoyi.generator.controller.GenController.editSave()','POST',1,'admin','设备管理部门','/tool/gen/edit','127.0.0.1','内网IP','{\r\n  \"tableId\" : [ \"6\" ],\r\n  \"tableName\" : [ \"equ_supplier\" ],\r\n  \"tableComment\" : [ \"设备供应商表\" ],\r\n  \"className\" : [ \"EquSupplier\" ],\r\n  \"functionAuthor\" : [ \"ruoyi\" ],\r\n  \"remark\" : [ \"\" ],\r\n  \"columns[0].columnId\" : [ \"76\" ],\r\n  \"columns[0].sort\" : [ \"1\" ],\r\n  \"columns[0].columnComment\" : [ \"ID 主键\" ],\r\n  \"columns[0].javaType\" : [ \"Long\" ],\r\n  \"columns[0].javaField\" : [ \"supId\" ],\r\n  \"columns[0].isInsert\" : [ \"1\" ],\r\n  \"columns[0].queryType\" : [ \"EQ\" ],\r\n  \"columns[0].htmlType\" : [ \"input\" ],\r\n  \"columns[0].dictType\" : [ \"\" ],\r\n  \"columns[1].columnId\" : [ \"77\" ],\r\n  \"columns[1].sort\" : [ \"2\" ],\r\n  \"columns[1].columnComment\" : [ \"Guid\" ],\r\n  \"columns[1].javaType\" : [ \"String\" ],\r\n  \"columns[1].javaField\" : [ \"supGuid\" ],\r\n  \"columns[1].isInsert\" : [ \"1\" ],\r\n  \"columns[1].queryType\" : [ \"EQ\" ],\r\n  \"columns[1].htmlType\" : [ \"input\" ],\r\n  \"columns[1].dictType\" : [ \"\" ],\r\n  \"columns[2].columnId\" : [ \"78\" ],\r\n  \"columns[2].sort\" : [ \"3\" ],\r\n  \"columns[2].columnComment\" : [ \"统一社会信用代码\" ],\r\n  \"columns[2].javaType\" : [ \"String\" ],\r\n  \"columns[2].javaField\" : [ \"supCode\" ],\r\n  \"columns[2].isInsert\" : [ \"1\" ],\r\n  \"columns[2].isEdit\" : [ \"1\" ],\r\n  \"columns[2].isList\" : [ \"1\" ],\r\n  \"columns[2].isQuery\" : [ \"1\" ],\r\n  \"columns[2].queryType\" : [ \"EQ\" ],\r\n  \"columns[2].htmlType\" : [ \"input\" ],\r\n  \"columns[2].dictType\" : [ \"\" ],\r\n  \"columns[3].columnId\" : [ \"79\" ],\r\n  \"columns[3].sort\" : [ \"4\" ],\r\n  \"columns[3].columnComment\" : [ \"企业名称\" ],\r\n  \"columns[3].javaType\" : [ \"String\" ],\r\n  \"columns[3].javaField\" : [ \"supName\" ],\r\n  \"columns[3].isInsert\" : [ \"1\" ],\r\n  \"columns[3].isEdit\" : [ \"1\" ],\r\n  \"columns[3].isList\" : [ \"1\" ],\r\n  \"columns[3].isQuery\" : [ \"1\" ],\r\n  \"columns[3].queryType\" : [ \"LIKE\" ],\r\n  \"columns[3].htmlType\" : [ \"input\" ],\r\n  \"columns[3].dictType\" : [ \"\" ],\r\n  \"columns[4].columnId\" : [ \"80\" ],\r\n  \"columns[4].sort\" : [ \"5\" ],\r\n  \"columns[4].columnComment\" : [ \"法定代表人\" ],\r\n  \"columns[4].javaType\" : [ \"String\" ],\r\n  \"columns[4].javaField\" : [ \"supLeg\" ],\r\n  \"columns[4].isIns','{\r\n  \"msg\" : \"操作成功\",\r\n  \"code\" : 0\r\n}',0,NULL,'2020-02-17 10:00:29'),(257,'代码生成',2,'com.ruoyi.generator.controller.GenController.editSave()','POST',1,'admin','设备管理部门','/tool/gen/edit','127.0.0.1','内网IP','{\r\n  \"tableId\" : [ \"6\" ],\r\n  \"tableName\" : [ \"equ_supplier\" ],\r\n  \"tableComment\" : [ \"设备供应商表\" ],\r\n  \"className\" : [ \"EquSupplier\" ],\r\n  \"functionAuthor\" : [ \"ruoyi\" ],\r\n  \"remark\" : [ \"\" ],\r\n  \"columns[0].columnId\" : [ \"76\" ],\r\n  \"columns[0].sort\" : [ \"1\" ],\r\n  \"columns[0].columnComment\" : [ \"ID 主键\" ],\r\n  \"columns[0].javaType\" : [ \"Long\" ],\r\n  \"columns[0].javaField\" : [ \"supId\" ],\r\n  \"columns[0].isInsert\" : [ \"1\" ],\r\n  \"columns[0].queryType\" : [ \"EQ\" ],\r\n  \"columns[0].htmlType\" : [ \"input\" ],\r\n  \"columns[0].dictType\" : [ \"\" ],\r\n  \"columns[1].columnId\" : [ \"77\" ],\r\n  \"columns[1].sort\" : [ \"2\" ],\r\n  \"columns[1].columnComment\" : [ \"Guid\" ],\r\n  \"columns[1].javaType\" : [ \"String\" ],\r\n  \"columns[1].javaField\" : [ \"supGuid\" ],\r\n  \"columns[1].isInsert\" : [ \"1\" ],\r\n  \"columns[1].queryType\" : [ \"EQ\" ],\r\n  \"columns[1].htmlType\" : [ \"input\" ],\r\n  \"columns[1].dictType\" : [ \"\" ],\r\n  \"columns[2].columnId\" : [ \"78\" ],\r\n  \"columns[2].sort\" : [ \"3\" ],\r\n  \"columns[2].columnComment\" : [ \"统一社会信用代码\" ],\r\n  \"columns[2].javaType\" : [ \"String\" ],\r\n  \"columns[2].javaField\" : [ \"supCode\" ],\r\n  \"columns[2].isInsert\" : [ \"1\" ],\r\n  \"columns[2].isEdit\" : [ \"1\" ],\r\n  \"columns[2].isList\" : [ \"1\" ],\r\n  \"columns[2].isQuery\" : [ \"1\" ],\r\n  \"columns[2].queryType\" : [ \"EQ\" ],\r\n  \"columns[2].htmlType\" : [ \"input\" ],\r\n  \"columns[2].dictType\" : [ \"\" ],\r\n  \"columns[3].columnId\" : [ \"79\" ],\r\n  \"columns[3].sort\" : [ \"4\" ],\r\n  \"columns[3].columnComment\" : [ \"企业名称\" ],\r\n  \"columns[3].javaType\" : [ \"String\" ],\r\n  \"columns[3].javaField\" : [ \"supName\" ],\r\n  \"columns[3].isInsert\" : [ \"1\" ],\r\n  \"columns[3].isEdit\" : [ \"1\" ],\r\n  \"columns[3].isList\" : [ \"1\" ],\r\n  \"columns[3].isQuery\" : [ \"1\" ],\r\n  \"columns[3].queryType\" : [ \"LIKE\" ],\r\n  \"columns[3].htmlType\" : [ \"input\" ],\r\n  \"columns[3].dictType\" : [ \"\" ],\r\n  \"columns[4].columnId\" : [ \"80\" ],\r\n  \"columns[4].sort\" : [ \"5\" ],\r\n  \"columns[4].columnComment\" : [ \"法定代表人\" ],\r\n  \"columns[4].javaType\" : [ \"String\" ],\r\n  \"columns[4].javaField\" : [ \"supLeg\" ],\r\n  \"columns[4].isIns','{\r\n  \"msg\" : \"操作成功\",\r\n  \"code\" : 0\r\n}',0,NULL,'2020-02-17 10:15:38'),(258,'代码生成',8,'com.ruoyi.generator.controller.GenController.genCode()','GET',1,'admin','设备管理部门','/tool/gen/genCode/equ_supplier','127.0.0.1','内网IP','{ }','null',0,NULL,'2020-02-17 10:15:42'),(259,'代码生成',2,'com.ruoyi.generator.controller.GenController.editSave()','POST',1,'admin','设备管理部门','/tool/gen/edit','127.0.0.1','内网IP','{\r\n  \"tableId\" : [ \"6\" ],\r\n  \"tableName\" : [ \"equ_supplier\" ],\r\n  \"tableComment\" : [ \"设备供应商表\" ],\r\n  \"className\" : [ \"EquSupplier\" ],\r\n  \"functionAuthor\" : [ \"ruoyi\" ],\r\n  \"remark\" : [ \"\" ],\r\n  \"columns[0].columnId\" : [ \"76\" ],\r\n  \"columns[0].sort\" : [ \"1\" ],\r\n  \"columns[0].columnComment\" : [ \"ID 主键\" ],\r\n  \"columns[0].javaType\" : [ \"Long\" ],\r\n  \"columns[0].javaField\" : [ \"supId\" ],\r\n  \"columns[0].isInsert\" : [ \"1\" ],\r\n  \"columns[0].queryType\" : [ \"EQ\" ],\r\n  \"columns[0].htmlType\" : [ \"input\" ],\r\n  \"columns[0].dictType\" : [ \"\" ],\r\n  \"columns[1].columnId\" : [ \"77\" ],\r\n  \"columns[1].sort\" : [ \"2\" ],\r\n  \"columns[1].columnComment\" : [ \"Guid\" ],\r\n  \"columns[1].javaType\" : [ \"String\" ],\r\n  \"columns[1].javaField\" : [ \"supGuid\" ],\r\n  \"columns[1].isInsert\" : [ \"1\" ],\r\n  \"columns[1].queryType\" : [ \"EQ\" ],\r\n  \"columns[1].htmlType\" : [ \"input\" ],\r\n  \"columns[1].dictType\" : [ \"\" ],\r\n  \"columns[2].columnId\" : [ \"78\" ],\r\n  \"columns[2].sort\" : [ \"3\" ],\r\n  \"columns[2].columnComment\" : [ \"统一社会信用代码\" ],\r\n  \"columns[2].javaType\" : [ \"String\" ],\r\n  \"columns[2].javaField\" : [ \"supCode\" ],\r\n  \"columns[2].isInsert\" : [ \"1\" ],\r\n  \"columns[2].isEdit\" : [ \"1\" ],\r\n  \"columns[2].isList\" : [ \"1\" ],\r\n  \"columns[2].isQuery\" : [ \"1\" ],\r\n  \"columns[2].queryType\" : [ \"EQ\" ],\r\n  \"columns[2].htmlType\" : [ \"input\" ],\r\n  \"columns[2].dictType\" : [ \"\" ],\r\n  \"columns[3].columnId\" : [ \"79\" ],\r\n  \"columns[3].sort\" : [ \"4\" ],\r\n  \"columns[3].columnComment\" : [ \"企业名称\" ],\r\n  \"columns[3].javaType\" : [ \"String\" ],\r\n  \"columns[3].javaField\" : [ \"supName\" ],\r\n  \"columns[3].isInsert\" : [ \"1\" ],\r\n  \"columns[3].isEdit\" : [ \"1\" ],\r\n  \"columns[3].isList\" : [ \"1\" ],\r\n  \"columns[3].isQuery\" : [ \"1\" ],\r\n  \"columns[3].queryType\" : [ \"LIKE\" ],\r\n  \"columns[3].htmlType\" : [ \"input\" ],\r\n  \"columns[3].dictType\" : [ \"\" ],\r\n  \"columns[4].columnId\" : [ \"80\" ],\r\n  \"columns[4].sort\" : [ \"5\" ],\r\n  \"columns[4].columnComment\" : [ \"法定代表人\" ],\r\n  \"columns[4].javaType\" : [ \"String\" ],\r\n  \"columns[4].javaField\" : [ \"supLeg\" ],\r\n  \"columns[4].isIns','{\r\n  \"msg\" : \"操作成功\",\r\n  \"code\" : 0\r\n}',0,NULL,'2020-02-17 10:25:45'),(260,'代码生成',2,'com.ruoyi.generator.controller.GenController.editSave()','POST',1,'admin','设备管理部门','/tool/gen/edit','127.0.0.1','内网IP','{\r\n  \"tableId\" : [ \"6\" ],\r\n  \"tableName\" : [ \"equ_supplier\" ],\r\n  \"tableComment\" : [ \"设备供应商表\" ],\r\n  \"className\" : [ \"EquSupplier\" ],\r\n  \"functionAuthor\" : [ \"ruoyi\" ],\r\n  \"remark\" : [ \"\" ],\r\n  \"columns[0].columnId\" : [ \"76\" ],\r\n  \"columns[0].sort\" : [ \"1\" ],\r\n  \"columns[0].columnComment\" : [ \"ID 主键\" ],\r\n  \"columns[0].javaType\" : [ \"Long\" ],\r\n  \"columns[0].javaField\" : [ \"supId\" ],\r\n  \"columns[0].isInsert\" : [ \"1\" ],\r\n  \"columns[0].queryType\" : [ \"EQ\" ],\r\n  \"columns[0].htmlType\" : [ \"input\" ],\r\n  \"columns[0].dictType\" : [ \"\" ],\r\n  \"columns[1].columnId\" : [ \"77\" ],\r\n  \"columns[1].sort\" : [ \"2\" ],\r\n  \"columns[1].columnComment\" : [ \"Guid\" ],\r\n  \"columns[1].javaType\" : [ \"String\" ],\r\n  \"columns[1].javaField\" : [ \"supGuid\" ],\r\n  \"columns[1].isInsert\" : [ \"1\" ],\r\n  \"columns[1].queryType\" : [ \"EQ\" ],\r\n  \"columns[1].htmlType\" : [ \"input\" ],\r\n  \"columns[1].dictType\" : [ \"\" ],\r\n  \"columns[2].columnId\" : [ \"78\" ],\r\n  \"columns[2].sort\" : [ \"3\" ],\r\n  \"columns[2].columnComment\" : [ \"统一社会信用代码\" ],\r\n  \"columns[2].javaType\" : [ \"String\" ],\r\n  \"columns[2].javaField\" : [ \"supCode\" ],\r\n  \"columns[2].isInsert\" : [ \"1\" ],\r\n  \"columns[2].isEdit\" : [ \"1\" ],\r\n  \"columns[2].isList\" : [ \"1\" ],\r\n  \"columns[2].isQuery\" : [ \"1\" ],\r\n  \"columns[2].queryType\" : [ \"EQ\" ],\r\n  \"columns[2].htmlType\" : [ \"input\" ],\r\n  \"columns[2].dictType\" : [ \"\" ],\r\n  \"columns[3].columnId\" : [ \"79\" ],\r\n  \"columns[3].sort\" : [ \"4\" ],\r\n  \"columns[3].columnComment\" : [ \"企业名称\" ],\r\n  \"columns[3].javaType\" : [ \"String\" ],\r\n  \"columns[3].javaField\" : [ \"supName\" ],\r\n  \"columns[3].isInsert\" : [ \"1\" ],\r\n  \"columns[3].isEdit\" : [ \"1\" ],\r\n  \"columns[3].isList\" : [ \"1\" ],\r\n  \"columns[3].isQuery\" : [ \"1\" ],\r\n  \"columns[3].queryType\" : [ \"LIKE\" ],\r\n  \"columns[3].htmlType\" : [ \"input\" ],\r\n  \"columns[3].dictType\" : [ \"\" ],\r\n  \"columns[4].columnId\" : [ \"80\" ],\r\n  \"columns[4].sort\" : [ \"5\" ],\r\n  \"columns[4].columnComment\" : [ \"法定代表人\" ],\r\n  \"columns[4].javaType\" : [ \"String\" ],\r\n  \"columns[4].javaField\" : [ \"supLeg\" ],\r\n  \"columns[4].isIns','{\r\n  \"msg\" : \"操作成功\",\r\n  \"code\" : 0\r\n}',0,NULL,'2020-02-17 10:26:15'),(261,'代码生成',8,'com.ruoyi.generator.controller.GenController.genCode()','GET',1,'admin','设备管理部门','/tool/gen/genCode/equ_supplier','127.0.0.1','内网IP','{ }','null',0,NULL,'2020-02-17 10:26:17'),(262,'设备档案',2,'com.ruoyi.web.controller.system.EquCardController.editSave()','POST',1,'admin','设备管理部门','/system/equcard/edit','127.0.0.1','内网IP','{\r\n  \"equId\" : [ \"1\" ],\r\n  \"classId\" : [ \"9\" ],\r\n  \"deptId\" : [ \"101\" ],\r\n  \"equName\" : [ \"空调\" ],\r\n  \"className\" : [ \"空调\" ],\r\n  \"equCount\" : [ \"2.0\" ],\r\n  \"equSprice\" : [ \"3000.0\" ],\r\n  \"supplierId\" : [ \"\" ],\r\n  \"equBrand\" : [ \"\" ],\r\n  \"equParam\" : [ \"\" ],\r\n  \"deptName\" : [ \"设备管理部门\" ],\r\n  \"equAdmin\" : [ \"\" ],\r\n  \"equTime\" : [ \"2020-02-14\" ],\r\n  \"equYear\" : [ \"\" ],\r\n  \"equArea\" : [ \"\" ],\r\n  \"equAttribute\" : [ \"1\" ],\r\n  \"equStatus\" : [ \"0\" ],\r\n  \"remark\" : [ \"\" ]\r\n}','{\r\n  \"msg\" : \"操作成功\",\r\n  \"code\" : 0\r\n}',0,NULL,'2020-02-17 10:57:41'),(263,'设备档案',2,'com.ruoyi.web.controller.system.EquCardController.editSave()','POST',1,'admin','设备管理部门','/system/equcard/edit','127.0.0.1','内网IP','{\r\n  \"equId\" : [ \"1\" ],\r\n  \"classId\" : [ \"9\" ],\r\n  \"deptId\" : [ \"101\" ],\r\n  \"equName\" : [ \"空调\" ],\r\n  \"className\" : [ \"空调\" ],\r\n  \"equCount\" : [ \"2.0\" ],\r\n  \"equSprice\" : [ \"3000.0\" ],\r\n  \"supplierId\" : [ \"\" ],\r\n  \"equBrand\" : [ \"\" ],\r\n  \"equParam\" : [ \"\" ],\r\n  \"deptName\" : [ \"设备管理部门\" ],\r\n  \"equAdmin\" : [ \"\" ],\r\n  \"equTime\" : [ \"2020-02-14\" ],\r\n  \"equYear\" : [ \"\" ],\r\n  \"equArea\" : [ \"\" ],\r\n  \"equAttribute\" : [ \"1\" ],\r\n  \"equStatus\" : [ \"0\" ],\r\n  \"remark\" : [ \"\" ]\r\n}','{\r\n  \"msg\" : \"操作成功\",\r\n  \"code\" : 0\r\n}',0,NULL,'2020-02-17 11:56:35'),(264,'字典数据',2,'com.ruoyi.web.controller.system.SysDictDataController.editSave()','POST',1,'admin','设备管理部门','/system/dict/data/edit','127.0.0.1','内网IP','{\r\n  \"dictCode\" : [ \"100\" ],\r\n  \"dictLabel\" : [ \"无\" ],\r\n  \"dictValue\" : [ \"0\" ],\r\n  \"dictType\" : [ \"equ_attribute_type\" ],\r\n  \"cssClass\" : [ \"\" ],\r\n  \"dictSort\" : [ \"0\" ],\r\n  \"listClass\" : [ \"\" ],\r\n  \"isDefault\" : [ \"Y\" ],\r\n  \"status\" : [ \"0\" ],\r\n  \"remark\" : [ \"\" ]\r\n}','{\r\n  \"msg\" : \"操作成功\",\r\n  \"code\" : 0\r\n}',0,NULL,'2020-02-17 12:07:29'),(265,'代码生成',2,'com.ruoyi.generator.controller.GenController.editSave()','POST',1,'admin','设备管理部门','/tool/gen/edit','127.0.0.1','内网IP','{\r\n  \"tableId\" : [ \"6\" ],\r\n  \"tableName\" : [ \"equ_supplier\" ],\r\n  \"tableComment\" : [ \"设备供应商表\" ],\r\n  \"className\" : [ \"EquSupplier\" ],\r\n  \"functionAuthor\" : [ \"ruoyi\" ],\r\n  \"remark\" : [ \"\" ],\r\n  \"columns[0].columnId\" : [ \"76\" ],\r\n  \"columns[0].sort\" : [ \"1\" ],\r\n  \"columns[0].columnComment\" : [ \"ID 主键\" ],\r\n  \"columns[0].javaType\" : [ \"Long\" ],\r\n  \"columns[0].javaField\" : [ \"supId\" ],\r\n  \"columns[0].isInsert\" : [ \"1\" ],\r\n  \"columns[0].queryType\" : [ \"EQ\" ],\r\n  \"columns[0].htmlType\" : [ \"input\" ],\r\n  \"columns[0].dictType\" : [ \"\" ],\r\n  \"columns[1].columnId\" : [ \"77\" ],\r\n  \"columns[1].sort\" : [ \"2\" ],\r\n  \"columns[1].columnComment\" : [ \"Guid\" ],\r\n  \"columns[1].javaType\" : [ \"String\" ],\r\n  \"columns[1].javaField\" : [ \"supGuid\" ],\r\n  \"columns[1].isInsert\" : [ \"1\" ],\r\n  \"columns[1].queryType\" : [ \"EQ\" ],\r\n  \"columns[1].htmlType\" : [ \"input\" ],\r\n  \"columns[1].dictType\" : [ \"\" ],\r\n  \"columns[2].columnId\" : [ \"78\" ],\r\n  \"columns[2].sort\" : [ \"3\" ],\r\n  \"columns[2].columnComment\" : [ \"统一社会信用代码\" ],\r\n  \"columns[2].javaType\" : [ \"String\" ],\r\n  \"columns[2].javaField\" : [ \"supCode\" ],\r\n  \"columns[2].isInsert\" : [ \"1\" ],\r\n  \"columns[2].isEdit\" : [ \"1\" ],\r\n  \"columns[2].isList\" : [ \"1\" ],\r\n  \"columns[2].isQuery\" : [ \"1\" ],\r\n  \"columns[2].queryType\" : [ \"EQ\" ],\r\n  \"columns[2].htmlType\" : [ \"input\" ],\r\n  \"columns[2].dictType\" : [ \"\" ],\r\n  \"columns[3].columnId\" : [ \"79\" ],\r\n  \"columns[3].sort\" : [ \"4\" ],\r\n  \"columns[3].columnComment\" : [ \"企业名称\" ],\r\n  \"columns[3].javaType\" : [ \"String\" ],\r\n  \"columns[3].javaField\" : [ \"supName\" ],\r\n  \"columns[3].isInsert\" : [ \"1\" ],\r\n  \"columns[3].isEdit\" : [ \"1\" ],\r\n  \"columns[3].isList\" : [ \"1\" ],\r\n  \"columns[3].isQuery\" : [ \"1\" ],\r\n  \"columns[3].queryType\" : [ \"LIKE\" ],\r\n  \"columns[3].htmlType\" : [ \"input\" ],\r\n  \"columns[3].dictType\" : [ \"\" ],\r\n  \"columns[4].columnId\" : [ \"80\" ],\r\n  \"columns[4].sort\" : [ \"5\" ],\r\n  \"columns[4].columnComment\" : [ \"法定代表人\" ],\r\n  \"columns[4].javaType\" : [ \"String\" ],\r\n  \"columns[4].javaField\" : [ \"supLeg\" ],\r\n  \"columns[4].isIns','{\r\n  \"msg\" : \"操作成功\",\r\n  \"code\" : 0\r\n}',0,NULL,'2020-02-17 12:08:46'),(266,'代码生成',8,'com.ruoyi.generator.controller.GenController.genCode()','GET',1,'admin','设备管理部门','/tool/gen/genCode/equ_supplier','127.0.0.1','内网IP','{ }','null',0,NULL,'2020-02-17 12:10:00'),(267,'字典类型',1,'com.ruoyi.web.controller.system.SysDictTypeController.addSave()','POST',1,'admin','设备管理部门','/system/dict/add','127.0.0.1','内网IP','{\r\n  \"dictName\" : [ \"供应商状态\" ],\r\n  \"dictType\" : [ \"equ_supplier_status\" ],\r\n  \"status\" : [ \"0\" ],\r\n  \"remark\" : [ \"\" ]\r\n}','{\r\n  \"msg\" : \"操作成功\",\r\n  \"code\" : 0\r\n}',0,NULL,'2020-02-17 13:48:49'),(268,'字典类型',2,'com.ruoyi.web.controller.system.SysDictTypeController.editSave()','POST',1,'admin','设备管理部门','/system/dict/edit','127.0.0.1','内网IP','{\r\n  \"dictId\" : [ \"102\" ],\r\n  \"dictName\" : [ \"供应商状态\" ],\r\n  \"dictType\" : [ \"equ_supplier_status\" ],\r\n  \"status\" : [ \"0\" ],\r\n  \"remark\" : [ \"供应商状态列表\" ]\r\n}','{\r\n  \"msg\" : \"操作成功\",\r\n  \"code\" : 0\r\n}',0,NULL,'2020-02-17 13:49:07'),(269,'字典类型',2,'com.ruoyi.web.controller.system.SysDictTypeController.editSave()','POST',1,'admin','设备管理部门','/system/dict/edit','127.0.0.1','内网IP','{\r\n  \"dictId\" : [ \"102\" ],\r\n  \"dictName\" : [ \"供应商状态\" ],\r\n  \"dictType\" : [ \"supplier_status_type\" ],\r\n  \"status\" : [ \"0\" ],\r\n  \"remark\" : [ \"供应商状态列表\" ]\r\n}','{\r\n  \"msg\" : \"操作成功\",\r\n  \"code\" : 0\r\n}',0,NULL,'2020-02-17 13:49:17'),(270,'字典数据',1,'com.ruoyi.web.controller.system.SysDictDataController.addSave()','POST',1,'admin','设备管理部门','/system/dict/data/add','127.0.0.1','内网IP','{\r\n  \"dictLabel\" : [ \"正常\" ],\r\n  \"dictValue\" : [ \"0\" ],\r\n  \"dictType\" : [ \"supplier_status_type\" ],\r\n  \"cssClass\" : [ \"\" ],\r\n  \"dictSort\" : [ \"0\" ],\r\n  \"listClass\" : [ \"\" ],\r\n  \"isDefault\" : [ \"Y\" ],\r\n  \"status\" : [ \"0\" ],\r\n  \"remark\" : [ \"\" ]\r\n}','{\r\n  \"msg\" : \"操作成功\",\r\n  \"code\" : 0\r\n}',0,NULL,'2020-02-17 13:49:50'),(271,'字典数据',1,'com.ruoyi.web.controller.system.SysDictDataController.addSave()','POST',1,'admin','设备管理部门','/system/dict/data/add','127.0.0.1','内网IP','{\r\n  \"dictLabel\" : [ \"黑名单\" ],\r\n  \"dictValue\" : [ \"1\" ],\r\n  \"dictType\" : [ \"supplier_status_type\" ],\r\n  \"cssClass\" : [ \"\" ],\r\n  \"dictSort\" : [ \"1\" ],\r\n  \"listClass\" : [ \"\" ],\r\n  \"isDefault\" : [ \"Y\" ],\r\n  \"status\" : [ \"0\" ],\r\n  \"remark\" : [ \"\" ]\r\n}','{\r\n  \"msg\" : \"操作成功\",\r\n  \"code\" : 0\r\n}',0,NULL,'2020-02-17 13:50:03'),(272,'字典数据',2,'com.ruoyi.web.controller.system.SysDictDataController.editSave()','POST',1,'admin','设备管理部门','/system/dict/data/edit','127.0.0.1','内网IP','{\r\n  \"dictCode\" : [ \"114\" ],\r\n  \"dictLabel\" : [ \"黑名单\" ],\r\n  \"dictValue\" : [ \"1\" ],\r\n  \"dictType\" : [ \"supplier_status_type\" ],\r\n  \"cssClass\" : [ \"\" ],\r\n  \"dictSort\" : [ \"1\" ],\r\n  \"listClass\" : [ \"warning\" ],\r\n  \"isDefault\" : [ \"N\" ],\r\n  \"status\" : [ \"0\" ],\r\n  \"remark\" : [ \"\" ]\r\n}','{\r\n  \"msg\" : \"操作成功\",\r\n  \"code\" : 0\r\n}',0,NULL,'2020-02-17 13:50:15'),(273,'设备档案',1,'com.ruoyi.web.controller.system.EquCardController.addSave()','POST',1,'admin','设备管理部门','/system/equcard/add','127.0.0.1','内网IP','{\r\n  \"classId\" : [ \"9\" ],\r\n  \"deptId\" : [ \"\" ],\r\n  \"equName\" : [ \"立式空调\" ],\r\n  \"className\" : [ \"空调\" ],\r\n  \"equCount\" : [ \"5\" ],\r\n  \"equSprice\" : [ \"3500\" ],\r\n  \"supplierId\" : [ \"\" ],\r\n  \"equBrand\" : [ \"\" ],\r\n  \"equParam\" : [ \"\" ],\r\n  \"deptName\" : [ \"\" ],\r\n  \"equAdmin\" : [ \"\" ],\r\n  \"equTime\" : [ \"\" ],\r\n  \"equYear\" : [ \"\" ],\r\n  \"equArea\" : [ \"\" ],\r\n  \"equAttribute\" : [ \"0\" ],\r\n  \"equStatus\" : [ \"0\" ],\r\n  \"remark\" : [ \"\" ]\r\n}','{\r\n  \"msg\" : \"操作成功\",\r\n  \"code\" : 0\r\n}',0,NULL,'2020-02-17 14:16:45'),(274,'设备档案',2,'com.ruoyi.web.controller.system.EquCardController.editSave()','POST',1,'admin','设备管理部门','/system/equcard/edit','127.0.0.1','内网IP','{\r\n  \"equId\" : [ \"4\" ],\r\n  \"classId\" : [ \"9\" ],\r\n  \"deptId\" : [ \"101\" ],\r\n  \"equName\" : [ \"立式空调\" ],\r\n  \"className\" : [ \"空调\" ],\r\n  \"equCount\" : [ \"5.0\" ],\r\n  \"equSprice\" : [ \"3500.0\" ],\r\n  \"supplierId\" : [ \"\" ],\r\n  \"equBrand\" : [ \"\" ],\r\n  \"equParam\" : [ \"\" ],\r\n  \"deptName\" : [ \"设备管理部门\" ],\r\n  \"equAdmin\" : [ \"\" ],\r\n  \"equTime\" : [ \"\" ],\r\n  \"equYear\" : [ \"\" ],\r\n  \"equArea\" : [ \"\" ],\r\n  \"equAttribute\" : [ \"0\" ],\r\n  \"equStatus\" : [ \"0\" ],\r\n  \"remark\" : [ \"\" ]\r\n}','{\r\n  \"msg\" : \"操作成功\",\r\n  \"code\" : 0\r\n}',0,NULL,'2020-02-17 14:17:03'),(275,'设备供应商',1,'com.ruoyi.web.controller.system.EquSupplierController.addSave()','POST',1,'admin','设备管理部门','/system/equsupplier/add','127.0.0.1','内网IP','{\r\n  \"supCode\" : [ \"91330108MA28X9459A\" ],\r\n  \"supName\" : [ \"浙江源创建筑智能科技有限公司\" ],\r\n  \"supLeg\" : [ \"谢敏\" ],\r\n  \"supAdder\" : [ \"浙江省杭州市滨江区六和路309号D区312-315室\" ],\r\n  \"supContact\" : [ \"LG\" ],\r\n  \"supPhone\" : [ \"15757575757\" ],\r\n  \"status\" : [ \"0\" ],\r\n  \"remark\" : [ \"\" ]\r\n}','{\r\n  \"msg\" : \"操作成功\",\r\n  \"code\" : 0\r\n}',0,NULL,'2020-02-17 14:29:46'),(276,'设备供应商',2,'com.ruoyi.web.controller.system.EquSupplierController.editSave()','POST',1,'admin','设备管理部门','/system/equsupplier/edit','127.0.0.1','内网IP','{\r\n  \"supId\" : [ \"1\" ],\r\n  \"supCode\" : [ \"91330108MA28X9459A\" ],\r\n  \"supName\" : [ \"浙江源创建筑智能科技有限公司\" ],\r\n  \"supLeg\" : [ \"谢敏\" ],\r\n  \"supAdder\" : [ \"浙江省杭州市滨江区六和路309号D区312-315室\" ],\r\n  \"supContact\" : [ \"LG\" ],\r\n  \"supPhone\" : [ \"15777777777\" ],\r\n  \"status\" : [ \"0\" ],\r\n  \"remark\" : [ \"\" ]\r\n}','{\r\n  \"msg\" : \"操作成功\",\r\n  \"code\" : 0\r\n}',0,NULL,'2020-02-17 14:41:34'),(277,'设备供应商',2,'com.ruoyi.web.controller.system.EquSupplierController.editSave()','POST',1,'admin','设备管理部门','/system/equsupplier/edit','127.0.0.1','内网IP','{\r\n  \"supId\" : [ \"1\" ],\r\n  \"supCode\" : [ \"91330108MA28X9459A\" ],\r\n  \"supName\" : [ \"浙江源创建筑智能科技有限公司\" ],\r\n  \"supLeg\" : [ \"谢敏\" ],\r\n  \"supAdder\" : [ \"浙江省杭州市滨江区六和路309号D区312-315室\" ],\r\n  \"supContact\" : [ \"刘钢\" ],\r\n  \"supPhone\" : [ \"15777777777\" ],\r\n  \"status\" : [ \"0\" ],\r\n  \"remark\" : [ \"\" ]\r\n}','{\r\n  \"msg\" : \"操作成功\",\r\n  \"code\" : 0\r\n}',0,NULL,'2020-02-17 14:41:50'),(278,'设备供应商',1,'com.ruoyi.web.controller.system.EquSupplierController.addSave()','POST',1,'admin','设备管理部门','/system/equsupplier/add','127.0.0.1','内网IP','{\r\n  \"supCode\" : [ \"91440605590059829L\" ],\r\n  \"supName\" : [ \"广东皓景新材料科技有限公司\" ],\r\n  \"supLeg\" : [ \"梁永根\" ],\r\n  \"supAdder\" : [ \"佛山市南海区大沥镇毅贤路1号坚美展贸大厦23层2327号（住所申报）\" ],\r\n  \"supContact\" : [ \"梁永根\" ],\r\n  \"supPhone\" : [ \"15777777778\" ],\r\n  \"status\" : [ \"0\" ],\r\n  \"remark\" : [ \"\" ]\r\n}','{\r\n  \"msg\" : \"操作成功\",\r\n  \"code\" : 0\r\n}',0,NULL,'2020-02-17 14:43:10'),(279,'设备档案',2,'com.ruoyi.web.controller.system.EquCardController.editSave()','POST',1,'admin','设备管理部门','/system/equcard/edit','127.0.0.1','内网IP','{\r\n  \"equId\" : [ \"4\" ],\r\n  \"classId\" : [ \"9\" ],\r\n  \"deptId\" : [ \"101\" ],\r\n  \"equName\" : [ \"立式空调\" ],\r\n  \"className\" : [ \"空调\" ],\r\n  \"equCount\" : [ \"5.0\" ],\r\n  \"equSprice\" : [ \"3500.0\" ],\r\n  \"supplierId\" : [ \"\" ],\r\n  \"equBrand\" : [ \"海尔\" ],\r\n  \"equParam\" : [ \"T300\" ],\r\n  \"deptName\" : [ \"设备管理部门\" ],\r\n  \"equAdmin\" : [ \"\" ],\r\n  \"equTime\" : [ \"2020-02-10\" ],\r\n  \"equYear\" : [ \"3\" ],\r\n  \"equArea\" : [ \"未定\" ],\r\n  \"equAttribute\" : [ \"0\" ],\r\n  \"equStatus\" : [ \"0\" ],\r\n  \"remark\" : [ \"测试数据\" ]\r\n}','{\r\n  \"msg\" : \"操作成功\",\r\n  \"code\" : 0\r\n}',0,NULL,'2020-02-17 14:49:44'),(280,'设备供应商',2,'com.ruoyi.web.controller.system.EquSupplierController.editSave()','POST',1,'admin','设备管理部门','/system/equsupplier/edit','127.0.0.1','内网IP','{\r\n  \"supId\" : [ \"1\" ],\r\n  \"supCode\" : [ \"91330108MA28X9459A\" ],\r\n  \"supName\" : [ \"浙江源创建筑智能科技有限公司\" ],\r\n  \"supLeg\" : [ \"谢敏\" ],\r\n  \"supAdder\" : [ \"浙江省杭州市滨江区六和路309号D区312-315室\" ],\r\n  \"supContact\" : [ \"刘钢\" ],\r\n  \"supPhone\" : [ \"15777777777\" ],\r\n  \"status\" : [ \"0\" ],\r\n  \"remark\" : [ \"测试数据\" ]\r\n}','{\r\n  \"msg\" : \"操作成功\",\r\n  \"code\" : 0\r\n}',0,NULL,'2020-02-17 14:50:09'),(281,'设备供应商',2,'com.ruoyi.web.controller.system.EquSupplierController.editSave()','POST',1,'admin','设备管理部门','/system/equsupplier/edit','127.0.0.1','内网IP','{\r\n  \"supId\" : [ \"2\" ],\r\n  \"supCode\" : [ \"91440605590059829L\" ],\r\n  \"supName\" : [ \"广东皓景新材料科技有限公司\" ],\r\n  \"supLeg\" : [ \"梁永根\" ],\r\n  \"supAdder\" : [ \"佛山市南海区大沥镇毅贤路1号坚美展贸大厦23层2327号（住所申报）\" ],\r\n  \"supContact\" : [ \"梁永根\" ],\r\n  \"supPhone\" : [ \"15777777778\" ],\r\n  \"status\" : [ \"1\" ],\r\n  \"remark\" : [ \"测试数据 拉黑\" ]\r\n}','{\r\n  \"msg\" : \"操作成功\",\r\n  \"code\" : 0\r\n}',0,NULL,'2020-02-17 14:50:25'),(282,'设备供应商',3,'com.ruoyi.web.controller.system.EquSupplierController.remove()','POST',1,'admin','设备管理部门','/system/equsupplier/remove','127.0.0.1','内网IP','{\r\n  \"ids\" : [ \"2\" ]\r\n}','{\r\n  \"msg\" : \"操作成功\",\r\n  \"code\" : 0\r\n}',0,NULL,'2020-02-17 14:51:12'),(283,'设备供应商',1,'com.ruoyi.web.controller.system.EquSupplierController.addSave()','POST',1,'admin','设备管理部门','/system/equsupplier/add','127.0.0.1','内网IP','{\r\n  \"supCode\" : [ \"91440605590059829L\" ],\r\n  \"supName\" : [ \"广东皓景新材料科技有限公司\" ],\r\n  \"supLeg\" : [ \"梁永根\" ],\r\n  \"supAdder\" : [ \"佛山市南海区大沥镇毅贤路1号坚美展贸大厦23层2327号（住所申报）\" ],\r\n  \"supContact\" : [ \"梁永根\" ],\r\n  \"supPhone\" : [ \"15777777778\" ],\r\n  \"status\" : [ \"0\" ],\r\n  \"remark\" : [ \"\" ]\r\n}','{\r\n  \"msg\" : \"操作成功\",\r\n  \"code\" : 0\r\n}',0,NULL,'2020-02-17 14:56:03'),(284,'设备供应商',3,'com.ruoyi.web.controller.system.EquSupplierController.remove()','POST',1,'admin','设备管理部门','/system/equsupplier/remove','127.0.0.1','内网IP','{\r\n  \"ids\" : [ \"3\" ]\r\n}','{\r\n  \"msg\" : \"操作成功\",\r\n  \"code\" : 0\r\n}',0,NULL,'2020-02-17 14:56:10'),(285,'设备供应商',3,'com.ruoyi.web.controller.system.EquSupplierController.remove()','POST',1,'admin','设备管理部门','/system/equsupplier/remove','127.0.0.1','内网IP','{\r\n  \"ids\" : [ \"3\" ]\r\n}','{\r\n  \"msg\" : \"操作成功\",\r\n  \"code\" : 0\r\n}',0,NULL,'2020-02-17 14:56:31'),(286,'设备档案',3,'com.ruoyi.web.controller.system.EquCardController.remove()','POST',1,'admin','设备管理部门','/system/equcard/remove','127.0.0.1','内网IP','{\r\n  \"ids\" : [ \"4\" ]\r\n}','{\r\n  \"msg\" : \"操作成功\",\r\n  \"code\" : 0\r\n}',0,NULL,'2020-02-17 14:57:50'),(287,'设备档案',3,'com.ruoyi.web.controller.system.EquCardController.remove()','POST',1,'admin','设备管理部门','/system/equcard/remove','127.0.0.1','内网IP','{\r\n  \"ids\" : [ \"euq-202002170001\" ]\r\n}','null',1,'\r\n### Error updating database.  Cause: com.mysql.cj.jdbc.exceptions.MysqlDataTruncation: Data truncation: Truncated incorrect DOUBLE value: \'euq-202002170001\'\r\n### The error may involve com.ruoyi.system.mapper.EquCardMapper.deleteEquCardByIds-Inline\r\n### The error occurred while setting parameters\r\n### SQL: update equ_card set del_flag = \'2\' where equ_id in           (               ?          )\r\n### Cause: com.mysql.cj.jdbc.exceptions.MysqlDataTruncation: Data truncation: Truncated incorrect DOUBLE value: \'euq-202002170001\'\n; Data truncation: Truncated incorrect DOUBLE value: \'euq-202002170001\'; nested exception is com.mysql.cj.jdbc.exceptions.MysqlDataTruncation: Data truncation: Truncated incorrect DOUBLE value: \'euq-202002170001\'','2020-02-17 14:58:28'),(288,'设备档案',3,'com.ruoyi.web.controller.system.EquCardController.remove()','POST',1,'admin','设备管理部门','/system/equcard/remove','127.0.0.1','内网IP','{\r\n  \"ids\" : [ \"euq-202002170001\" ]\r\n}','null',1,'\r\n### Error updating database.  Cause: com.mysql.cj.jdbc.exceptions.MysqlDataTruncation: Data truncation: Truncated incorrect DOUBLE value: \'euq-202002170001\'\r\n### The error may involve com.ruoyi.system.mapper.EquCardMapper.deleteEquCardByIds-Inline\r\n### The error occurred while setting parameters\r\n### SQL: update equ_card set del_flag = \'2\' where equ_id in           (               ?          )\r\n### Cause: com.mysql.cj.jdbc.exceptions.MysqlDataTruncation: Data truncation: Truncated incorrect DOUBLE value: \'euq-202002170001\'\n; Data truncation: Truncated incorrect DOUBLE value: \'euq-202002170001\'; nested exception is com.mysql.cj.jdbc.exceptions.MysqlDataTruncation: Data truncation: Truncated incorrect DOUBLE value: \'euq-202002170001\'','2020-02-17 14:59:34'),(289,'设备档案',3,'com.ruoyi.web.controller.system.EquCardController.remove()','POST',1,'admin','设备管理部门','/system/equcard/remove','127.0.0.1','内网IP','{\r\n  \"ids\" : [ \"euq-202002170001\" ]\r\n}','null',1,'\r\n### Error updating database.  Cause: com.mysql.cj.jdbc.exceptions.MysqlDataTruncation: Data truncation: Truncated incorrect DOUBLE value: \'euq-202002170001\'\r\n### The error may involve com.ruoyi.system.mapper.EquCardMapper.deleteEquCardByIds-Inline\r\n### The error occurred while setting parameters\r\n### SQL: update equ_card set del_flag = \'2\' where equ_id in           (               ?          )\r\n### Cause: com.mysql.cj.jdbc.exceptions.MysqlDataTruncation: Data truncation: Truncated incorrect DOUBLE value: \'euq-202002170001\'\n; Data truncation: Truncated incorrect DOUBLE value: \'euq-202002170001\'; nested exception is com.mysql.cj.jdbc.exceptions.MysqlDataTruncation: Data truncation: Truncated incorrect DOUBLE value: \'euq-202002170001\'','2020-02-17 15:00:18'),(290,'设备供应商',3,'com.ruoyi.web.controller.system.EquSupplierController.remove()','POST',1,'admin','设备管理部门','/system/equsupplier/remove','127.0.0.1','内网IP','{\r\n  \"ids\" : [ \"91330108MA28X9459A\" ]\r\n}','null',1,'\r\n### Error updating database.  Cause: com.mysql.cj.jdbc.exceptions.MysqlDataTruncation: Data truncation: Truncated incorrect DOUBLE value: \'91330108MA28X9459A\'\r\n### The error may involve com.ruoyi.system.mapper.EquSupplierMapper.deleteEquSupplierByIds-Inline\r\n### The error occurred while setting parameters\r\n### SQL: update equ_supplier set del_flag = \'2\' where sup_id in           (               ?          )\r\n### Cause: com.mysql.cj.jdbc.exceptions.MysqlDataTruncation: Data truncation: Truncated incorrect DOUBLE value: \'91330108MA28X9459A\'\n; Data truncation: Truncated incorrect DOUBLE value: \'91330108MA28X9459A\'; nested exception is com.mysql.cj.jdbc.exceptions.MysqlDataTruncation: Data truncation: Truncated incorrect DOUBLE value: \'91330108MA28X9459A\'','2020-02-17 15:00:35'),(291,'设备档案',1,'com.ruoyi.web.controller.system.EquCardController.addSave()','POST',1,'admin','设备管理部门','/system/equcard/add','127.0.0.1','内网IP','{\r\n  \"classId\" : [ \"9\" ],\r\n  \"deptId\" : [ \"\" ],\r\n  \"equName\" : [ \"挂式空调\" ],\r\n  \"className\" : [ \"空调\" ],\r\n  \"equCount\" : [ \"5\" ],\r\n  \"equSprice\" : [ \"2500\" ],\r\n  \"supplierId\" : [ \"\" ],\r\n  \"equBrand\" : [ \"\" ],\r\n  \"equParam\" : [ \"\" ],\r\n  \"deptName\" : [ \"\" ],\r\n  \"equAdmin\" : [ \"\" ],\r\n  \"equTime\" : [ \"\" ],\r\n  \"equYear\" : [ \"\" ],\r\n  \"equArea\" : [ \"\" ],\r\n  \"equAttribute\" : [ \"0\" ],\r\n  \"equStatus\" : [ \"0\" ],\r\n  \"remark\" : [ \"\" ]\r\n}','{\r\n  \"msg\" : \"操作成功\",\r\n  \"code\" : 0\r\n}',0,NULL,'2020-02-17 15:01:39'),(292,'设备档案',3,'com.ruoyi.web.controller.system.EquCardController.remove()','POST',1,'admin','设备管理部门','/system/equcard/remove','127.0.0.1','内网IP','{\r\n  \"ids\" : [ \"4,5\" ]\r\n}','{\r\n  \"msg\" : \"操作成功\",\r\n  \"code\" : 0\r\n}',0,NULL,'2020-02-17 15:01:45'),(293,'代码生成',6,'com.ruoyi.generator.controller.GenController.importTableSave()','POST',1,'admin','设备管理部门','/tool/gen/importTable','127.0.0.1','内网IP','{\r\n  \"tables\" : [ \"equ_contract\" ]\r\n}','{\r\n  \"msg\" : \"操作成功\",\r\n  \"code\" : 0\r\n}',0,NULL,'2020-02-18 10:39:43'),(294,'代码生成',2,'com.ruoyi.generator.controller.GenController.editSave()','POST',1,'admin','设备管理部门','/tool/gen/edit','127.0.0.1','内网IP','{\r\n  \"tableId\" : [ \"7\" ],\r\n  \"tableName\" : [ \"equ_contract\" ],\r\n  \"tableComment\" : [ \"设备合同表\" ],\r\n  \"className\" : [ \"EquContract\" ],\r\n  \"functionAuthor\" : [ \"ruoyi\" ],\r\n  \"remark\" : [ \"\" ],\r\n  \"columns[0].columnId\" : [ \"91\" ],\r\n  \"columns[0].sort\" : [ \"1\" ],\r\n  \"columns[0].columnComment\" : [ \"ID 主键\" ],\r\n  \"columns[0].javaType\" : [ \"Long\" ],\r\n  \"columns[0].javaField\" : [ \"conId\" ],\r\n  \"columns[0].isInsert\" : [ \"1\" ],\r\n  \"columns[0].queryType\" : [ \"EQ\" ],\r\n  \"columns[0].htmlType\" : [ \"input\" ],\r\n  \"columns[0].dictType\" : [ \"\" ],\r\n  \"columns[1].columnId\" : [ \"92\" ],\r\n  \"columns[1].sort\" : [ \"2\" ],\r\n  \"columns[1].columnComment\" : [ \"Guid\" ],\r\n  \"columns[1].javaType\" : [ \"String\" ],\r\n  \"columns[1].javaField\" : [ \"conGuid\" ],\r\n  \"columns[1].isInsert\" : [ \"1\" ],\r\n  \"columns[1].queryType\" : [ \"EQ\" ],\r\n  \"columns[1].htmlType\" : [ \"input\" ],\r\n  \"columns[1].dictType\" : [ \"\" ],\r\n  \"columns[2].columnId\" : [ \"93\" ],\r\n  \"columns[2].sort\" : [ \"3\" ],\r\n  \"columns[2].columnComment\" : [ \"合同编号\" ],\r\n  \"columns[2].javaType\" : [ \"String\" ],\r\n  \"columns[2].javaField\" : [ \"conCode\" ],\r\n  \"columns[2].isInsert\" : [ \"1\" ],\r\n  \"columns[2].isEdit\" : [ \"1\" ],\r\n  \"columns[2].isList\" : [ \"1\" ],\r\n  \"columns[2].isQuery\" : [ \"1\" ],\r\n  \"columns[2].queryType\" : [ \"EQ\" ],\r\n  \"columns[2].htmlType\" : [ \"input\" ],\r\n  \"columns[2].dictType\" : [ \"\" ],\r\n  \"columns[3].columnId\" : [ \"94\" ],\r\n  \"columns[3].sort\" : [ \"4\" ],\r\n  \"columns[3].columnComment\" : [ \"合同名称\" ],\r\n  \"columns[3].javaType\" : [ \"String\" ],\r\n  \"columns[3].javaField\" : [ \"conName\" ],\r\n  \"columns[3].isInsert\" : [ \"1\" ],\r\n  \"columns[3].isEdit\" : [ \"1\" ],\r\n  \"columns[3].isList\" : [ \"1\" ],\r\n  \"columns[3].isQuery\" : [ \"1\" ],\r\n  \"columns[3].queryType\" : [ \"LIKE\" ],\r\n  \"columns[3].htmlType\" : [ \"input\" ],\r\n  \"columns[3].dictType\" : [ \"\" ],\r\n  \"columns[4].columnId\" : [ \"95\" ],\r\n  \"columns[4].sort\" : [ \"5\" ],\r\n  \"columns[4].columnComment\" : [ \"合同金额\" ],\r\n  \"columns[4].javaType\" : [ \"Double\" ],\r\n  \"columns[4].javaField\" : [ \"conAmount\" ],\r\n  \"columns[4].isInsert','{\r\n  \"msg\" : \"操作成功\",\r\n  \"code\" : 0\r\n}',0,NULL,'2020-02-18 10:41:55'),(295,'代码生成',8,'com.ruoyi.generator.controller.GenController.genCode()','GET',1,'admin','设备管理部门','/tool/gen/genCode/equ_contract','127.0.0.1','内网IP','{ }','null',0,NULL,'2020-02-18 10:42:09'),(296,'设备合同',1,'com.ruoyi.web.controller.system.EquContractController.addSave()','POST',1,'admin','设备管理部门','/system/equcontract/add','127.0.0.1','内网IP','{\r\n  \"conCode\" : [ \"202002180001\" ],\r\n  \"conName\" : [ \"合同名称\" ],\r\n  \"conAmount\" : [ \"30\" ],\r\n  \"conTime\" : [ \"2020-02-10\" ],\r\n  \"conFirst\" : [ \"合同甲方\" ],\r\n  \"firstContacts\" : [ \"甲方联系人\" ],\r\n  \"firstPhone\" : [ \"15711111111\" ],\r\n  \"conSecond\" : [ \"合同乙方\" ],\r\n  \"secondContacts\" : [ \"乙方联系人\" ],\r\n  \"secondPhone\" : [ \"15722222222\" ],\r\n  \"remark\" : [ \"测试数据\" ]\r\n}','{\r\n  \"msg\" : \"操作成功\",\r\n  \"code\" : 0\r\n}',0,NULL,'2020-02-18 11:32:00'),(297,'设备合同',2,'com.ruoyi.web.controller.system.EquContractController.editSave()','POST',1,'admin','设备管理部门','/system/equcontract/edit','127.0.0.1','内网IP','{\r\n  \"conId\" : [ \"1\" ],\r\n  \"conCode\" : [ \"2020021801\" ],\r\n  \"conName\" : [ \"合同名称\" ],\r\n  \"conAmount\" : [ \"30.0\" ],\r\n  \"conTime\" : [ \"2020-02-10\" ],\r\n  \"conFirst\" : [ \"合同甲方\" ],\r\n  \"firstContacts\" : [ \"甲方联系人\" ],\r\n  \"firstPhone\" : [ \"15711111111\" ],\r\n  \"conSecond\" : [ \"合同乙方\" ],\r\n  \"secondContacts\" : [ \"乙方联系人\" ],\r\n  \"secondPhone\" : [ \"15722222222\" ],\r\n  \"remark\" : [ \"测试数据\" ]\r\n}','{\r\n  \"msg\" : \"操作成功\",\r\n  \"code\" : 0\r\n}',0,NULL,'2020-02-18 11:45:05'),(298,'设备合同',2,'com.ruoyi.web.controller.system.EquContractController.editSave()','POST',1,'admin','设备管理部门','/system/equcontract/edit','127.0.0.1','内网IP','{\r\n  \"conId\" : [ \"1\" ],\r\n  \"conCode\" : [ \"2020021801\" ],\r\n  \"conName\" : [ \"合同名称\" ],\r\n  \"conAmount\" : [ \"30.134567\" ],\r\n  \"conTime\" : [ \"2020-02-10\" ],\r\n  \"conFirst\" : [ \"合同甲方\" ],\r\n  \"firstContacts\" : [ \"甲方联系人\" ],\r\n  \"firstPhone\" : [ \"15711111111\" ],\r\n  \"conSecond\" : [ \"合同乙方\" ],\r\n  \"secondContacts\" : [ \"乙方联系人\" ],\r\n  \"secondPhone\" : [ \"15722222222\" ],\r\n  \"remark\" : [ \"测试数据\" ]\r\n}','{\r\n  \"msg\" : \"操作成功\",\r\n  \"code\" : 0\r\n}',0,NULL,'2020-02-18 12:52:22'),(299,'设备档案',3,'com.ruoyi.web.controller.system.EquCardController.cancels()','POST',1,'admin','设备管理部门','/system/equcard/selectEqus/cancels','127.0.0.1','内网IP','{\r\n  \"ids\" : [ \"1\" ],\r\n  \"type\" : [ \"con\" ]\r\n}','null',1,'\r\n### Error updating database.  Cause: java.sql.SQLException: Incorrect integer value: \'\' for column \'contract_id\' at row 1\r\n### The error may involve com.ruoyi.system.mapper.EquCardMapper.deleteCons-Inline\r\n### The error occurred while setting parameters\r\n### SQL: update equ_card set contract_id = \'\' where equ_id in           (               ?          )\r\n### Cause: java.sql.SQLException: Incorrect integer value: \'\' for column \'contract_id\' at row 1\n; uncategorized SQLException; SQL state [HY000]; error code [1366]; Incorrect integer value: \'\' for column \'contract_id\' at row 1; nested exception is java.sql.SQLException: Incorrect integer value: \'\' for column \'contract_id\' at row 1','2020-02-20 14:07:14'),(300,'设备档案',3,'com.ruoyi.web.controller.system.EquCardController.cancel()','POST',1,'admin','设备管理部门','/system/equcard/selectEqus/cancel','127.0.0.1','内网IP','{\r\n  \"id\" : [ \"1\" ],\r\n  \"type\" : [ \"con\" ]\r\n}','null',1,'\r\n### Error updating database.  Cause: java.sql.SQLException: Incorrect integer value: \'\' for column \'contract_id\' at row 1\r\n### The error may involve com.ruoyi.system.mapper.EquCardMapper.deleteCon-Inline\r\n### The error occurred while setting parameters\r\n### SQL: update equ_card set contract_id = \'\' where equ_id = ?\r\n### Cause: java.sql.SQLException: Incorrect integer value: \'\' for column \'contract_id\' at row 1\n; uncategorized SQLException; SQL state [HY000]; error code [1366]; Incorrect integer value: \'\' for column \'contract_id\' at row 1; nested exception is java.sql.SQLException: Incorrect integer value: \'\' for column \'contract_id\' at row 1','2020-02-20 14:10:02'),(301,'设备档案',3,'com.ruoyi.web.controller.system.EquCardController.cancel()','POST',1,'admin','设备管理部门','/system/equcard/selectEqus/cancel','127.0.0.1','内网IP','{\r\n  \"id\" : [ \"1\" ],\r\n  \"type\" : [ \"con\" ]\r\n}','{\r\n  \"msg\" : \"操作成功\",\r\n  \"code\" : 0\r\n}',0,NULL,'2020-02-20 14:12:00'),(302,'设备档案',3,'com.ruoyi.web.controller.system.EquCardController.cancels()','POST',1,'admin','设备管理部门','/system/equcard/selectEqus/cancels','127.0.0.1','内网IP','{\r\n  \"ids\" : [ \"2\" ],\r\n  \"type\" : [ \"con\" ]\r\n}','{\r\n  \"msg\" : \"操作成功\",\r\n  \"code\" : 0\r\n}',0,NULL,'2020-02-20 14:13:29'),(303,'设备档案',3,'com.ruoyi.web.controller.system.EquCardController.cancels()','POST',1,'admin','设备管理部门','/system/equcard/selectEqus/cancels','127.0.0.1','内网IP','{\r\n  \"ids\" : [ \"1\" ],\r\n  \"type\" : [ \"sup\" ]\r\n}','{\r\n  \"msg\" : \"操作成功\",\r\n  \"code\" : 0\r\n}',0,NULL,'2020-02-20 14:13:58'),(304,'设备档案',3,'com.ruoyi.web.controller.system.EquCardController.cancels()','POST',1,'admin','设备管理部门','/system/equcard/selectEqus/cancels','127.0.0.1','内网IP','{\r\n  \"ids\" : [ \"3,2,1\" ],\r\n  \"type\" : [ \"sup\" ]\r\n}','{\r\n  \"msg\" : \"操作成功\",\r\n  \"code\" : 0\r\n}',0,NULL,'2020-02-20 17:24:08'),(305,'设备档案',3,'com.ruoyi.web.controller.system.EquCardController.selectCards()','POST',1,'admin','设备管理部门','/system/equcard/selectEqus/selectCards','127.0.0.1','内网IP','{\r\n  \"userIds\" : [ \"3,2,1\" ],\r\n  \"mId\" : [ \"1\" ],\r\n  \"mType\" : [ \"sup\" ]\r\n}','null',1,'','2020-02-20 18:09:33'),(306,'设备档案',3,'com.ruoyi.web.controller.system.EquCardController.selectCards()','POST',1,'admin','设备管理部门','/system/equcard/selectEqus/selectCards','127.0.0.1','内网IP','{\r\n  \"userIds\" : [ \"3,2,1\" ],\r\n  \"mId\" : [ \"1\" ],\r\n  \"mType\" : [ \"sup\" ]\r\n}','null',1,'','2020-02-20 18:23:36'),(307,'设备档案',3,'com.ruoyi.web.controller.system.EquCardController.selectCards()','POST',1,'admin','设备管理部门','/system/equcard/selectEqus/selectCards','127.0.0.1','内网IP','{\r\n  \"userIds\" : [ \"3,2,1\" ],\r\n  \"mId\" : [ \"1\" ],\r\n  \"mType\" : [ \"sup\" ]\r\n}','null',1,'','2020-02-20 18:24:31'),(308,'设备档案',3,'com.ruoyi.web.controller.system.EquCardController.selectCards()','POST',1,'admin','设备管理部门','/system/equcard/selectEqus/selectCards','127.0.0.1','内网IP','{\r\n  \"ids\" : [ \"3,2,1\" ],\r\n  \"mId\" : [ \"1\" ],\r\n  \"mType\" : [ \"sup\" ]\r\n}','null',1,'nested exception is org.apache.ibatis.binding.BindingException: Parameter \'array\' not found. Available parameters are [arg1, arg0, param1, param2]','2020-02-20 18:24:48'),(309,'设备档案',3,'com.ruoyi.web.controller.system.EquCardController.selectCards()','POST',1,'admin','设备管理部门','/system/equcard/selectEqus/selectCards','127.0.0.1','内网IP','{\r\n  \"ids\" : [ \"3,2,1\" ],\r\n  \"mId\" : [ \"1\" ],\r\n  \"mType\" : [ \"sup\" ]\r\n}','null',1,'nested exception is org.apache.ibatis.binding.BindingException: Parameter \'array\' not found. Available parameters are [arg1, arg0, param1, param2]','2020-02-20 18:35:48'),(310,'设备档案',3,'com.ruoyi.web.controller.system.EquCardController.selectCards()','POST',1,'admin','设备管理部门','/system/equcard/selectEqus/selectCards','127.0.0.1','内网IP','{\r\n  \"ids\" : [ \"3,2,1\" ],\r\n  \"mId\" : [ \"1\" ],\r\n  \"mType\" : [ \"sup\" ]\r\n}','{\r\n  \"msg\" : \"操作成功\",\r\n  \"code\" : 0\r\n}',0,NULL,'2020-02-20 18:39:12'),(311,'设备档案',3,'com.ruoyi.web.controller.system.EquCardController.selectCards()','POST',1,'admin','设备管理部门','/system/equcard/selectEqus/selectCards','127.0.0.1','内网IP','{\r\n  \"ids\" : [ \"3,2,1\" ],\r\n  \"mId\" : [ \"1\" ],\r\n  \"mType\" : [ \"con\" ]\r\n}','{\r\n  \"msg\" : \"操作成功\",\r\n  \"code\" : 0\r\n}',0,NULL,'2020-02-20 18:39:55'),(312,'设备档案',3,'com.ruoyi.web.controller.system.EquCardController.cancels()','POST',1,'admin','设备管理部门','/system/equcard/selectEqus/cancels','127.0.0.1','内网IP','{\r\n  \"ids\" : [ \"3,2,1\" ],\r\n  \"type\" : [ \"con\" ]\r\n}','{\r\n  \"msg\" : \"操作成功\",\r\n  \"code\" : 0\r\n}',0,NULL,'2020-02-20 18:40:13'),(313,'设备档案',3,'com.ruoyi.web.controller.system.EquCardController.selectCards()','POST',1,'admin','设备管理部门','/system/equcard/selectEqus/selectCards','127.0.0.1','内网IP','{\r\n  \"ids\" : [ \"3\" ],\r\n  \"mId\" : [ \"1\" ],\r\n  \"mType\" : [ \"con\" ]\r\n}','{\r\n  \"msg\" : \"操作成功\",\r\n  \"code\" : 0\r\n}',0,NULL,'2020-02-20 18:40:22'),(314,'设备档案',2,'com.ruoyi.web.controller.system.EquCardController.editSave()','POST',1,'admin','设备管理部门','/system/equcard/edit','127.0.0.1','内网IP','{\r\n  \"equId\" : [ \"3\" ],\r\n  \"classId\" : [ \"9\" ],\r\n  \"deptId\" : [ \"101\" ],\r\n  \"equName\" : [ \"电梯空调\" ],\r\n  \"className\" : [ \"空调\" ],\r\n  \"equCount\" : [ \"1.0\" ],\r\n  \"equSprice\" : [ \"1000.0\" ],\r\n  \"supplierId\" : [ \"1\" ],\r\n  \"equBrand\" : [ \"\" ],\r\n  \"equParam\" : [ \"\" ],\r\n  \"deptName\" : [ \"设备管理部门\" ],\r\n  \"equAdmin\" : [ \"\" ],\r\n  \"equTime\" : [ \"\" ],\r\n  \"equYear\" : [ \"\" ],\r\n  \"equArea\" : [ \"\" ],\r\n  \"equStatus\" : [ \"0\" ],\r\n  \"remark\" : [ \"\" ]\r\n}','{\r\n  \"msg\" : \"操作成功\",\r\n  \"code\" : 0\r\n}',0,NULL,'2020-02-21 10:51:15'),(315,'设备档案',2,'com.ruoyi.web.controller.system.EquCardController.editSave()','POST',1,'admin','设备管理部门','/system/equcard/edit','127.0.0.1','内网IP','{\r\n  \"equId\" : [ \"2\" ],\r\n  \"classId\" : [ \"9\" ],\r\n  \"deptId\" : [ \"101\" ],\r\n  \"equName\" : [ \"中央空调\" ],\r\n  \"className\" : [ \"空调\" ],\r\n  \"equCount\" : [ \"1.0\" ],\r\n  \"equSprice\" : [ \"10000.0\" ],\r\n  \"supplierId\" : [ \"1\" ],\r\n  \"equBrand\" : [ \"\" ],\r\n  \"equParam\" : [ \"\" ],\r\n  \"deptName\" : [ \"设备管理部门\" ],\r\n  \"equAdmin\" : [ \"\" ],\r\n  \"equTime\" : [ \"\" ],\r\n  \"equYear\" : [ \"\" ],\r\n  \"equArea\" : [ \"\" ],\r\n  \"equStatus\" : [ \"0\" ],\r\n  \"remark\" : [ \"\" ]\r\n}','{\r\n  \"msg\" : \"操作成功\",\r\n  \"code\" : 0\r\n}',0,NULL,'2020-02-21 10:51:27'),(316,'设备档案',2,'com.ruoyi.web.controller.system.EquCardController.editSave()','POST',1,'admin','设备管理部门','/system/equcard/edit','127.0.0.1','内网IP','{\r\n  \"equId\" : [ \"3\" ],\r\n  \"classId\" : [ \"9\" ],\r\n  \"deptId\" : [ \"101\" ],\r\n  \"supplierId\" : [ \"1\" ],\r\n  \"contractId\" : [ \"1\" ],\r\n  \"equName\" : [ \"电梯空调\" ],\r\n  \"className\" : [ \"空调\" ],\r\n  \"equCount\" : [ \"1.0\" ],\r\n  \"equSprice\" : [ \"1000.0\" ],\r\n  \"supplierName\" : [ \"浙江源创建筑智能科技有限公司\" ],\r\n  \"equBrand\" : [ \"\" ],\r\n  \"equParam\" : [ \"\" ],\r\n  \"deptName\" : [ \"设备管理部门\" ],\r\n  \"equAdmin\" : [ \"\" ],\r\n  \"equTime\" : [ \"\" ],\r\n  \"equYear\" : [ \"\" ],\r\n  \"equArea\" : [ \"\" ],\r\n  \"equStatus\" : [ \"0\" ],\r\n  \"remark\" : [ \"\" ]\r\n}','{\r\n  \"msg\" : \"操作成功\",\r\n  \"code\" : 0\r\n}',0,NULL,'2020-02-21 11:01:29'),(317,'设备档案',1,'com.ruoyi.web.controller.system.EquCardController.addSave()','POST',1,'admin','设备管理部门','/system/equcard/add','127.0.0.1','内网IP','{\r\n  \"classId\" : [ \"9\" ],\r\n  \"deptId\" : [ \"\" ],\r\n  \"supplierId\" : [ \"1\" ],\r\n  \"contractId\" : [ \"1\" ],\r\n  \"equName\" : [ \"立式空调\" ],\r\n  \"className\" : [ \"空调\" ],\r\n  \"equCount\" : [ \"4\" ],\r\n  \"equSprice\" : [ \"5600\" ],\r\n  \"contractName\" : [ \"合同名称\" ],\r\n  \"supplierName\" : [ \"浙江源创建筑智能科技有限公司\" ],\r\n  \"equBrand\" : [ \"\" ],\r\n  \"equParam\" : [ \"\" ],\r\n  \"deptName\" : [ \"\" ],\r\n  \"equAdmin\" : [ \"\" ],\r\n  \"equTime\" : [ \"\" ],\r\n  \"equYear\" : [ \"\" ],\r\n  \"equArea\" : [ \"\" ],\r\n  \"equAttribute\" : [ \"0\" ],\r\n  \"equStatus\" : [ \"0\" ],\r\n  \"remark\" : [ \"\" ]\r\n}','null',1,'\r\n### Error updating database.  Cause: java.sql.SQLException: Parameter number 1 is not an OUT parameter\r\n### SQL: CALL GetSerialNumCard(?)\r\n### Cause: java.sql.SQLException: Parameter number 1 is not an OUT parameter\n; Parameter number 1 is not an OUT parameter; nested exception is java.sql.SQLException: Parameter number 1 is not an OUT parameter','2020-02-21 12:17:39'),(318,'设备档案',3,'com.ruoyi.web.controller.system.EquCardController.cancel()','POST',1,'admin','设备管理部门','/system/equcard/selectEqus/cancel','127.0.0.1','内网IP','{\r\n  \"id\" : [ \"3\" ],\r\n  \"type\" : [ \"con\" ]\r\n}','{\r\n  \"msg\" : \"操作成功\",\r\n  \"code\" : 0\r\n}',0,NULL,'2020-02-21 12:23:37'),(319,'设备档案',2,'com.ruoyi.web.controller.system.EquCardController.editSave()','POST',1,'admin','设备管理部门','/system/equcard/edit','127.0.0.1','内网IP','{\r\n  \"equId\" : [ \"3\" ],\r\n  \"classId\" : [ \"9\" ],\r\n  \"deptId\" : [ \"101\" ],\r\n  \"supplierId\" : [ \"1\" ],\r\n  \"contractId\" : [ \"1\" ],\r\n  \"equName\" : [ \"电梯空调\" ],\r\n  \"className\" : [ \"空调\" ],\r\n  \"equCount\" : [ \"1.0\" ],\r\n  \"equSprice\" : [ \"1000.0\" ],\r\n  \"contractName\" : [ \"合同名称\" ],\r\n  \"supplierName\" : [ \"浙江源创建筑智能科技有限公司\" ],\r\n  \"equBrand\" : [ \"\" ],\r\n  \"equParam\" : [ \"\" ],\r\n  \"deptName\" : [ \"设备管理部门\" ],\r\n  \"equAdmin\" : [ \"\" ],\r\n  \"equTime\" : [ \"\" ],\r\n  \"equYear\" : [ \"\" ],\r\n  \"equArea\" : [ \"\" ],\r\n  \"equStatus\" : [ \"0\" ],\r\n  \"remark\" : [ \"\" ]\r\n}','{\r\n  \"msg\" : \"操作成功\",\r\n  \"code\" : 0\r\n}',0,NULL,'2020-02-21 12:23:44'),(320,'设备档案',1,'com.ruoyi.web.controller.system.EquCardController.addSave()','POST',1,'admin','设备管理部门','/system/equcard/add','127.0.0.1','内网IP','{\r\n  \"classId\" : [ \"9\" ],\r\n  \"deptId\" : [ \"\" ],\r\n  \"supplierId\" : [ \"1\" ],\r\n  \"contractId\" : [ \"1\" ],\r\n  \"equName\" : [ \"立式空调\" ],\r\n  \"className\" : [ \"空调\" ],\r\n  \"equCount\" : [ \"5\" ],\r\n  \"equSprice\" : [ \"8600\" ],\r\n  \"contractName\" : [ \"合同名称\" ],\r\n  \"supplierName\" : [ \"浙江源创建筑智能科技有限公司\" ],\r\n  \"equBrand\" : [ \"\" ],\r\n  \"equParam\" : [ \"\" ],\r\n  \"deptName\" : [ \"\" ],\r\n  \"equAdmin\" : [ \"\" ],\r\n  \"equTime\" : [ \"\" ],\r\n  \"equYear\" : [ \"\" ],\r\n  \"equArea\" : [ \"\" ],\r\n  \"equAttribute\" : [ \"0\" ],\r\n  \"equStatus\" : [ \"0\" ],\r\n  \"remark\" : [ \"\" ]\r\n}','null',1,'nested exception is org.apache.ibatis.reflection.ReflectionException: There is no getter for property named \'ContractId\' in \'class com.ruoyi.system.domain.EquCard\'','2020-02-21 12:46:35'),(321,'设备档案',1,'com.ruoyi.web.controller.system.EquCardController.addSave()','POST',1,'admin','设备管理部门','/system/equcard/add','127.0.0.1','内网IP','{\r\n  \"classId\" : [ \"9\" ],\r\n  \"deptId\" : [ \"\" ],\r\n  \"supplierId\" : [ \"1\" ],\r\n  \"contractId\" : [ \"1\" ],\r\n  \"equName\" : [ \"立式空调\" ],\r\n  \"className\" : [ \"空调\" ],\r\n  \"equCount\" : [ \"5\" ],\r\n  \"equSprice\" : [ \"5600\" ],\r\n  \"contractName\" : [ \"合同名称\" ],\r\n  \"supplierName\" : [ \"浙江源创建筑智能科技有限公司\" ],\r\n  \"equBrand\" : [ \"\" ],\r\n  \"equParam\" : [ \"\" ],\r\n  \"deptName\" : [ \"\" ],\r\n  \"equAdmin\" : [ \"\" ],\r\n  \"equTime\" : [ \"\" ],\r\n  \"equYear\" : [ \"\" ],\r\n  \"equArea\" : [ \"\" ],\r\n  \"equAttribute\" : [ \"0\" ],\r\n  \"equStatus\" : [ \"0\" ],\r\n  \"remark\" : [ \"\" ]\r\n}','{\r\n  \"msg\" : \"操作成功\",\r\n  \"code\" : 0\r\n}',0,NULL,'2020-02-21 12:49:52'),(322,'设备档案',2,'com.ruoyi.web.controller.system.EquCardController.editSave()','POST',1,'admin','设备管理部门','/system/equcard/edit','127.0.0.1','内网IP','{\r\n  \"equId\" : [ \"6\" ],\r\n  \"classId\" : [ \"9\" ],\r\n  \"deptId\" : [ \"200\" ],\r\n  \"supplierId\" : [ \"1\" ],\r\n  \"contractId\" : [ \"1\" ],\r\n  \"equName\" : [ \"立式空调\" ],\r\n  \"className\" : [ \"空调\" ],\r\n  \"equCount\" : [ \"5.0\" ],\r\n  \"equSprice\" : [ \"5600.0\" ],\r\n  \"contractName\" : [ \"合同名称\" ],\r\n  \"supplierName\" : [ \"浙江源创建筑智能科技有限公司\" ],\r\n  \"equBrand\" : [ \"\" ],\r\n  \"equParam\" : [ \"\" ],\r\n  \"deptName\" : [ \"合同管理部门\" ],\r\n  \"equAdmin\" : [ \"\" ],\r\n  \"equTime\" : [ \"\" ],\r\n  \"equYear\" : [ \"\" ],\r\n  \"equArea\" : [ \"\" ],\r\n  \"equAttribute\" : [ \"0\" ],\r\n  \"equStatus\" : [ \"0\" ],\r\n  \"remark\" : [ \"\" ]\r\n}','{\r\n  \"msg\" : \"操作成功\",\r\n  \"code\" : 0\r\n}',0,NULL,'2020-02-21 13:01:34'),(323,'代码生成',6,'com.ruoyi.generator.controller.GenController.importTableSave()','POST',1,'admin','设备管理部门','/tool/gen/importTable','127.0.0.1','内网IP','{\r\n  \"tables\" : [ \"equ_scrap\" ]\r\n}','{\r\n  \"msg\" : \"操作成功\",\r\n  \"code\" : 0\r\n}',0,NULL,'2020-02-24 11:18:20'),(324,'代码生成',2,'com.ruoyi.generator.controller.GenController.editSave()','POST',1,'admin','设备管理部门','/tool/gen/edit','127.0.0.1','内网IP','{\r\n  \"tableId\" : [ \"8\" ],\r\n  \"tableName\" : [ \"equ_scrap\" ],\r\n  \"tableComment\" : [ \"设备报废报损表\" ],\r\n  \"className\" : [ \"EquScrap\" ],\r\n  \"functionAuthor\" : [ \"ruoyi\" ],\r\n  \"remark\" : [ \"\" ],\r\n  \"columns[0].columnId\" : [ \"109\" ],\r\n  \"columns[0].sort\" : [ \"1\" ],\r\n  \"columns[0].columnComment\" : [ \"ID 主键\" ],\r\n  \"columns[0].javaType\" : [ \"Long\" ],\r\n  \"columns[0].javaField\" : [ \"scrId\" ],\r\n  \"columns[0].isInsert\" : [ \"1\" ],\r\n  \"columns[0].queryType\" : [ \"EQ\" ],\r\n  \"columns[0].htmlType\" : [ \"input\" ],\r\n  \"columns[0].dictType\" : [ \"\" ],\r\n  \"columns[1].columnId\" : [ \"110\" ],\r\n  \"columns[1].sort\" : [ \"2\" ],\r\n  \"columns[1].columnComment\" : [ \"Guid\" ],\r\n  \"columns[1].javaType\" : [ \"String\" ],\r\n  \"columns[1].javaField\" : [ \"scrGuid\" ],\r\n  \"columns[1].isInsert\" : [ \"1\" ],\r\n  \"columns[1].queryType\" : [ \"EQ\" ],\r\n  \"columns[1].htmlType\" : [ \"input\" ],\r\n  \"columns[1].dictType\" : [ \"\" ],\r\n  \"columns[2].columnId\" : [ \"111\" ],\r\n  \"columns[2].sort\" : [ \"3\" ],\r\n  \"columns[2].columnComment\" : [ \"报废报损单编号\" ],\r\n  \"columns[2].javaType\" : [ \"String\" ],\r\n  \"columns[2].javaField\" : [ \"scrCode\" ],\r\n  \"columns[2].isInsert\" : [ \"1\" ],\r\n  \"columns[2].isEdit\" : [ \"1\" ],\r\n  \"columns[2].queryType\" : [ \"EQ\" ],\r\n  \"columns[2].htmlType\" : [ \"input\" ],\r\n  \"columns[2].dictType\" : [ \"\" ],\r\n  \"columns[3].columnId\" : [ \"112\" ],\r\n  \"columns[3].sort\" : [ \"4\" ],\r\n  \"columns[3].columnComment\" : [ \"设备id 设备档案表主键\" ],\r\n  \"columns[3].javaType\" : [ \"String\" ],\r\n  \"columns[3].javaField\" : [ \"equId\" ],\r\n  \"columns[3].isInsert\" : [ \"1\" ],\r\n  \"columns[3].isEdit\" : [ \"1\" ],\r\n  \"columns[3].queryType\" : [ \"EQ\" ],\r\n  \"columns[3].htmlType\" : [ \"input\" ],\r\n  \"columns[3].dictType\" : [ \"\" ],\r\n  \"columns[4].columnId\" : [ \"113\" ],\r\n  \"columns[4].sort\" : [ \"5\" ],\r\n  \"columns[4].columnComment\" : [ \"报废理由\" ],\r\n  \"columns[4].javaType\" : [ \"String\" ],\r\n  \"columns[4].javaField\" : [ \"scrReason\" ],\r\n  \"columns[4].isInsert\" : [ \"1\" ],\r\n  \"columns[4].isEdit\" : [ \"1\" ],\r\n  \"columns[4].queryType\" : [ \"EQ\" ],\r\n  \"columns[4].htmlType\" : [ \"input\" ],\r\n  \"c','{\r\n  \"msg\" : \"操作成功\",\r\n  \"code\" : 0\r\n}',0,NULL,'2020-02-24 11:19:17'),(325,'代码生成',8,'com.ruoyi.generator.controller.GenController.genCode()','GET',1,'admin','设备管理部门','/tool/gen/genCode/equ_scrap','127.0.0.1','内网IP','{ }','null',0,NULL,'2020-02-24 11:19:47'),(326,'字典类型',1,'com.ruoyi.web.controller.system.SysDictTypeController.addSave()','POST',1,'admin','设备管理部门','/system/dict/add','127.0.0.1','内网IP','{\r\n  \"dictName\" : [ \"报废报损理由\" ],\r\n  \"dictType\" : [ \"equ_scrap_type\" ],\r\n  \"status\" : [ \"0\" ],\r\n  \"remark\" : [ \"\" ]\r\n}','{\r\n  \"msg\" : \"操作成功\",\r\n  \"code\" : 0\r\n}',0,NULL,'2020-02-24 15:07:10'),(327,'字典类型',2,'com.ruoyi.web.controller.system.SysDictTypeController.editSave()','POST',1,'admin','设备管理部门','/system/dict/edit','127.0.0.1','内网IP','{\r\n  \"dictId\" : [ \"103\" ],\r\n  \"dictName\" : [ \"报废报损理由\" ],\r\n  \"dictType\" : [ \"equ_scrap_type\" ],\r\n  \"status\" : [ \"0\" ],\r\n  \"remark\" : [ \"设备报废报损理由列表\" ]\r\n}','{\r\n  \"msg\" : \"操作成功\",\r\n  \"code\" : 0\r\n}',0,NULL,'2020-02-24 15:07:40'),(328,'字典数据',1,'com.ruoyi.web.controller.system.SysDictDataController.addSave()','POST',1,'admin','设备管理部门','/system/dict/data/add','127.0.0.1','内网IP','{\r\n  \"dictLabel\" : [ \"已超过规定使用年限的老旧设备，主要结构和零部件己严重磨损，设备效能达不到到工艺最低要求，无法修复或无修复改造价值\" ],\r\n  \"dictValue\" : [ \"0\" ],\r\n  \"dictType\" : [ \"equ_scrap_type\" ],\r\n  \"cssClass\" : [ \"\" ],\r\n  \"dictSort\" : [ \"0\" ],\r\n  \"listClass\" : [ \"\" ],\r\n  \"isDefault\" : [ \"Y\" ],\r\n  \"status\" : [ \"0\" ],\r\n  \"remark\" : [ \"\" ]\r\n}','{\r\n  \"msg\" : \"操作成功\",\r\n  \"code\" : 0\r\n}',0,NULL,'2020-02-24 15:12:07'),(329,'字典数据',1,'com.ruoyi.web.controller.system.SysDictDataController.addSave()','POST',1,'admin','设备管理部门','/system/dict/data/add','127.0.0.1','内网IP','{\r\n  \"dictLabel\" : [ \"因意外灾害或重大事故受到严重损坏的设备，无法修复使用\" ],\r\n  \"dictValue\" : [ \"1\" ],\r\n  \"dictType\" : [ \"equ_scrap_type\" ],\r\n  \"cssClass\" : [ \"\" ],\r\n  \"dictSort\" : [ \"1\" ],\r\n  \"listClass\" : [ \"\" ],\r\n  \"isDefault\" : [ \"Y\" ],\r\n  \"status\" : [ \"0\" ],\r\n  \"remark\" : [ \"\" ]\r\n}','{\r\n  \"msg\" : \"操作成功\",\r\n  \"code\" : 0\r\n}',0,NULL,'2020-02-24 15:12:32'),(330,'字典数据',1,'com.ruoyi.web.controller.system.SysDictDataController.addSave()','POST',1,'admin','设备管理部门','/system/dict/data/add','127.0.0.1','内网IP','{\r\n  \"dictLabel\" : [ \"严重影响环境，继续使用将会污染环境，引发人身安全与危害健康，进行修复改造不经济\" ],\r\n  \"dictValue\" : [ \"2\" ],\r\n  \"dictType\" : [ \"equ_scrap_type\" ],\r\n  \"cssClass\" : [ \"\" ],\r\n  \"dictSort\" : [ \"2\" ],\r\n  \"listClass\" : [ \"\" ],\r\n  \"isDefault\" : [ \"Y\" ],\r\n  \"status\" : [ \"0\" ],\r\n  \"remark\" : [ \"\" ]\r\n}','{\r\n  \"msg\" : \"操作成功\",\r\n  \"code\" : 0\r\n}',0,NULL,'2020-02-24 15:12:44'),(331,'字典数据',1,'com.ruoyi.web.controller.system.SysDictDataController.addSave()','POST',1,'admin','设备管理部门','/system/dict/data/add','127.0.0.1','内网IP','{\r\n  \"dictLabel\" : [ \"因产品换型、工艺变更而淘汰的专用设备，不宜修改利用\" ],\r\n  \"dictValue\" : [ \"4\" ],\r\n  \"dictType\" : [ \"equ_scrap_type\" ],\r\n  \"cssClass\" : [ \"\" ],\r\n  \"dictSort\" : [ \"4\" ],\r\n  \"listClass\" : [ \"\" ],\r\n  \"isDefault\" : [ \"Y\" ],\r\n  \"status\" : [ \"0\" ],\r\n  \"remark\" : [ \"\" ]\r\n}','{\r\n  \"msg\" : \"操作成功\",\r\n  \"code\" : 0\r\n}',0,NULL,'2020-02-24 15:12:58'),(332,'字典数据',1,'com.ruoyi.web.controller.system.SysDictDataController.addSave()','POST',1,'admin','设备管理部门','/system/dict/data/add','127.0.0.1','内网IP','{\r\n  \"dictLabel\" : [ \"技术改造和更新替换出的旧设备不能利用或调出\" ],\r\n  \"dictValue\" : [ \"5\" ],\r\n  \"dictType\" : [ \"equ_scrap_type\" ],\r\n  \"cssClass\" : [ \"\" ],\r\n  \"dictSort\" : [ \"5\" ],\r\n  \"listClass\" : [ \"\" ],\r\n  \"isDefault\" : [ \"Y\" ],\r\n  \"status\" : [ \"0\" ],\r\n  \"remark\" : [ \"\" ]\r\n}','{\r\n  \"msg\" : \"操作成功\",\r\n  \"code\" : 0\r\n}',0,NULL,'2020-02-24 15:13:10'),(333,'字典数据',1,'com.ruoyi.web.controller.system.SysDictDataController.addSave()','POST',1,'admin','设备管理部门','/system/dict/data/add','127.0.0.1','内网IP','{\r\n  \"dictLabel\" : [ \"按国家能源政策规定应予淘汰的高耗能设备\" ],\r\n  \"dictValue\" : [ \"6\" ],\r\n  \"dictType\" : [ \"equ_scrap_type\" ],\r\n  \"cssClass\" : [ \"\" ],\r\n  \"dictSort\" : [ \"6\" ],\r\n  \"listClass\" : [ \"\" ],\r\n  \"isDefault\" : [ \"Y\" ],\r\n  \"status\" : [ \"0\" ],\r\n  \"remark\" : [ \"\" ]\r\n}','{\r\n  \"msg\" : \"操作成功\",\r\n  \"code\" : 0\r\n}',0,NULL,'2020-02-24 15:13:23'),(334,'设备报废报损',1,'com.ruoyi.web.controller.system.EquScrapController.addSave()','POST',1,'admin','设备管理部门','/system/equscrap/add','127.0.0.1','内网IP','{\r\n  \"equSerial\" : [ \"euq-202002210001\" ],\r\n  \"equName\" : [ \"立式空调\" ],\r\n  \"scrReason\" : [ \"1\" ],\r\n  \"remark\" : [ \"\" ]\r\n}','null',1,'\r\n### Error updating database.  Cause: java.sql.SQLException: Field \'scr_guid\' doesn\'t have a default value\r\n### The error may involve com.ruoyi.system.mapper.EquScrapMapper.insertEquScrap-Inline\r\n### The error occurred while setting parameters\r\n### SQL: insert into equ_scrap          ( scr_reason,                                                    create_time )           values ( ?,                                                    ? )\r\n### Cause: java.sql.SQLException: Field \'scr_guid\' doesn\'t have a default value\n; Field \'scr_guid\' doesn\'t have a default value; nested exception is java.sql.SQLException: Field \'scr_guid\' doesn\'t have a default value','2020-02-24 15:17:45'),(335,'设备报废报损',1,'com.ruoyi.web.controller.system.EquScrapController.addSave()','POST',1,'admin','设备管理部门','/system/equscrap/add','127.0.0.1','内网IP','{\r\n  \"equSerial\" : [ \"euq-202002210001\" ],\r\n  \"equName\" : [ \"立式空调\" ],\r\n  \"scrReason\" : [ \"0\" ],\r\n  \"remark\" : [ \"\" ]\r\n}','null',1,'\r\n### Error updating database.  Cause: java.sql.SQLException: Parameter number 1 is not an OUT parameter\r\n### SQL: CALL GetSerialNumScr(?)\r\n### Cause: java.sql.SQLException: Parameter number 1 is not an OUT parameter\n; Parameter number 1 is not an OUT parameter; nested exception is java.sql.SQLException: Parameter number 1 is not an OUT parameter','2020-02-24 16:09:11'),(336,'设备报废报损',1,'com.ruoyi.web.controller.system.EquScrapController.addSave()','POST',1,'admin','设备管理部门','/system/equscrap/add','127.0.0.1','内网IP','{\r\n  \"equSerial\" : [ \"euq-202002210001\" ],\r\n  \"equName\" : [ \"立式空调\" ],\r\n  \"scrReason\" : [ \"0\" ],\r\n  \"remark\" : [ \"\" ]\r\n}','null',1,'\r\n### Error updating database.  Cause: java.sql.SQLSyntaxErrorException: You have an error in your SQL syntax; check the manual that corresponds to your MySQL server version for the right syntax to use near \'where equ_id = null\' at line 1\r\n### The error may involve defaultParameterMap\r\n### The error occurred while setting parameters\r\n### SQL: update equ_card set equ_status = ? where equ_id where equ_id = ?\r\n### Cause: java.sql.SQLSyntaxErrorException: You have an error in your SQL syntax; check the manual that corresponds to your MySQL server version for the right syntax to use near \'where equ_id = null\' at line 1\n; bad SQL grammar []; nested exception is java.sql.SQLSyntaxErrorException: You have an error in your SQL syntax; check the manual that corresponds to your MySQL server version for the right syntax to use near \'where equ_id = null\' at line 1','2020-02-24 16:17:56'),(337,'设备报废报损',1,'com.ruoyi.web.controller.system.EquScrapController.addSave()','POST',1,'admin','设备管理部门','/system/equscrap/add','127.0.0.1','内网IP','{\r\n  \"equId\" : [ \"6\" ],\r\n  \"equSerial\" : [ \"euq-202002210001\" ],\r\n  \"equName\" : [ \"立式空调\" ],\r\n  \"scrReason\" : [ \"0\" ],\r\n  \"remark\" : [ \"\" ]\r\n}','null',1,'\r\n### Error updating database.  Cause: java.sql.SQLSyntaxErrorException: You have an error in your SQL syntax; check the manual that corresponds to your MySQL server version for the right syntax to use near \'where equ_id = 6\' at line 1\r\n### The error may involve defaultParameterMap\r\n### The error occurred while setting parameters\r\n### SQL: update equ_card set equ_status = ? where equ_id where equ_id = ?\r\n### Cause: java.sql.SQLSyntaxErrorException: You have an error in your SQL syntax; check the manual that corresponds to your MySQL server version for the right syntax to use near \'where equ_id = 6\' at line 1\n; bad SQL grammar []; nested exception is java.sql.SQLSyntaxErrorException: You have an error in your SQL syntax; check the manual that corresponds to your MySQL server version for the right syntax to use near \'where equ_id = 6\' at line 1','2020-02-24 16:19:47'),(338,'设备报废报损',1,'com.ruoyi.web.controller.system.EquScrapController.addSave()','POST',1,'admin','设备管理部门','/system/equscrap/add','127.0.0.1','内网IP','{\r\n  \"equId\" : [ \"6\" ],\r\n  \"equSerial\" : [ \"euq-202002210001\" ],\r\n  \"equName\" : [ \"立式空调\" ],\r\n  \"scrReason\" : [ \"0\" ],\r\n  \"remark\" : [ \"\" ]\r\n}','{\r\n  \"msg\" : \"操作成功\",\r\n  \"code\" : 0\r\n}',0,NULL,'2020-02-24 16:23:53'),(339,'设备报废报损',1,'com.ruoyi.web.controller.system.EquScrapController.addSave()','POST',1,'admin','设备管理部门','/system/equscrap/add','127.0.0.1','内网IP','{\r\n  \"equId\" : [ \"3\" ],\r\n  \"equSerial\" : [ \"euq-202002140003\" ],\r\n  \"equName\" : [ \"电梯空调\" ],\r\n  \"scrReason\" : [ \"1\" ],\r\n  \"remark\" : [ \"\" ]\r\n}','{\r\n  \"msg\" : \"操作成功\",\r\n  \"code\" : 0\r\n}',0,NULL,'2020-02-24 16:57:01'),(340,'重置密码',2,'com.ruoyi.web.controller.system.SysUserController.resetPwd()','GET',1,'admin','设备管理部门','/system/user/resetPwd/1','127.0.0.1','内网IP','{ }','\"system/user/resetPwd\"',0,NULL,'2020-02-24 17:18:13'),(341,'设备报废报损',2,'com.ruoyi.web.controller.system.EquScrapController.changeStatus()','POST',1,'admin','设备管理部门','/system/equscrap/cancelScrap','127.0.0.1','内网IP','{\r\n  \"scrId\" : [ \"1\" ],\r\n  \"equId\" : [ \"6\" ]\r\n}','{\r\n  \"msg\" : \"操作成功\",\r\n  \"code\" : 0\r\n}',0,NULL,'2020-02-24 17:28:51'),(342,'设备报废报损',2,'com.ruoyi.web.controller.system.EquScrapController.changeStatus()','POST',1,'admin','设备管理部门','/system/equscrap/cancelScrap','127.0.0.1','内网IP','{\r\n  \"scrId\" : [ \"1\" ],\r\n  \"equId\" : [ \"6\" ]\r\n}','{\r\n  \"msg\" : \"操作成功\",\r\n  \"code\" : 0\r\n}',0,NULL,'2020-02-24 17:31:37'),(343,'菜单管理',1,'com.ruoyi.web.controller.system.SysMenuController.addSave()','POST',1,'admin','设备管理部门','/system/menu/add','127.0.0.1','内网IP','{\r\n  \"parentId\" : [ \"2006\" ],\r\n  \"menuType\" : [ \"C\" ],\r\n  \"menuName\" : [ \"设备查询\" ],\r\n  \"url\" : [ \"\" ],\r\n  \"target\" : [ \"menuItem\" ],\r\n  \"perms\" : [ \"\" ],\r\n  \"orderNum\" : [ \"6\" ],\r\n  \"icon\" : [ \"\" ],\r\n  \"visible\" : [ \"0\" ]\r\n}','{\r\n  \"msg\" : \"操作成功\",\r\n  \"code\" : 0\r\n}',0,NULL,'2020-02-25 13:31:56'),(344,'菜单管理',2,'com.ruoyi.web.controller.system.SysMenuController.editSave()','POST',1,'admin','设备管理部门','/system/menu/edit','127.0.0.1','内网IP','{\r\n  \"menuId\" : [ \"2031\" ],\r\n  \"parentId\" : [ \"2006\" ],\r\n  \"menuType\" : [ \"C\" ],\r\n  \"menuName\" : [ \"设备查询\" ],\r\n  \"url\" : [ \"/system/equsearch\" ],\r\n  \"target\" : [ \"menuItem\" ],\r\n  \"perms\" : [ \"system:equsearch:view\" ],\r\n  \"orderNum\" : [ \"6\" ],\r\n  \"icon\" : [ \"#\" ],\r\n  \"visible\" : [ \"0\" ]\r\n}','{\r\n  \"msg\" : \"操作成功\",\r\n  \"code\" : 0\r\n}',0,NULL,'2020-02-25 13:32:45'),(345,'菜单管理',1,'com.ruoyi.web.controller.system.SysMenuController.addSave()','POST',1,'admin','设备管理部门','/system/menu/add','127.0.0.1','内网IP','{\r\n  \"parentId\" : [ \"2031\" ],\r\n  \"menuType\" : [ \"F\" ],\r\n  \"menuName\" : [ \"设备查询\" ],\r\n  \"url\" : [ \"\" ],\r\n  \"target\" : [ \"menuItem\" ],\r\n  \"perms\" : [ \"system:list:list\" ],\r\n  \"orderNum\" : [ \"1\" ],\r\n  \"icon\" : [ \"\" ],\r\n  \"visible\" : [ \"0\" ]\r\n}','{\r\n  \"msg\" : \"操作成功\",\r\n  \"code\" : 0\r\n}',0,NULL,'2020-02-25 13:33:47'),(346,'设备档案',5,'com.ruoyi.web.controller.system.EquCardController.export()','POST',1,'admin','设备管理部门','/system/equcard/export','127.0.0.1','内网IP','{\r\n  \"equSerial\" : [ \"\" ],\r\n  \"equName\" : [ \"\" ],\r\n  \"params[beginPrice]\" : [ \"\" ],\r\n  \"params[endPrice]\" : [ \"\" ],\r\n  \"deptName\" : [ \"\" ],\r\n  \"supplierName\" : [ \"\" ],\r\n  \"contractName\" : [ \"\" ],\r\n  \"equStatus\" : [ \"\" ],\r\n  \"params[beginTime]\" : [ \"\" ],\r\n  \"params[endTime]\" : [ \"\" ],\r\n  \"createBy\" : [ \"\" ]\r\n}','null',1,'导出Excel失败，请联系网站管理员！','2020-02-25 14:52:24'),(347,'设备档案',5,'com.ruoyi.web.controller.system.EquCardController.export()','POST',1,'admin','设备管理部门','/system/equcard/export','127.0.0.1','内网IP','{\r\n  \"equSerial\" : [ \"\" ],\r\n  \"equName\" : [ \"\" ],\r\n  \"equStatus\" : [ \"\" ],\r\n  \"params[beginTime]\" : [ \"\" ],\r\n  \"params[endTime]\" : [ \"\" ]\r\n}','null',1,'导出Excel失败，请联系网站管理员！','2020-02-25 14:52:36'),(348,'设备档案',5,'com.ruoyi.web.controller.system.EquCardController.export()','POST',1,'admin','设备管理部门','/system/equcard/export','127.0.0.1','内网IP','{\r\n  \"equSerial\" : [ \"\" ],\r\n  \"equName\" : [ \"\" ],\r\n  \"equStatus\" : [ \"\" ],\r\n  \"params[beginTime]\" : [ \"\" ],\r\n  \"params[endTime]\" : [ \"\" ]\r\n}','null',1,'导出Excel失败，请联系网站管理员！','2020-02-25 14:56:53'),(349,'设备档案',5,'com.ruoyi.web.controller.system.EquCardController.export()','POST',1,'admin','设备管理部门','/system/equcard/export','127.0.0.1','内网IP','{\r\n  \"equSerial\" : [ \"\" ],\r\n  \"equName\" : [ \"\" ],\r\n  \"equStatus\" : [ \"\" ],\r\n  \"params[beginTime]\" : [ \"\" ],\r\n  \"params[endTime]\" : [ \"\" ]\r\n}','null',1,'导出Excel失败，请联系网站管理员！','2020-02-25 15:02:29'),(350,'设备档案',5,'com.ruoyi.web.controller.system.EquCardController.export()','POST',1,'admin','设备管理部门','/system/equcard/export','127.0.0.1','内网IP','{\r\n  \"equSerial\" : [ \"\" ],\r\n  \"equName\" : [ \"\" ],\r\n  \"equStatus\" : [ \"\" ],\r\n  \"params[beginTime]\" : [ \"\" ],\r\n  \"params[endTime]\" : [ \"\" ]\r\n}','null',1,'导出Excel失败，请联系网站管理员！','2020-02-25 15:05:35'),(351,'设备档案',5,'com.ruoyi.web.controller.system.EquCardController.export()','POST',1,'admin','设备管理部门','/system/equcard/export','127.0.0.1','内网IP','{\r\n  \"equSerial\" : [ \"\" ],\r\n  \"equName\" : [ \"\" ],\r\n  \"equStatus\" : [ \"\" ],\r\n  \"params[beginTime]\" : [ \"\" ],\r\n  \"params[endTime]\" : [ \"\" ]\r\n}','null',1,'导出Excel失败，请联系网站管理员！','2020-02-25 15:06:12'),(352,'设备档案',5,'com.ruoyi.web.controller.system.EquCardController.export()','POST',1,'admin','设备管理部门','/system/equcard/export','127.0.0.1','内网IP','{\r\n  \"equSerial\" : [ \"\" ],\r\n  \"equName\" : [ \"\" ],\r\n  \"equStatus\" : [ \"\" ],\r\n  \"params[beginTime]\" : [ \"\" ],\r\n  \"params[endTime]\" : [ \"\" ]\r\n}','null',1,'导出Excel失败，请联系网站管理员！','2020-02-25 15:06:37'),(353,'设备档案',5,'com.ruoyi.web.controller.system.EquCardController.export()','POST',1,'admin','设备管理部门','/system/equcard/export','127.0.0.1','内网IP','{\r\n  \"equSerial\" : [ \"\" ],\r\n  \"equName\" : [ \"\" ],\r\n  \"equStatus\" : [ \"\" ],\r\n  \"params[beginTime]\" : [ \"\" ],\r\n  \"params[endTime]\" : [ \"\" ]\r\n}','{\r\n  \"msg\" : \"5bb64579-6e84-471b-8f4a-a4ea4538c1e2_equcard.xlsx\",\r\n  \"code\" : 0\r\n}',0,NULL,'2020-02-25 15:08:00'),(354,'设备档案',5,'com.ruoyi.web.controller.system.EquCardController.export()','POST',1,'admin','设备管理部门','/system/equcard/export','127.0.0.1','内网IP','{\r\n  \"equSerial\" : [ \"\" ],\r\n  \"equName\" : [ \"\" ],\r\n  \"params[beginPrice]\" : [ \"\" ],\r\n  \"params[endPrice]\" : [ \"\" ],\r\n  \"deptName\" : [ \"\" ],\r\n  \"supplierName\" : [ \"\" ],\r\n  \"contractName\" : [ \"\" ],\r\n  \"equStatus\" : [ \"\" ],\r\n  \"params[beginTime]\" : [ \"\" ],\r\n  \"params[endTime]\" : [ \"\" ],\r\n  \"createBy\" : [ \"\" ]\r\n}','{\r\n  \"msg\" : \"78980f78-a541-4f1e-948d-aea57c34549c_equcard.xlsx\",\r\n  \"code\" : 0\r\n}',0,NULL,'2020-02-25 15:10:17'),(355,'设备档案',3,'com.ruoyi.web.controller.system.EquCardController.selectCards()','POST',1,'admin','设备管理部门','/system/equcard/selectEqus/selectCards','127.0.0.1','内网IP','{\r\n  \"ids\" : [ \"2,1\" ],\r\n  \"mId\" : [ \"1\" ],\r\n  \"mType\" : [ \"con\" ]\r\n}','{\r\n  \"msg\" : \"操作成功\",\r\n  \"code\" : 0\r\n}',0,NULL,'2020-02-25 16:53:41'),(356,'重置密码',2,'com.ruoyi.web.controller.system.SysUserController.resetPwd()','GET',1,'admin','设备管理部门','/system/user/resetPwd/2','127.0.0.1','内网IP','{ }','\"system/user/resetPwd\"',0,NULL,'2020-02-27 16:37:25'),(357,'重置密码',2,'com.ruoyi.web.controller.system.SysUserController.resetPwdSave()','POST',1,'admin','设备管理部门','/system/user/resetPwd','127.0.0.1','内网IP','{\r\n  \"userId\" : [ \"2\" ],\r\n  \"loginName\" : [ \"sbglya\" ],\r\n  \"password\" : [ \"sbglya\" ]\r\n}','{\r\n  \"msg\" : \"操作成功\",\r\n  \"code\" : 0\r\n}',0,NULL,'2020-02-27 16:37:35'),(358,'角色管理',2,'com.ruoyi.web.controller.system.SysRoleController.editSave()','POST',1,'admin','设备管理部门','/system/role/edit','127.0.0.1','内网IP','{\r\n  \"roleId\" : [ \"100\" ],\r\n  \"roleName\" : [ \"设备管理员\" ],\r\n  \"roleKey\" : [ \"euqadmin\" ],\r\n  \"roleSort\" : [ \"3\" ],\r\n  \"status\" : [ \"0\" ],\r\n  \"remark\" : [ \"\" ],\r\n  \"menuIds\" : [ \"2006,2000,2001\" ]\r\n}','{\r\n  \"msg\" : \"操作成功\",\r\n  \"code\" : 0\r\n}',0,NULL,'2020-02-27 16:39:17'),(359,'设备档案',3,'com.ruoyi.web.controller.system.EquCardController.cancel()','POST',1,'admin','设备管理部门','/system/equcard/selectEqus/cancel','127.0.0.1','内网IP','{\r\n  \"id\" : [ \"1\" ],\r\n  \"type\" : [ \"con\" ]\r\n}','{\r\n  \"msg\" : \"操作成功\",\r\n  \"code\" : 0\r\n}',0,NULL,'2020-02-28 14:14:30'),(360,'设备档案',3,'com.ruoyi.web.controller.system.EquCardController.selectCards()','POST',1,'admin','设备管理部门','/system/equcard/selectEqus/selectCards','127.0.0.1','内网IP','{\r\n  \"ids\" : [ \"1\" ],\r\n  \"mId\" : [ \"1\" ],\r\n  \"mType\" : [ \"con\" ]\r\n}','{\r\n  \"msg\" : \"操作成功\",\r\n  \"code\" : 0\r\n}',0,NULL,'2020-02-28 14:15:16'),(361,'设备供应商',5,'com.ruoyi.web.controller.system.EquSupplierController.export()','POST',1,'admin','研发部门','/system/equsupplier/export','127.0.0.1','内网IP','{\r\n  \"supCode\" : [ \"\" ],\r\n  \"supName\" : [ \"\" ],\r\n  \"supLeg\" : [ \"\" ],\r\n  \"supContact\" : [ \"\" ],\r\n  \"status\" : [ \"\" ],\r\n  \"params[beginTime]\" : [ \"\" ],\r\n  \"params[endTime]\" : [ \"\" ]\r\n}','{\r\n  \"msg\" : \"27fc4da3-99c9-4114-a879-f94055784578_equsupplier.xlsx\",\r\n  \"code\" : 0\r\n}',0,NULL,'2020-03-02 08:47:17'),(362,'设备合同',5,'com.ruoyi.web.controller.system.EquContractController.export()','POST',1,'admin','研发部门','/system/equcontract/export','127.0.0.1','内网IP','{\r\n  \"conCode\" : [ \"\" ],\r\n  \"conName\" : [ \"\" ],\r\n  \"params[beginConTime]\" : [ \"\" ],\r\n  \"params[endConTime]\" : [ \"\" ],\r\n  \"params[beginCreateTime]\" : [ \"\" ],\r\n  \"params[endCreateTime]\" : [ \"\" ]\r\n}','{\r\n  \"msg\" : \"4c3d01e9-209a-422e-aceb-4a7595199fe7_equcontract.xlsx\",\r\n  \"code\" : 0\r\n}',0,NULL,'2020-03-02 08:47:21'),(363,'设备供应商',5,'com.ruoyi.web.controller.system.EquSupplierController.export()','POST',1,'admin','研发部门','/system/equsupplier/export','127.0.0.1','内网IP','{\r\n  \"supCode\" : [ \"\" ],\r\n  \"supName\" : [ \"\" ],\r\n  \"supLeg\" : [ \"\" ],\r\n  \"supContact\" : [ \"\" ],\r\n  \"status\" : [ \"\" ],\r\n  \"params[beginTime]\" : [ \"\" ],\r\n  \"params[endTime]\" : [ \"\" ]\r\n}','{\r\n  \"msg\" : \"cde65208-c20f-46a2-903f-16676c96946d_equsupplier.xlsx\",\r\n  \"code\" : 0\r\n}',0,NULL,'2020-03-02 08:52:49'),(364,'设备合同',5,'com.ruoyi.web.controller.system.EquContractController.export()','POST',1,'admin','研发部门','/system/equcontract/export','127.0.0.1','内网IP','{\r\n  \"conCode\" : [ \"\" ],\r\n  \"conName\" : [ \"\" ],\r\n  \"params[beginConTime]\" : [ \"\" ],\r\n  \"params[endConTime]\" : [ \"\" ],\r\n  \"params[beginCreateTime]\" : [ \"\" ],\r\n  \"params[endCreateTime]\" : [ \"\" ]\r\n}','{\r\n  \"msg\" : \"47b4ced1-39c0-4809-ae62-8be0c8e4c362_equcontract.xlsx\",\r\n  \"code\" : 0\r\n}',0,NULL,'2020-03-02 08:52:53'),(365,'设备供应商',5,'com.ruoyi.web.controller.system.EquSupplierController.export()','POST',1,'admin','设备管理部门','/system/equsupplier/export','127.0.0.1','内网IP','{\r\n  \"supCode\" : [ \"\" ],\r\n  \"supName\" : [ \"\" ],\r\n  \"supLeg\" : [ \"\" ],\r\n  \"supContact\" : [ \"\" ],\r\n  \"status\" : [ \"\" ],\r\n  \"params[beginTime]\" : [ \"\" ],\r\n  \"params[endTime]\" : [ \"\" ]\r\n}','{\r\n  \"msg\" : \"c089057a-11af-4eb9-becc-f2bafe34927f_equsupplier.xlsx\",\r\n  \"code\" : 0\r\n}',0,NULL,'2020-03-02 09:02:52'),(366,'设备供应商',5,'com.ruoyi.web.controller.system.EquSupplierController.export()','POST',1,'admin','设备管理部门','/system/equsupplier/export','127.0.0.1','内网IP','{\r\n  \"supCode\" : [ \"\" ],\r\n  \"supName\" : [ \"\" ],\r\n  \"supLeg\" : [ \"\" ],\r\n  \"supContact\" : [ \"\" ],\r\n  \"status\" : [ \"\" ],\r\n  \"params[beginTime]\" : [ \"\" ],\r\n  \"params[endTime]\" : [ \"\" ]\r\n}','{\r\n  \"msg\" : \"20200302092051CST_equsupplier.xlsx\",\r\n  \"code\" : 0\r\n}',0,NULL,'2020-03-02 09:20:51'),(367,'设备档案',5,'com.ruoyi.web.controller.system.EquCardController.export()','POST',1,'admin','设备管理部门','/system/equcard/export','127.0.0.1','内网IP','{\r\n  \"equSerial\" : [ \"\" ],\r\n  \"equName\" : [ \"\" ],\r\n  \"equStatus\" : [ \"\" ],\r\n  \"params[beginTime]\" : [ \"\" ],\r\n  \"params[endTime]\" : [ \"\" ]\r\n}','{\r\n  \"msg\" : \"20200302092210CST_equcard.xlsx\",\r\n  \"code\" : 0\r\n}',0,NULL,'2020-03-02 09:23:02'),(368,'设备档案',5,'com.ruoyi.web.controller.system.EquCardController.export()','POST',1,'admin','设备管理部门','/system/equcard/export','127.0.0.1','内网IP','{\r\n  \"equSerial\" : [ \"\" ],\r\n  \"equName\" : [ \"\" ],\r\n  \"equStatus\" : [ \"\" ],\r\n  \"params[beginTime]\" : [ \"\" ],\r\n  \"params[endTime]\" : [ \"\" ]\r\n}','{\r\n  \"msg\" : \"20200302092454697_equcard.xlsx\",\r\n  \"code\" : 0\r\n}',0,NULL,'2020-03-02 09:25:04'),(369,'设备档案',5,'com.ruoyi.web.controller.system.EquCardController.export()','POST',1,'admin','设备管理部门','/system/equcard/export','127.0.0.1','内网IP','{\r\n  \"equSerial\" : [ \"\" ],\r\n  \"equName\" : [ \"\" ],\r\n  \"equStatus\" : [ \"\" ],\r\n  \"params[beginTime]\" : [ \"\" ],\r\n  \"params[endTime]\" : [ \"\" ]\r\n}','{\r\n  \"msg\" : \"20200302092748552_equcard.xlsx\",\r\n  \"code\" : 0\r\n}',0,NULL,'2020-03-02 09:27:58'),(370,'设备供应商',5,'com.ruoyi.web.controller.system.EquSupplierController.export()','POST',1,'admin','设备管理部门','/system/equsupplier/export','127.0.0.1','内网IP','{\r\n  \"supCode\" : [ \"\" ],\r\n  \"supName\" : [ \"\" ],\r\n  \"supLeg\" : [ \"\" ],\r\n  \"supContact\" : [ \"\" ],\r\n  \"status\" : [ \"\" ],\r\n  \"params[beginTime]\" : [ \"\" ],\r\n  \"params[endTime]\" : [ \"\" ]\r\n}','{\r\n  \"msg\" : \"20200302093701670_equsupplier.xlsx\",\r\n  \"code\" : 0\r\n}',0,NULL,'2020-03-02 09:37:01'),(371,'设备供应商',5,'com.ruoyi.web.controller.system.EquSupplierController.export()','POST',1,'admin','设备管理部门','/system/equsupplier/export','127.0.0.1','内网IP','{\r\n  \"supCode\" : [ \"\" ],\r\n  \"supName\" : [ \"\" ],\r\n  \"supLeg\" : [ \"\" ],\r\n  \"supContact\" : [ \"\" ],\r\n  \"status\" : [ \"\" ],\r\n  \"params[beginTime]\" : [ \"\" ],\r\n  \"params[endTime]\" : [ \"\" ]\r\n}','{\r\n  \"msg\" : \"9158fc6d-2c22-4818-96fb-8dd836586985_equsupplier.xlsx\",\r\n  \"code\" : 0\r\n}',0,NULL,'2020-03-02 09:38:02'),(372,'菜单管理',1,'com.ruoyi.web.controller.system.SysMenuController.addSave()','POST',1,'admin','设备管理部门','/system/menu/add','127.0.0.1','内网IP','{\r\n  \"parentId\" : [ \"2006\" ],\r\n  \"menuType\" : [ \"C\" ],\r\n  \"menuName\" : [ \"HT for Web\" ],\r\n  \"url\" : [ \"\" ],\r\n  \"target\" : [ \"menuItem\" ],\r\n  \"perms\" : [ \"\" ],\r\n  \"orderNum\" : [ \"7\" ],\r\n  \"icon\" : [ \"\" ],\r\n  \"visible\" : [ \"0\" ]\r\n}','{\r\n  \"msg\" : \"操作成功\",\r\n  \"code\" : 0\r\n}',0,NULL,'2020-03-02 13:37:31'),(373,'菜单管理',2,'com.ruoyi.web.controller.system.SysMenuController.editSave()','POST',1,'admin','设备管理部门','/system/menu/edit','127.0.0.1','内网IP','{\r\n  \"menuId\" : [ \"2033\" ],\r\n  \"parentId\" : [ \"2006\" ],\r\n  \"menuType\" : [ \"C\" ],\r\n  \"menuName\" : [ \"HT for Web\" ],\r\n  \"url\" : [ \"/system/equcard/HT\" ],\r\n  \"target\" : [ \"menuItem\" ],\r\n  \"perms\" : [ \"\" ],\r\n  \"orderNum\" : [ \"7\" ],\r\n  \"icon\" : [ \"#\" ],\r\n  \"visible\" : [ \"0\" ]\r\n}','{\r\n  \"msg\" : \"操作成功\",\r\n  \"code\" : 0\r\n}',0,NULL,'2020-03-02 13:37:54'),(374,'设备分类',2,'com.ruoyi.web.controller.system.EquClassController.editSave()','POST',1,'admin','设备管理部门','/system/equclass/edit','127.0.0.1','内网IP','{\r\n  \"classId\" : [ \"5\" ],\r\n  \"parentId\" : [ \"1\" ],\r\n  \"parentName\" : [ \"设备分类\" ],\r\n  \"className\" : [ \"机电运行设备\" ],\r\n  \"orderNum\" : [ \"1\" ],\r\n  \"remark\" : [ \"\" ],\r\n  \"status\" : [ \"0\" ]\r\n}','{\r\n  \"msg\" : \"操作成功\",\r\n  \"code\" : 0\r\n}',0,NULL,'2020-03-02 14:23:16'),(375,'代码生成',6,'com.ruoyi.generator.controller.GenController.importTableSave()','POST',1,'admin','设备管理部门','/tool/gen/importTable','127.0.0.1','内网IP','{\r\n  \"tables\" : [ \"equ_test\" ]\r\n}','{\r\n  \"msg\" : \"操作成功\",\r\n  \"code\" : 0\r\n}',0,NULL,'2020-03-02 16:01:54'),(376,'代码生成',3,'com.ruoyi.generator.controller.GenController.remove()','POST',1,'admin','设备管理部门','/tool/gen/remove','127.0.0.1','内网IP','{\r\n  \"ids\" : [ \"9\" ]\r\n}','{\r\n  \"msg\" : \"操作成功\",\r\n  \"code\" : 0\r\n}',0,NULL,'2020-03-02 16:02:10'),(377,'设备分类',2,'com.ruoyi.web.controller.equipment.EquClassController.editSave()','POST',1,'admin','设备管理部门','/equipment/equclass/edit','127.0.0.1','内网IP','{\r\n  \"classId\" : [ \"5\" ],\r\n  \"parentId\" : [ \"1\" ],\r\n  \"parentName\" : [ \"设备分类\" ],\r\n  \"className\" : [ \"机电运行设备\" ],\r\n  \"orderNum\" : [ \"1\" ],\r\n  \"remark\" : [ \"\" ],\r\n  \"status\" : [ \"0\" ]\r\n}','{\r\n  \"msg\" : \"操作成功\",\r\n  \"code\" : 0\r\n}',0,NULL,'2020-03-03 10:20:51'),(378,'设备分类',2,'com.ruoyi.web.controller.equipment.EquClassController.editSave()','POST',1,'admin','设备管理部门','/equipment/equclass/edit','127.0.0.1','内网IP','{\r\n  \"classId\" : [ \"5\" ],\r\n  \"parentId\" : [ \"1\" ],\r\n  \"parentName\" : [ \"设备分类\" ],\r\n  \"className\" : [ \"机电运行设备1\" ],\r\n  \"orderNum\" : [ \"1\" ],\r\n  \"remark\" : [ \"\" ],\r\n  \"status\" : [ \"0\" ]\r\n}','{\r\n  \"msg\" : \"操作成功\",\r\n  \"code\" : 0\r\n}',0,NULL,'2020-03-03 10:20:57'),(379,'设备分类',2,'com.ruoyi.web.controller.equipment.EquClassController.editSave()','POST',1,'admin','设备管理部门','/equipment/equclass/edit','127.0.0.1','内网IP','{\r\n  \"classId\" : [ \"5\" ],\r\n  \"parentId\" : [ \"1\" ],\r\n  \"parentName\" : [ \"设备分类\" ],\r\n  \"className\" : [ \"机电运行设备\" ],\r\n  \"orderNum\" : [ \"1\" ],\r\n  \"remark\" : [ \"\" ],\r\n  \"status\" : [ \"0\" ]\r\n}','{\r\n  \"msg\" : \"操作成功\",\r\n  \"code\" : 0\r\n}',0,NULL,'2020-03-03 10:21:02'),(380,'设备档案',2,'com.ruoyi.web.controller.equipment.EquCardController.editSave()','POST',1,'admin','设备管理部门','/equipment/equcard/edit','127.0.0.1','内网IP','{\r\n  \"equId\" : [ \"2\" ],\r\n  \"classId\" : [ \"9\" ],\r\n  \"deptId\" : [ \"101\" ],\r\n  \"supplierId\" : [ \"1\" ],\r\n  \"contractId\" : [ \"1\" ],\r\n  \"equName\" : [ \"中央空调\" ],\r\n  \"className\" : [ \"空调\" ],\r\n  \"equCount\" : [ \"1.0\" ],\r\n  \"equSprice\" : [ \"10000.0\" ],\r\n  \"contractName\" : [ \"合同名称\" ],\r\n  \"supplierName\" : [ \"浙江源创建筑智能科技有限公司\" ],\r\n  \"equBrand\" : [ \"\" ],\r\n  \"equParam\" : [ \"\" ],\r\n  \"deptName\" : [ \"设备管理部门\" ],\r\n  \"equAdmin\" : [ \"\" ],\r\n  \"equTime\" : [ \"\" ],\r\n  \"equYear\" : [ \"\" ],\r\n  \"equArea\" : [ \"\" ],\r\n  \"equAttribute\" : [ \"0\" ],\r\n  \"equStatus\" : [ \"0\" ],\r\n  \"remark\" : [ \"\" ]\r\n}','{\r\n  \"msg\" : \"操作成功\",\r\n  \"code\" : 0\r\n}',0,NULL,'2020-03-03 10:21:46'),(381,'设备分类',2,'com.ruoyi.web.controller.equipment.EquClassController.editSave()','POST',1,'admin','设备管理部门','/equipment/equclass/edit','127.0.0.1','内网IP','{\r\n  \"classId\" : [ \"5\" ],\r\n  \"parentId\" : [ \"1\" ],\r\n  \"parentName\" : [ \"设备分类\" ],\r\n  \"className\" : [ \"机电运行设备\" ],\r\n  \"orderNum\" : [ \"1\" ],\r\n  \"remark\" : [ \"jQuery Validate 插件为表单提供了强大的验证功能，让客户端表单验证变得更简单，同时提供了大量的定制选项，满足应用程序各种需求。该插件捆绑了一套有用的验证方法，包括 URL 和电子邮件验证，同时提供了一个用来编写用户自定义方法的 API。所有的捆绑方法默认使用英语作为错误信息，且已翻译成其他 37 种语言。  该插件是由 Jörn Zaefferer 编写和维护的，他是 jQuery 团队的一名成员，是 jQuery UI 团队的主要开发人员，是 QUnit 的维护人员。该插件在 2006 年 jQuery 早期的时候就已经开始出现，并一直更新至今。目前版本是 1.14.0。  访问 jQuery Validate 官网，下载最新版的 jQuery Validate 插件。  菜鸟教程提供的 1.14.0 版本下载地址：http://static.runoob.com/download/jquery-validation-1.14.0.zip\" ],\r\n  \"status\" : [ \"0\" ]\r\n}','{\r\n  \"msg\" : \"操作成功\",\r\n  \"code\" : 0\r\n}',0,NULL,'2020-03-03 13:08:57'),(382,'设备分类',2,'com.ruoyi.web.controller.equipment.EquClassController.editSave()','POST',1,'admin','设备管理部门','/equipment/equclass/edit','127.0.0.1','内网IP','{\r\n  \"classId\" : [ \"5\" ],\r\n  \"parentId\" : [ \"1\" ],\r\n  \"parentName\" : [ \"设备分类\" ],\r\n  \"className\" : [ \"机电运行设备\" ],\r\n  \"orderNum\" : [ \"1\" ],\r\n  \"remark\" : [ \"\" ],\r\n  \"status\" : [ \"0\" ]\r\n}','{\r\n  \"msg\" : \"操作成功\",\r\n  \"code\" : 0\r\n}',0,NULL,'2020-03-03 13:09:13'),(383,'设备分类',2,'com.ruoyi.web.controller.equipment.EquClassController.editSave()','POST',1,'admin','设备管理部门','/equipment/equclass/edit','127.0.0.1','内网IP','{\r\n  \"classId\" : [ \"5\" ],\r\n  \"parentId\" : [ \"1\" ],\r\n  \"parentName\" : [ \"设备分类\" ],\r\n  \"className\" : [ \"机电运行设备\" ],\r\n  \"orderNum\" : [ \"1\" ],\r\n  \"remark\" : [ \"\" ],\r\n  \"status\" : [ \"0\" ]\r\n}','{\r\n  \"msg\" : \"操作成功\",\r\n  \"code\" : 0\r\n}',0,NULL,'2020-03-03 13:11:35'),(384,'设备分类',2,'com.ruoyi.web.controller.equipment.EquClassController.editSave()','POST',1,'admin','设备管理部门','/equipment/equclass/edit','127.0.0.1','内网IP','{\r\n  \"classId\" : [ \"5\" ],\r\n  \"parentId\" : [ \"1\" ],\r\n  \"parentName\" : [ \"设备分类\" ],\r\n  \"className\" : [ \"机电运行设备\" ],\r\n  \"orderNum\" : [ \"1\" ],\r\n  \"remark\" : [ \"\" ],\r\n  \"status\" : [ \"0\" ]\r\n}','{\r\n  \"msg\" : \"操作成功\",\r\n  \"code\" : 0\r\n}',0,NULL,'2020-03-03 13:14:56'),(385,'设备档案',1,'com.ruoyi.web.controller.equipment.EquCardController.addSave()','POST',1,'admin','设备管理部门','/equipment/equcard/add','127.0.0.1','内网IP','{\r\n  \"classId\" : [ \"9\" ],\r\n  \"deptId\" : [ \"101\" ],\r\n  \"supplierId\" : [ \"1\" ],\r\n  \"contractId\" : [ \"1\" ],\r\n  \"equName\" : [ \"挂式空调\" ],\r\n  \"className\" : [ \"空调\" ],\r\n  \"equCount\" : [ \"6\" ],\r\n  \"equSprice\" : [ \"2500\" ],\r\n  \"contractName\" : [ \"合同名称\" ],\r\n  \"supplierName\" : [ \"浙江源创建筑智能科技有限公司\" ],\r\n  \"equBrand\" : [ \"海尔\" ],\r\n  \"equParam\" : [ \"2P\" ],\r\n  \"deptName\" : [ \"设备管理部门\" ],\r\n  \"equAdmin\" : [ \"\" ],\r\n  \"equTime\" : [ \"\" ],\r\n  \"equYear\" : [ \"\" ],\r\n  \"equArea\" : [ \"\" ],\r\n  \"equAttribute\" : [ \"0\" ],\r\n  \"equStatus\" : [ \"0\" ],\r\n  \"remark\" : [ \"\" ]\r\n}','{\r\n  \"msg\" : \"操作成功\",\r\n  \"code\" : 0\r\n}',0,NULL,'2020-03-03 13:28:37'),(386,'设备档案',2,'com.ruoyi.web.controller.equipment.EquCardController.editSave()','POST',1,'admin','设备管理部门','/equipment/equcard/edit','127.0.0.1','内网IP','{\r\n  \"equId\" : [ \"7\" ],\r\n  \"classId\" : [ \"9\" ],\r\n  \"deptId\" : [ \"101\" ],\r\n  \"supplierId\" : [ \"1\" ],\r\n  \"contractId\" : [ \"1\" ],\r\n  \"equName\" : [ \"挂式空调\" ],\r\n  \"className\" : [ \"空调\" ],\r\n  \"equCount\" : [ \"6.0\" ],\r\n  \"equSprice\" : [ \"2500.0\" ],\r\n  \"contractName\" : [ \"合同名称\" ],\r\n  \"supplierName\" : [ \"浙江源创建筑智能科技有限公司\" ],\r\n  \"equBrand\" : [ \"海尔\" ],\r\n  \"equParam\" : [ \"2P\" ],\r\n  \"deptName\" : [ \"设备管理部门\" ],\r\n  \"equAdmin\" : [ \"\" ],\r\n  \"equTime\" : [ \"2020-03-01\" ],\r\n  \"equYear\" : [ \"6\" ],\r\n  \"equArea\" : [ \"204室\" ],\r\n  \"equAttribute\" : [ \"0\" ],\r\n  \"equStatus\" : [ \"0\" ],\r\n  \"remark\" : [ \"无\" ]\r\n}','{\r\n  \"msg\" : \"操作成功\",\r\n  \"code\" : 0\r\n}',0,NULL,'2020-03-03 13:29:11'),(387,'设备报废报损',1,'com.ruoyi.web.controller.equipment.EquScrapController.addSave()','POST',1,'admin','设备管理部门','/equipment/equscrap/add','127.0.0.1','内网IP','{\r\n  \"equId\" : [ \"6\" ],\r\n  \"scrReason\" : [ \"1\" ],\r\n  \"remark\" : [ \"\" ]\r\n}','{\r\n  \"msg\" : \"操作成功\",\r\n  \"code\" : 0\r\n}',0,NULL,'2020-03-03 13:49:07'),(388,'设备报废报损',1,'com.ruoyi.web.controller.equipment.EquScrapController.addSave()','POST',1,'admin','设备管理部门','/equipment/equscrap/add','127.0.0.1','内网IP','{\r\n  \"equId\" : [ \"7\" ],\r\n  \"scrReason\" : [ \"4\" ],\r\n  \"remark\" : [ \"\" ]\r\n}','{\r\n  \"msg\" : \"操作成功\",\r\n  \"code\" : 0\r\n}',0,NULL,'2020-03-03 13:49:12'),(389,'设备报废报损',2,'com.ruoyi.web.controller.equipment.EquScrapController.changeStatus()','POST',1,'admin','设备管理部门','/equipment/equscrap/cancelScrap','127.0.0.1','内网IP','{\r\n  \"scrId\" : [ \"4\" ],\r\n  \"equId\" : [ \"7\" ]\r\n}','{\r\n  \"msg\" : \"操作成功\",\r\n  \"code\" : 0\r\n}',0,NULL,'2020-03-03 13:49:14'),(390,'设备报废报损',2,'com.ruoyi.web.controller.equipment.EquScrapController.changeStatus()','POST',1,'admin','设备管理部门','/equipment/equscrap/cancelScrap','127.0.0.1','内网IP','{\r\n  \"scrId\" : [ \"3\" ],\r\n  \"equId\" : [ \"6\" ]\r\n}','{\r\n  \"msg\" : \"操作成功\",\r\n  \"code\" : 0\r\n}',0,NULL,'2020-03-03 13:49:16'),(391,'设备供应商',2,'com.sctech.web.controller.equipment.EquSupplierController.editSave()','POST',1,'admin','设备管理部门','/equipment/equsupplier/edit','127.0.0.1','内网IP','{\r\n  \"supId\" : [ \"1\" ],\r\n  \"supCode\" : [ \"91330108MA28X9459A\" ],\r\n  \"supName\" : [ \"浙江源创建筑智能科技有限公司\" ],\r\n  \"supLeg\" : [ \"谢敏\" ],\r\n  \"supAdder\" : [ \"浙江省杭州市滨江区六和路309号D区312-315室\" ],\r\n  \"supContact\" : [ \"张三\" ],\r\n  \"supPhone\" : [ \"15777777777\" ],\r\n  \"status\" : [ \"0\" ],\r\n  \"remark\" : [ \"测试数据\" ]\r\n}','{\r\n  \"msg\" : \"操作成功\",\r\n  \"code\" : 0\r\n}',0,NULL,'2020-03-04 09:15:42'),(392,'设备供应商',1,'com.sctech.web.controller.equipment.EquSupplierController.addSave()','POST',1,'admin','设备管理部门','/equipment/equsupplier/add','127.0.0.1','内网IP','{\r\n  \"supCode\" : [ \"91510900MA64RW2F14\" ],\r\n  \"supName\" : [ \"四川壮果建筑工程有限公司\" ],\r\n  \"supLeg\" : [ \"胡国珍\" ],\r\n  \"supAdder\" : [ \"四川省遂宁市河东新区杨柳路39号6栋2层2单元203号\" ],\r\n  \"supContact\" : [ \"李四\" ],\r\n  \"supPhone\" : [ \"15888888888\" ],\r\n  \"status\" : [ \"0\" ],\r\n  \"remark\" : [ \"\" ]\r\n}','{\r\n  \"msg\" : \"操作成功\",\r\n  \"code\" : 0\r\n}',0,NULL,'2020-03-04 09:16:22'),(393,'设备合同',1,'com.sctech.web.controller.equipment.EquContractController.addSave()','POST',1,'admin','设备管理部门','/equipment/equcontract/add','127.0.0.1','内网IP','{\r\n  \"conCode\" : [ \"2020030401\" ],\r\n  \"conName\" : [ \"合同名称030401\" ],\r\n  \"conAmount\" : [ \"59\" ],\r\n  \"conTime\" : [ \"2020-03-01\" ],\r\n  \"conFirst\" : [ \"合同甲方\" ],\r\n  \"firstContacts\" : [ \"甲方联系人\" ],\r\n  \"firstPhone\" : [ \"15777777777\" ],\r\n  \"conSecond\" : [ \"合同乙方\" ],\r\n  \"secondContacts\" : [ \"乙方联系人\" ],\r\n  \"secondPhone\" : [ \"15777777778\" ],\r\n  \"remark\" : [ \"\" ]\r\n}','{\r\n  \"msg\" : \"操作成功\",\r\n  \"code\" : 0\r\n}',0,NULL,'2020-03-04 09:44:15'),(394,'设备分类',2,'com.sctech.web.controller.equipment.EquClassController.editSave()','POST',1,'admin','设备管理部门','/equipment/equclass/edit','127.0.0.1','内网IP','{\r\n  \"classId\" : [ \"5\" ],\r\n  \"parentId\" : [ \"1\" ],\r\n  \"parentName\" : [ \"设备分类\" ],\r\n  \"classCode\" : [ \"A\" ],\r\n  \"className\" : [ \"机电运行设备\" ],\r\n  \"orderNum\" : [ \"1\" ],\r\n  \"remark\" : [ \"\" ],\r\n  \"status\" : [ \"0\" ]\r\n}','{\r\n  \"msg\" : \"操作成功\",\r\n  \"code\" : 0\r\n}',0,NULL,'2020-03-05 13:33:28'),(395,'设备分类',2,'com.sctech.web.controller.equipment.EquClassController.editSave()','POST',1,'admin','设备管理部门','/equipment/equclass/edit','127.0.0.1','内网IP','{\r\n  \"classId\" : [ \"9\" ],\r\n  \"parentId\" : [ \"5\" ],\r\n  \"parentName\" : [ \"机电运行设备\" ],\r\n  \"classCode\" : [ \"A01\" ],\r\n  \"className\" : [ \"空调\" ],\r\n  \"orderNum\" : [ \"0\" ],\r\n  \"remark\" : [ \"\" ],\r\n  \"status\" : [ \"0\" ]\r\n}','{\r\n  \"msg\" : \"操作成功\",\r\n  \"code\" : 0\r\n}',0,NULL,'2020-03-05 13:33:37'),(396,'设备分类',2,'com.sctech.web.controller.equipment.EquClassController.editSave()','POST',1,'admin','设备管理部门','/equipment/equclass/edit','127.0.0.1','内网IP','{\r\n  \"classId\" : [ \"6\" ],\r\n  \"parentId\" : [ \"1\" ],\r\n  \"parentName\" : [ \"设备分类\" ],\r\n  \"classCode\" : [ \"B\" ],\r\n  \"className\" : [ \"行政资产设备\" ],\r\n  \"orderNum\" : [ \"2\" ],\r\n  \"remark\" : [ \"\" ],\r\n  \"status\" : [ \"0\" ]\r\n}','{\r\n  \"msg\" : \"操作成功\",\r\n  \"code\" : 0\r\n}',0,NULL,'2020-03-05 13:33:43'),(397,'设备分类',2,'com.sctech.web.controller.equipment.EquClassController.editSave()','POST',1,'admin','设备管理部门','/equipment/equclass/edit','127.0.0.1','内网IP','{\r\n  \"classId\" : [ \"8\" ],\r\n  \"parentId\" : [ \"1\" ],\r\n  \"parentName\" : [ \"设备分类\" ],\r\n  \"classCode\" : [ \"C\" ],\r\n  \"className\" : [ \"其他分类\" ],\r\n  \"orderNum\" : [ \"3\" ],\r\n  \"remark\" : [ \"\" ],\r\n  \"status\" : [ \"0\" ]\r\n}','{\r\n  \"msg\" : \"操作成功\",\r\n  \"code\" : 0\r\n}',0,NULL,'2020-03-05 13:33:49'),(398,'代码生成',6,'com.sctech.generator.controller.GenController.importTableSave()','POST',1,'admin','设备管理部门','/tool/gen/importTable','127.0.0.1','内网IP','{\r\n  \"tables\" : [ \"equ_area\" ]\r\n}','{\r\n  \"msg\" : \"操作成功\",\r\n  \"code\" : 0\r\n}',0,NULL,'2020-03-05 13:51:18'),(399,'代码生成',2,'com.sctech.generator.controller.GenController.editSave()','POST',1,'admin','设备管理部门','/tool/gen/edit','127.0.0.1','内网IP','{\r\n  \"tableId\" : [ \"10\" ],\r\n  \"tableName\" : [ \"equ_area\" ],\r\n  \"tableComment\" : [ \"设备所在区域表\" ],\r\n  \"className\" : [ \"EquArea\" ],\r\n  \"functionAuthor\" : [ \"SCTech\" ],\r\n  \"remark\" : [ \"\" ],\r\n  \"columns[0].columnId\" : [ \"121\" ],\r\n  \"columns[0].sort\" : [ \"1\" ],\r\n  \"columns[0].columnComment\" : [ \"ID 主键\" ],\r\n  \"columns[0].javaType\" : [ \"Long\" ],\r\n  \"columns[0].javaField\" : [ \"areaId\" ],\r\n  \"columns[0].isInsert\" : [ \"1\" ],\r\n  \"columns[0].queryType\" : [ \"EQ\" ],\r\n  \"columns[0].htmlType\" : [ \"input\" ],\r\n  \"columns[0].dictType\" : [ \"\" ],\r\n  \"columns[1].columnId\" : [ \"122\" ],\r\n  \"columns[1].sort\" : [ \"2\" ],\r\n  \"columns[1].columnComment\" : [ \"Guid\" ],\r\n  \"columns[1].javaType\" : [ \"String\" ],\r\n  \"columns[1].javaField\" : [ \"areaGuid\" ],\r\n  \"columns[1].isInsert\" : [ \"1\" ],\r\n  \"columns[1].queryType\" : [ \"EQ\" ],\r\n  \"columns[1].htmlType\" : [ \"input\" ],\r\n  \"columns[1].dictType\" : [ \"\" ],\r\n  \"columns[2].columnId\" : [ \"123\" ],\r\n  \"columns[2].sort\" : [ \"3\" ],\r\n  \"columns[2].columnComment\" : [ \"区域编码\" ],\r\n  \"columns[2].javaType\" : [ \"String\" ],\r\n  \"columns[2].javaField\" : [ \"areaCode\" ],\r\n  \"columns[2].isInsert\" : [ \"1\" ],\r\n  \"columns[2].isEdit\" : [ \"1\" ],\r\n  \"columns[2].isList\" : [ \"1\" ],\r\n  \"columns[2].isQuery\" : [ \"1\" ],\r\n  \"columns[2].queryType\" : [ \"LIKE\" ],\r\n  \"columns[2].htmlType\" : [ \"input\" ],\r\n  \"columns[2].dictType\" : [ \"\" ],\r\n  \"columns[3].columnId\" : [ \"124\" ],\r\n  \"columns[3].sort\" : [ \"4\" ],\r\n  \"columns[3].columnComment\" : [ \"区域名称\" ],\r\n  \"columns[3].javaType\" : [ \"String\" ],\r\n  \"columns[3].javaField\" : [ \"areaName\" ],\r\n  \"columns[3].isInsert\" : [ \"1\" ],\r\n  \"columns[3].isEdit\" : [ \"1\" ],\r\n  \"columns[3].isList\" : [ \"1\" ],\r\n  \"columns[3].isQuery\" : [ \"1\" ],\r\n  \"columns[3].queryType\" : [ \"LIKE\" ],\r\n  \"columns[3].htmlType\" : [ \"input\" ],\r\n  \"columns[3].dictType\" : [ \"\" ],\r\n  \"columns[4].columnId\" : [ \"125\" ],\r\n  \"columns[4].sort\" : [ \"5\" ],\r\n  \"columns[4].columnComment\" : [ \"区域类别\" ],\r\n  \"columns[4].javaType\" : [ \"String\" ],\r\n  \"columns[4].javaField\" : [ \"areaType\" ],\r\n  \"columns[4].is','{\r\n  \"msg\" : \"操作成功\",\r\n  \"code\" : 0\r\n}',0,NULL,'2020-03-05 13:53:03'),(400,'代码生成',8,'com.sctech.generator.controller.GenController.genCode()','GET',1,'admin','设备管理部门','/tool/gen/genCode/equ_area','127.0.0.1','内网IP','{ }','null',0,NULL,'2020-03-05 13:53:11'),(401,'菜单管理',2,'com.sctech.web.controller.system.SysMenuController.editSave()','POST',1,'admin','设备管理部门','/system/menu/edit','127.0.0.1','内网IP','{\r\n  \"menuId\" : [ \"2034\" ],\r\n  \"parentId\" : [ \"2006\" ],\r\n  \"menuType\" : [ \"C\" ],\r\n  \"menuName\" : [ \"设备所在区域\" ],\r\n  \"url\" : [ \"/equipment/equarea\" ],\r\n  \"target\" : [ \"menuItem\" ],\r\n  \"perms\" : [ \"equipment:equarea:view\" ],\r\n  \"orderNum\" : [ \"2\" ],\r\n  \"icon\" : [ \"#\" ],\r\n  \"visible\" : [ \"0\" ]\r\n}','{\r\n  \"msg\" : \"操作成功\",\r\n  \"code\" : 0\r\n}',0,NULL,'2020-03-05 14:01:47'),(402,'菜单管理',2,'com.sctech.web.controller.system.SysMenuController.editSave()','POST',1,'admin','设备管理部门','/system/menu/edit','127.0.0.1','内网IP','{\r\n  \"menuId\" : [ \"2007\" ],\r\n  \"parentId\" : [ \"2006\" ],\r\n  \"menuType\" : [ \"C\" ],\r\n  \"menuName\" : [ \"设备档案\" ],\r\n  \"url\" : [ \"/equipment/equcard\" ],\r\n  \"target\" : [ \"menuItem\" ],\r\n  \"perms\" : [ \"equipment:equcard:view\" ],\r\n  \"orderNum\" : [ \"3\" ],\r\n  \"icon\" : [ \"#\" ],\r\n  \"visible\" : [ \"0\" ]\r\n}','{\r\n  \"msg\" : \"操作成功\",\r\n  \"code\" : 0\r\n}',0,NULL,'2020-03-05 14:01:57'),(403,'菜单管理',2,'com.sctech.web.controller.system.SysMenuController.editSave()','POST',1,'admin','设备管理部门','/system/menu/edit','127.0.0.1','内网IP','{\r\n  \"menuId\" : [ \"2019\" ],\r\n  \"parentId\" : [ \"2006\" ],\r\n  \"menuType\" : [ \"C\" ],\r\n  \"menuName\" : [ \"设备合同\" ],\r\n  \"url\" : [ \"/equipment/equcontract\" ],\r\n  \"target\" : [ \"menuItem\" ],\r\n  \"perms\" : [ \"equipment:equcontract:view\" ],\r\n  \"orderNum\" : [ \"5\" ],\r\n  \"icon\" : [ \"#\" ],\r\n  \"visible\" : [ \"0\" ]\r\n}','{\r\n  \"msg\" : \"操作成功\",\r\n  \"code\" : 0\r\n}',0,NULL,'2020-03-05 14:02:09'),(404,'菜单管理',2,'com.sctech.web.controller.system.SysMenuController.editSave()','POST',1,'admin','设备管理部门','/system/menu/edit','127.0.0.1','内网IP','{\r\n  \"menuId\" : [ \"2013\" ],\r\n  \"parentId\" : [ \"2006\" ],\r\n  \"menuType\" : [ \"C\" ],\r\n  \"menuName\" : [ \"设备供应商\" ],\r\n  \"url\" : [ \"/equipment/equsupplier\" ],\r\n  \"target\" : [ \"menuItem\" ],\r\n  \"perms\" : [ \"equipment:equsupplier:view\" ],\r\n  \"orderNum\" : [ \"4\" ],\r\n  \"icon\" : [ \"#\" ],\r\n  \"visible\" : [ \"0\" ]\r\n}','{\r\n  \"msg\" : \"操作成功\",\r\n  \"code\" : 0\r\n}',0,NULL,'2020-03-05 14:02:21'),(405,'菜单管理',2,'com.sctech.web.controller.system.SysMenuController.editSave()','POST',1,'admin','设备管理部门','/system/menu/edit','127.0.0.1','内网IP','{\r\n  \"menuId\" : [ \"2025\" ],\r\n  \"parentId\" : [ \"2006\" ],\r\n  \"menuType\" : [ \"C\" ],\r\n  \"menuName\" : [ \"报废报损\" ],\r\n  \"url\" : [ \"/equipment/equscrap\" ],\r\n  \"target\" : [ \"menuItem\" ],\r\n  \"perms\" : [ \"equipment:equscrap:view\" ],\r\n  \"orderNum\" : [ \"6\" ],\r\n  \"icon\" : [ \"#\" ],\r\n  \"visible\" : [ \"0\" ]\r\n}','{\r\n  \"msg\" : \"操作成功\",\r\n  \"code\" : 0\r\n}',0,NULL,'2020-03-05 14:02:29'),(406,'菜单管理',2,'com.sctech.web.controller.system.SysMenuController.editSave()','POST',1,'admin','设备管理部门','/system/menu/edit','127.0.0.1','内网IP','{\r\n  \"menuId\" : [ \"2033\" ],\r\n  \"parentId\" : [ \"2006\" ],\r\n  \"menuType\" : [ \"C\" ],\r\n  \"menuName\" : [ \"HT for Web\" ],\r\n  \"url\" : [ \"/equipment/equcard/HT\" ],\r\n  \"target\" : [ \"menuItem\" ],\r\n  \"perms\" : [ \"\" ],\r\n  \"orderNum\" : [ \"8\" ],\r\n  \"icon\" : [ \"#\" ],\r\n  \"visible\" : [ \"0\" ]\r\n}','{\r\n  \"msg\" : \"操作成功\",\r\n  \"code\" : 0\r\n}',0,NULL,'2020-03-05 14:02:35'),(407,'字典类型',1,'com.sctech.web.controller.system.SysDictTypeController.addSave()','POST',1,'admin','设备管理部门','/system/dict/add','127.0.0.1','内网IP','{\r\n  \"dictName\" : [ \"区域类别\" ],\r\n  \"dictType\" : [ \"equ_area_type\" ],\r\n  \"status\" : [ \"0\" ],\r\n  \"remark\" : [ \"区域类别列表\" ]\r\n}','{\r\n  \"msg\" : \"操作成功\",\r\n  \"code\" : 0\r\n}',0,NULL,'2020-03-05 15:44:33'),(408,'字典数据',1,'com.sctech.web.controller.system.SysDictDataController.addSave()','POST',1,'admin','设备管理部门','/system/dict/data/add','127.0.0.1','内网IP','{\r\n  \"dictLabel\" : [ \"园区\" ],\r\n  \"dictValue\" : [ \"0\" ],\r\n  \"dictType\" : [ \"equ_area_type\" ],\r\n  \"cssClass\" : [ \"\" ],\r\n  \"dictSort\" : [ \"1\" ],\r\n  \"listClass\" : [ \"\" ],\r\n  \"isDefault\" : [ \"Y\" ],\r\n  \"status\" : [ \"0\" ],\r\n  \"remark\" : [ \"\" ]\r\n}','{\r\n  \"msg\" : \"操作成功\",\r\n  \"code\" : 0\r\n}',0,NULL,'2020-03-05 15:44:55'),(409,'字典数据',1,'com.sctech.web.controller.system.SysDictDataController.addSave()','POST',1,'admin','设备管理部门','/system/dict/data/add','127.0.0.1','内网IP','{\r\n  \"dictLabel\" : [ \"办公区\" ],\r\n  \"dictValue\" : [ \"1\" ],\r\n  \"dictType\" : [ \"equ_area_type\" ],\r\n  \"cssClass\" : [ \"\" ],\r\n  \"dictSort\" : [ \"1\" ],\r\n  \"listClass\" : [ \"\" ],\r\n  \"isDefault\" : [ \"N\" ],\r\n  \"status\" : [ \"0\" ],\r\n  \"remark\" : [ \"\" ]\r\n}','{\r\n  \"msg\" : \"操作成功\",\r\n  \"code\" : 0\r\n}',0,NULL,'2020-03-05 15:45:07'),(410,'设备所在区域',1,'com.sctech.web.controller.equipment.EquAreaController.addSave()','POST',1,'admin','设备管理部门','/equipment/equarea/add','127.0.0.1','内网IP','{\r\n  \"parentId\" : [ \"1\" ],\r\n  \"areaName\" : [ \"A幢\" ],\r\n  \"areaCode\" : [ \"A\" ],\r\n  \"areaType\" : [ \"1\" ],\r\n  \"orderNum\" : [ \"0\" ],\r\n  \"remark\" : [ \"\" ]\r\n}','{\r\n  \"msg\" : \"操作成功\",\r\n  \"code\" : 0\r\n}',0,NULL,'2020-03-05 16:35:48'),(411,'设备所在区域',2,'com.sctech.web.controller.equipment.EquAreaController.editSave()','POST',1,'admin','设备管理部门','/equipment/equarea/edit','127.0.0.1','内网IP','{\r\n  \"areaId\" : [ \"2\" ],\r\n  \"parentId\" : [ \"1\" ],\r\n  \"parentName\" : [ \"区域\" ],\r\n  \"areaName\" : [ \"A幢\" ],\r\n  \"areaCode\" : [ \"0A\" ],\r\n  \"areaType\" : [ \"1\" ],\r\n  \"orderNum\" : [ \"0\" ]\r\n}','{\r\n  \"msg\" : \"操作成功\",\r\n  \"code\" : 0\r\n}',0,NULL,'2020-03-05 17:00:00'),(412,'设备所在区域',1,'com.sctech.web.controller.equipment.EquAreaController.addSave()','POST',1,'admin','设备管理部门','/equipment/equarea/add','127.0.0.1','内网IP','{\r\n  \"parentId\" : [ \"2\" ],\r\n  \"areaName\" : [ \"一楼\" ],\r\n  \"areaCode\" : [ \"0A1\" ],\r\n  \"areaType\" : [ \"1\" ],\r\n  \"orderNum\" : [ \"0\" ],\r\n  \"remark\" : [ \"\" ]\r\n}','{\r\n  \"msg\" : \"操作成功\",\r\n  \"code\" : 0\r\n}',0,NULL,'2020-03-06 08:26:43'),(413,'设备档案',2,'com.sctech.web.controller.equipment.EquCardController.editSave()','POST',1,'admin','设备管理部门','/equipment/equcard/edit','127.0.0.1','内网IP','{\r\n  \"equId\" : [ \"7\" ],\r\n  \"classId\" : [ \"9\" ],\r\n  \"deptId\" : [ \"101\" ],\r\n  \"areaId\" : [ \"3\" ],\r\n  \"supplierId\" : [ \"1\" ],\r\n  \"contractId\" : [ \"1\" ],\r\n  \"equName\" : [ \"挂式空调\" ],\r\n  \"className\" : [ \"空调\" ],\r\n  \"equCount\" : [ \"6.0\" ],\r\n  \"equSprice\" : [ \"2500.0\" ],\r\n  \"contractName\" : [ \"合同名称\" ],\r\n  \"supplierName\" : [ \"浙江源创建筑智能科技有限公司\" ],\r\n  \"equBrand\" : [ \"海尔\" ],\r\n  \"equParam\" : [ \"2P\" ],\r\n  \"deptName\" : [ \"设备管理部门\" ],\r\n  \"equAdmin\" : [ \"\" ],\r\n  \"equTime\" : [ \"2020-03-01\" ],\r\n  \"equYear\" : [ \"6\" ],\r\n  \"areaName\" : [ \"一楼\" ],\r\n  \"equAttribute\" : [ \"0\" ],\r\n  \"equStatus\" : [ \"0\" ],\r\n  \"remark\" : [ \"无\" ]\r\n}','{\r\n  \"msg\" : \"操作成功\",\r\n  \"code\" : 0\r\n}',0,NULL,'2020-03-06 08:51:27'),(414,'设备档案',2,'com.sctech.web.controller.equipment.EquCardController.editSave()','POST',1,'admin','设备管理部门','/equipment/equcard/edit','127.0.0.1','内网IP','{\r\n  \"equId\" : [ \"7\" ],\r\n  \"classId\" : [ \"9\" ],\r\n  \"deptId\" : [ \"101\" ],\r\n  \"areaId\" : [ \"3\" ],\r\n  \"supplierId\" : [ \"1\" ],\r\n  \"contractId\" : [ \"1\" ],\r\n  \"equName\" : [ \"挂式空调\" ],\r\n  \"className\" : [ \"空调\" ],\r\n  \"equCount\" : [ \"6.0\" ],\r\n  \"equSprice\" : [ \"2500.0\" ],\r\n  \"contractName\" : [ \"合同名称\" ],\r\n  \"supplierName\" : [ \"浙江源创建筑智能科技有限公司\" ],\r\n  \"equBrand\" : [ \"海尔\" ],\r\n  \"equParam\" : [ \"2P\" ],\r\n  \"deptName\" : [ \"设备管理部门\" ],\r\n  \"equAdmin\" : [ \"\" ],\r\n  \"equTime\" : [ \"2020-03-01\" ],\r\n  \"equYear\" : [ \"6\" ],\r\n  \"areaName\" : [ \"一楼\" ],\r\n  \"equAttribute\" : [ \"0\" ],\r\n  \"equStatus\" : [ \"0\" ],\r\n  \"remark\" : [ \"无\" ]\r\n}','{\r\n  \"msg\" : \"操作成功\",\r\n  \"code\" : 0\r\n}',0,NULL,'2020-03-06 09:32:48'),(415,'代码生成',6,'com.sctech.generator.controller.GenController.importTableSave()','POST',1,'admin','设备管理部门','/tool/gen/importTable','127.0.0.1','内网IP','{\r\n  \"tables\" : [ \"equ_channel\" ]\r\n}','{\r\n  \"msg\" : \"操作成功\",\r\n  \"code\" : 0\r\n}',0,NULL,'2020-03-06 14:25:06'),(416,'代码生成',2,'com.sctech.generator.controller.GenController.editSave()','POST',1,'admin','设备管理部门','/tool/gen/edit','127.0.0.1','内网IP','{\r\n  \"tableId\" : [ \"11\" ],\r\n  \"tableName\" : [ \"equ_channel\" ],\r\n  \"tableComment\" : [ \"设备位号表\" ],\r\n  \"className\" : [ \"EquChannel\" ],\r\n  \"functionAuthor\" : [ \"SCTech\" ],\r\n  \"remark\" : [ \"\" ],\r\n  \"columns[0].columnId\" : [ \"136\" ],\r\n  \"columns[0].sort\" : [ \"1\" ],\r\n  \"columns[0].columnComment\" : [ \"ID 主键\" ],\r\n  \"columns[0].javaType\" : [ \"Long\" ],\r\n  \"columns[0].javaField\" : [ \"channelId\" ],\r\n  \"columns[0].isInsert\" : [ \"1\" ],\r\n  \"columns[0].queryType\" : [ \"EQ\" ],\r\n  \"columns[0].htmlType\" : [ \"input\" ],\r\n  \"columns[0].dictType\" : [ \"\" ],\r\n  \"columns[1].columnId\" : [ \"137\" ],\r\n  \"columns[1].sort\" : [ \"2\" ],\r\n  \"columns[1].columnComment\" : [ \"Guid\" ],\r\n  \"columns[1].javaType\" : [ \"String\" ],\r\n  \"columns[1].javaField\" : [ \"channelGuid\" ],\r\n  \"columns[1].isInsert\" : [ \"1\" ],\r\n  \"columns[1].queryType\" : [ \"EQ\" ],\r\n  \"columns[1].htmlType\" : [ \"input\" ],\r\n  \"columns[1].dictType\" : [ \"\" ],\r\n  \"columns[2].columnId\" : [ \"138\" ],\r\n  \"columns[2].sort\" : [ \"3\" ],\r\n  \"columns[2].columnComment\" : [ \"设备ID\" ],\r\n  \"columns[2].javaType\" : [ \"Long\" ],\r\n  \"columns[2].javaField\" : [ \"equId\" ],\r\n  \"columns[2].isInsert\" : [ \"1\" ],\r\n  \"columns[2].isEdit\" : [ \"1\" ],\r\n  \"columns[2].queryType\" : [ \"EQ\" ],\r\n  \"columns[2].htmlType\" : [ \"input\" ],\r\n  \"columns[2].dictType\" : [ \"\" ],\r\n  \"columns[3].columnId\" : [ \"139\" ],\r\n  \"columns[3].sort\" : [ \"4\" ],\r\n  \"columns[3].columnComment\" : [ \"位号名称\" ],\r\n  \"columns[3].javaType\" : [ \"String\" ],\r\n  \"columns[3].javaField\" : [ \"channelName\" ],\r\n  \"columns[3].isInsert\" : [ \"1\" ],\r\n  \"columns[3].isEdit\" : [ \"1\" ],\r\n  \"columns[3].isList\" : [ \"1\" ],\r\n  \"columns[3].isQuery\" : [ \"1\" ],\r\n  \"columns[3].queryType\" : [ \"LIKE\" ],\r\n  \"columns[3].htmlType\" : [ \"input\" ],\r\n  \"columns[3].dictType\" : [ \"\" ],\r\n  \"columns[4].columnId\" : [ \"140\" ],\r\n  \"columns[4].sort\" : [ \"5\" ],\r\n  \"columns[4].columnComment\" : [ \"位号编号\" ],\r\n  \"columns[4].javaType\" : [ \"String\" ],\r\n  \"columns[4].javaField\" : [ \"channelCode\" ],\r\n  \"columns[4].isInsert\" : [ \"1\" ],\r\n  \"columns[4].isEdit\" : [ \"1\" ],\r\n  \"col','{\r\n  \"msg\" : \"操作成功\",\r\n  \"code\" : 0\r\n}',0,NULL,'2020-03-06 14:26:54'),(417,'字典类型',1,'com.sctech.web.controller.system.SysDictTypeController.addSave()','POST',1,'admin','设备管理部门','/system/dict/add','127.0.0.1','内网IP','{\r\n  \"dictName\" : [ \"位号类型\" ],\r\n  \"dictType\" : [ \"equ_channel_type\" ],\r\n  \"status\" : [ \"0\" ],\r\n  \"remark\" : [ \"位号类型列表\" ]\r\n}','{\r\n  \"msg\" : \"操作成功\",\r\n  \"code\" : 0\r\n}',0,NULL,'2020-03-06 14:28:39'),(418,'字典类型',1,'com.sctech.web.controller.system.SysDictTypeController.addSave()','POST',1,'admin','设备管理部门','/system/dict/add','127.0.0.1','内网IP','{\r\n  \"dictName\" : [ \"位号性质\" ],\r\n  \"dictType\" : [ \"equ_channel_class\" ],\r\n  \"status\" : [ \"0\" ],\r\n  \"remark\" : [ \"位号性质列表\" ]\r\n}','{\r\n  \"msg\" : \"操作成功\",\r\n  \"code\" : 0\r\n}',0,NULL,'2020-03-06 14:29:21'),(419,'字典数据',1,'com.sctech.web.controller.system.SysDictDataController.addSave()','POST',1,'admin','设备管理部门','/system/dict/data/add','127.0.0.1','内网IP','{\r\n  \"dictLabel\" : [ \"开关量\" ],\r\n  \"dictValue\" : [ \"0\" ],\r\n  \"dictType\" : [ \"equ_channel_class\" ],\r\n  \"cssClass\" : [ \"\" ],\r\n  \"dictSort\" : [ \"0\" ],\r\n  \"listClass\" : [ \"\" ],\r\n  \"isDefault\" : [ \"Y\" ],\r\n  \"status\" : [ \"0\" ],\r\n  \"remark\" : [ \"\" ]\r\n}','{\r\n  \"msg\" : \"操作成功\",\r\n  \"code\" : 0\r\n}',0,NULL,'2020-03-06 14:29:55'),(420,'字典数据',1,'com.sctech.web.controller.system.SysDictDataController.addSave()','POST',1,'admin','设备管理部门','/system/dict/data/add','127.0.0.1','内网IP','{\r\n  \"dictLabel\" : [ \"模拟量\" ],\r\n  \"dictValue\" : [ \"1\" ],\r\n  \"dictType\" : [ \"equ_channel_class\" ],\r\n  \"cssClass\" : [ \"\" ],\r\n  \"dictSort\" : [ \"1\" ],\r\n  \"listClass\" : [ \"\" ],\r\n  \"isDefault\" : [ \"N\" ],\r\n  \"status\" : [ \"0\" ],\r\n  \"remark\" : [ \"\" ]\r\n}','{\r\n  \"msg\" : \"操作成功\",\r\n  \"code\" : 0\r\n}',0,NULL,'2020-03-06 14:30:07'),(421,'字典数据',1,'com.sctech.web.controller.system.SysDictDataController.addSave()','POST',1,'admin','设备管理部门','/system/dict/data/add','127.0.0.1','内网IP','{\r\n  \"dictLabel\" : [ \"字符串\" ],\r\n  \"dictValue\" : [ \"2\" ],\r\n  \"dictType\" : [ \"equ_channel_class\" ],\r\n  \"cssClass\" : [ \"\" ],\r\n  \"dictSort\" : [ \"2\" ],\r\n  \"listClass\" : [ \"\" ],\r\n  \"isDefault\" : [ \"N\" ],\r\n  \"status\" : [ \"0\" ],\r\n  \"remark\" : [ \"\" ]\r\n}','{\r\n  \"msg\" : \"操作成功\",\r\n  \"code\" : 0\r\n}',0,NULL,'2020-03-06 14:30:23'),(422,'字典数据',2,'com.sctech.web.controller.system.SysDictDataController.editSave()','POST',1,'admin','设备管理部门','/system/dict/data/edit','127.0.0.1','内网IP','{\r\n  \"dictCode\" : [ \"123\" ],\r\n  \"dictLabel\" : [ \"运行点\" ],\r\n  \"dictValue\" : [ \"0\" ],\r\n  \"dictType\" : [ \"equ_channel_class\" ],\r\n  \"cssClass\" : [ \"\" ],\r\n  \"dictSort\" : [ \"0\" ],\r\n  \"listClass\" : [ \"\" ],\r\n  \"isDefault\" : [ \"Y\" ],\r\n  \"status\" : [ \"0\" ],\r\n  \"remark\" : [ \"\" ]\r\n}','{\r\n  \"msg\" : \"操作成功\",\r\n  \"code\" : 0\r\n}',0,NULL,'2020-03-06 14:31:04'),(423,'字典数据',2,'com.sctech.web.controller.system.SysDictDataController.editSave()','POST',1,'admin','设备管理部门','/system/dict/data/edit','127.0.0.1','内网IP','{\r\n  \"dictCode\" : [ \"124\" ],\r\n  \"dictLabel\" : [ \"报警点\" ],\r\n  \"dictValue\" : [ \"1\" ],\r\n  \"dictType\" : [ \"equ_channel_class\" ],\r\n  \"cssClass\" : [ \"\" ],\r\n  \"dictSort\" : [ \"1\" ],\r\n  \"listClass\" : [ \"\" ],\r\n  \"isDefault\" : [ \"N\" ],\r\n  \"status\" : [ \"0\" ],\r\n  \"remark\" : [ \"\" ]\r\n}','{\r\n  \"msg\" : \"操作成功\",\r\n  \"code\" : 0\r\n}',0,NULL,'2020-03-06 14:31:16'),(424,'字典数据',2,'com.sctech.web.controller.system.SysDictDataController.editSave()','POST',1,'admin','设备管理部门','/system/dict/data/edit','127.0.0.1','内网IP','{\r\n  \"dictCode\" : [ \"125\" ],\r\n  \"dictLabel\" : [ \"启停点\" ],\r\n  \"dictValue\" : [ \"2\" ],\r\n  \"dictType\" : [ \"equ_channel_class\" ],\r\n  \"cssClass\" : [ \"\" ],\r\n  \"dictSort\" : [ \"2\" ],\r\n  \"listClass\" : [ \"\" ],\r\n  \"isDefault\" : [ \"N\" ],\r\n  \"status\" : [ \"0\" ],\r\n  \"remark\" : [ \"\" ]\r\n}','{\r\n  \"msg\" : \"操作成功\",\r\n  \"code\" : 0\r\n}',0,NULL,'2020-03-06 14:31:36'),(425,'字典数据',1,'com.sctech.web.controller.system.SysDictDataController.addSave()','POST',1,'admin','设备管理部门','/system/dict/data/add','127.0.0.1','内网IP','{\r\n  \"dictLabel\" : [ \"故障点\" ],\r\n  \"dictValue\" : [ \"3\" ],\r\n  \"dictType\" : [ \"equ_channel_class\" ],\r\n  \"cssClass\" : [ \"\" ],\r\n  \"dictSort\" : [ \"3\" ],\r\n  \"listClass\" : [ \"\" ],\r\n  \"isDefault\" : [ \"N\" ],\r\n  \"status\" : [ \"0\" ],\r\n  \"remark\" : [ \"\" ]\r\n}','{\r\n  \"msg\" : \"操作成功\",\r\n  \"code\" : 0\r\n}',0,NULL,'2020-03-06 14:31:48'),(426,'字典数据',1,'com.sctech.web.controller.system.SysDictDataController.addSave()','POST',1,'admin','设备管理部门','/system/dict/data/add','127.0.0.1','内网IP','{\r\n  \"dictLabel\" : [ \"开关量\" ],\r\n  \"dictValue\" : [ \"0\" ],\r\n  \"dictType\" : [ \"equ_channel_type\" ],\r\n  \"cssClass\" : [ \"\" ],\r\n  \"dictSort\" : [ \"0\" ],\r\n  \"listClass\" : [ \"\" ],\r\n  \"isDefault\" : [ \"Y\" ],\r\n  \"status\" : [ \"0\" ],\r\n  \"remark\" : [ \"\" ]\r\n}','{\r\n  \"msg\" : \"操作成功\",\r\n  \"code\" : 0\r\n}',0,NULL,'2020-03-06 14:32:19'),(427,'字典数据',1,'com.sctech.web.controller.system.SysDictDataController.addSave()','POST',1,'admin','设备管理部门','/system/dict/data/add','127.0.0.1','内网IP','{\r\n  \"dictLabel\" : [ \"模拟量\" ],\r\n  \"dictValue\" : [ \"1\" ],\r\n  \"dictType\" : [ \"equ_channel_type\" ],\r\n  \"cssClass\" : [ \"\" ],\r\n  \"dictSort\" : [ \"1\" ],\r\n  \"listClass\" : [ \"\" ],\r\n  \"isDefault\" : [ \"N\" ],\r\n  \"status\" : [ \"0\" ],\r\n  \"remark\" : [ \"\" ]\r\n}','{\r\n  \"msg\" : \"操作成功\",\r\n  \"code\" : 0\r\n}',0,NULL,'2020-03-06 14:32:29'),(428,'字典数据',1,'com.sctech.web.controller.system.SysDictDataController.addSave()','POST',1,'admin','设备管理部门','/system/dict/data/add','127.0.0.1','内网IP','{\r\n  \"dictLabel\" : [ \"字符串\" ],\r\n  \"dictValue\" : [ \"2\" ],\r\n  \"dictType\" : [ \"equ_channel_type\" ],\r\n  \"cssClass\" : [ \"\" ],\r\n  \"dictSort\" : [ \"2\" ],\r\n  \"listClass\" : [ \"\" ],\r\n  \"isDefault\" : [ \"N\" ],\r\n  \"status\" : [ \"0\" ],\r\n  \"remark\" : [ \"\" ]\r\n}','{\r\n  \"msg\" : \"操作成功\",\r\n  \"code\" : 0\r\n}',0,NULL,'2020-03-06 14:32:43'),(429,'代码生成',2,'com.sctech.generator.controller.GenController.editSave()','POST',1,'admin','设备管理部门','/tool/gen/edit','127.0.0.1','内网IP','{\r\n  \"tableId\" : [ \"11\" ],\r\n  \"tableName\" : [ \"equ_channel\" ],\r\n  \"tableComment\" : [ \"设备位号表\" ],\r\n  \"className\" : [ \"EquChannel\" ],\r\n  \"functionAuthor\" : [ \"SCTech\" ],\r\n  \"remark\" : [ \"\" ],\r\n  \"columns[0].columnId\" : [ \"136\" ],\r\n  \"columns[0].sort\" : [ \"1\" ],\r\n  \"columns[0].columnComment\" : [ \"ID 主键\" ],\r\n  \"columns[0].javaType\" : [ \"Long\" ],\r\n  \"columns[0].javaField\" : [ \"channelId\" ],\r\n  \"columns[0].isInsert\" : [ \"1\" ],\r\n  \"columns[0].queryType\" : [ \"EQ\" ],\r\n  \"columns[0].htmlType\" : [ \"input\" ],\r\n  \"columns[0].dictType\" : [ \"\" ],\r\n  \"columns[1].columnId\" : [ \"137\" ],\r\n  \"columns[1].sort\" : [ \"2\" ],\r\n  \"columns[1].columnComment\" : [ \"Guid\" ],\r\n  \"columns[1].javaType\" : [ \"String\" ],\r\n  \"columns[1].javaField\" : [ \"channelGuid\" ],\r\n  \"columns[1].isInsert\" : [ \"1\" ],\r\n  \"columns[1].queryType\" : [ \"EQ\" ],\r\n  \"columns[1].htmlType\" : [ \"input\" ],\r\n  \"columns[1].dictType\" : [ \"\" ],\r\n  \"columns[2].columnId\" : [ \"138\" ],\r\n  \"columns[2].sort\" : [ \"3\" ],\r\n  \"columns[2].columnComment\" : [ \"设备ID\" ],\r\n  \"columns[2].javaType\" : [ \"Long\" ],\r\n  \"columns[2].javaField\" : [ \"equId\" ],\r\n  \"columns[2].isInsert\" : [ \"1\" ],\r\n  \"columns[2].isEdit\" : [ \"1\" ],\r\n  \"columns[2].queryType\" : [ \"EQ\" ],\r\n  \"columns[2].htmlType\" : [ \"input\" ],\r\n  \"columns[2].dictType\" : [ \"\" ],\r\n  \"columns[3].columnId\" : [ \"139\" ],\r\n  \"columns[3].sort\" : [ \"4\" ],\r\n  \"columns[3].columnComment\" : [ \"位号名称\" ],\r\n  \"columns[3].javaType\" : [ \"String\" ],\r\n  \"columns[3].javaField\" : [ \"channelName\" ],\r\n  \"columns[3].isInsert\" : [ \"1\" ],\r\n  \"columns[3].isEdit\" : [ \"1\" ],\r\n  \"columns[3].isList\" : [ \"1\" ],\r\n  \"columns[3].isQuery\" : [ \"1\" ],\r\n  \"columns[3].queryType\" : [ \"LIKE\" ],\r\n  \"columns[3].htmlType\" : [ \"input\" ],\r\n  \"columns[3].dictType\" : [ \"\" ],\r\n  \"columns[4].columnId\" : [ \"140\" ],\r\n  \"columns[4].sort\" : [ \"5\" ],\r\n  \"columns[4].columnComment\" : [ \"位号编号\" ],\r\n  \"columns[4].javaType\" : [ \"String\" ],\r\n  \"columns[4].javaField\" : [ \"channelCode\" ],\r\n  \"columns[4].isInsert\" : [ \"1\" ],\r\n  \"columns[4].isEdit\" : [ \"1\" ],\r\n  \"col','{\r\n  \"msg\" : \"操作成功\",\r\n  \"code\" : 0\r\n}',0,NULL,'2020-03-06 14:33:32'),(430,'代码生成',8,'com.sctech.generator.controller.GenController.genCode()','GET',1,'admin','设备管理部门','/tool/gen/genCode/equ_channel','127.0.0.1','内网IP','{ }','null',0,NULL,'2020-03-06 14:33:36'),(431,'菜单管理',1,'com.sctech.web.controller.system.SysMenuController.addSave()','POST',1,'admin','设备管理部门','/system/menu/add','127.0.0.1','内网IP','{\r\n  \"parentId\" : [ \"2007\" ],\r\n  \"menuType\" : [ \"F\" ],\r\n  \"menuName\" : [ \"位号管理\" ],\r\n  \"url\" : [ \"\" ],\r\n  \"target\" : [ \"menuItem\" ],\r\n  \"perms\" : [ \"\" ],\r\n  \"orderNum\" : [ \"5\" ],\r\n  \"icon\" : [ \"\" ],\r\n  \"visible\" : [ \"0\" ]\r\n}','{\r\n  \"msg\" : \"操作成功\",\r\n  \"code\" : 0\r\n}',0,NULL,'2020-03-06 14:36:08'),(432,'菜单管理',2,'com.sctech.web.controller.system.SysMenuController.editSave()','POST',1,'admin','设备管理部门','/system/menu/edit','127.0.0.1','内网IP','{\r\n  \"menuId\" : [ \"2040\" ],\r\n  \"parentId\" : [ \"2007\" ],\r\n  \"menuType\" : [ \"F\" ],\r\n  \"menuName\" : [ \"位号管理\" ],\r\n  \"url\" : [ \"#\" ],\r\n  \"target\" : [ \"menuItem\" ],\r\n  \"perms\" : [ \"equipment:equcard:channel\" ],\r\n  \"orderNum\" : [ \"5\" ],\r\n  \"icon\" : [ \"#\" ],\r\n  \"visible\" : [ \"0\" ]\r\n}','{\r\n  \"msg\" : \"操作成功\",\r\n  \"code\" : 0\r\n}',0,NULL,'2020-03-06 14:36:30'),(433,'设备位号',1,'com.sctech.web.controller.equipment.EquChannelController.addSave()','POST',1,'admin','设备管理部门','/equipment/equchannel/add','127.0.0.1','内网IP','{\r\n  \"equId\" : [ \"7\" ],\r\n  \"channelName\" : [ \"01\" ],\r\n  \"channelCode\" : [ \"A01\" ],\r\n  \"channelDecs\" : [ \"\" ],\r\n  \"channelType\" : [ \"0\" ],\r\n  \"channelClass\" : [ \"0\" ]\r\n}','{\r\n  \"msg\" : \"操作成功\",\r\n  \"code\" : 0\r\n}',0,NULL,'2020-03-09 14:52:14'),(434,'设备位号',1,'com.sctech.web.controller.equipment.EquChannelController.addSave()','POST',1,'admin','设备管理部门','/equipment/equchannel/add','127.0.0.1','内网IP','{\r\n  \"equId\" : [ \"7\" ],\r\n  \"channelName\" : [ \"02\" ],\r\n  \"channelCode\" : [ \"A02\" ],\r\n  \"channelDecs\" : [ \"A02desc\" ],\r\n  \"channelType\" : [ \"0\" ],\r\n  \"channelClass\" : [ \"0\" ],\r\n  \"remark\" : [ \"A02remark\" ]\r\n}','{\r\n  \"msg\" : \"操作成功\",\r\n  \"code\" : 0\r\n}',0,NULL,'2020-03-09 15:02:46'),(435,'设备位号',2,'com.sctech.web.controller.equipment.EquChannelController.editSave()','POST',1,'admin','设备管理部门','/equipment/equchannel/edit','127.0.0.1','内网IP','{\r\n  \"channelId\" : [ \"1\" ],\r\n  \"equId\" : [ \"\" ],\r\n  \"channelName\" : [ \"01\" ],\r\n  \"channelCode\" : [ \"A01\" ],\r\n  \"channelDecs\" : [ \"A01desc\" ],\r\n  \"channelType\" : [ \"0\" ],\r\n  \"channelClass\" : [ \"0\" ],\r\n  \"remark\" : [ \"A01remark\" ]\r\n}','{\r\n  \"msg\" : \"操作成功\",\r\n  \"code\" : 0\r\n}',0,NULL,'2020-03-09 15:03:17'),(436,'设备位号',2,'com.sctech.web.controller.equipment.EquChannelController.editSave()','POST',1,'admin','设备管理部门','/equipment/equchannel/edit','127.0.0.1','内网IP','{\r\n  \"channelId\" : [ \"1\" ],\r\n  \"equId\" : [ \"\" ],\r\n  \"channelName\" : [ \"01\" ],\r\n  \"channelCode\" : [ \"A01\" ],\r\n  \"channelDecs\" : [ \"A01desc\" ],\r\n  \"channelType\" : [ \"1\" ],\r\n  \"channelClass\" : [ \"0\" ],\r\n  \"remark\" : [ \"A01remark\" ]\r\n}','{\r\n  \"msg\" : \"操作成功\",\r\n  \"code\" : 0\r\n}',0,NULL,'2020-03-09 15:03:44'),(437,'设备位号',2,'com.sctech.web.controller.equipment.EquChannelController.editSave()','POST',1,'admin','设备管理部门','/equipment/equchannel/edit','127.0.0.1','内网IP','{\r\n  \"channelId\" : [ \"2\" ],\r\n  \"equId\" : [ \"\" ],\r\n  \"channelName\" : [ \"02\" ],\r\n  \"channelCode\" : [ \"A02\" ],\r\n  \"channelDecs\" : [ \"A02desc\" ],\r\n  \"channelType\" : [ \"1\" ],\r\n  \"channelClass\" : [ \"1\" ],\r\n  \"remark\" : [ \"A02remark\" ]\r\n}','{\r\n  \"msg\" : \"操作成功\",\r\n  \"code\" : 0\r\n}',0,NULL,'2020-03-09 15:03:57'),(438,'设备位号',2,'com.sctech.web.controller.equipment.EquChannelController.editSave()','POST',1,'admin','设备管理部门','/equipment/equchannel/edit','127.0.0.1','内网IP','{\r\n  \"channelId\" : [ \"1\" ],\r\n  \"equId\" : [ \"\" ],\r\n  \"channelName\" : [ \"01\" ],\r\n  \"channelCode\" : [ \"A01\" ],\r\n  \"channelDecs\" : [ \"A01desc\" ],\r\n  \"channelType\" : [ \"1\" ],\r\n  \"channelClass\" : [ \"2\" ],\r\n  \"remark\" : [ \"A01remark\" ]\r\n}','{\r\n  \"msg\" : \"操作成功\",\r\n  \"code\" : 0\r\n}',0,NULL,'2020-03-09 15:04:22'),(439,'设备位号',2,'com.sctech.web.controller.equipment.EquChannelController.editSave()','POST',1,'admin','设备管理部门','/equipment/equchannel/edit','127.0.0.1','内网IP','{\r\n  \"channelId\" : [ \"1\" ],\r\n  \"equId\" : [ \"\" ],\r\n  \"channelName\" : [ \"01\" ],\r\n  \"channelCode\" : [ \"A01\" ],\r\n  \"channelDecs\" : [ \"A01desc\" ],\r\n  \"channelType\" : [ \"0\" ],\r\n  \"channelClass\" : [ \"2\" ],\r\n  \"remark\" : [ \"A01remark\" ]\r\n}','{\r\n  \"msg\" : \"操作成功\",\r\n  \"code\" : 0\r\n}',0,NULL,'2020-03-09 15:04:27'),(440,'设备位号',2,'com.sctech.web.controller.equipment.EquChannelController.editSave()','POST',1,'admin','设备管理部门','/equipment/equchannel/edit','127.0.0.1','内网IP','{\r\n  \"channelId\" : [ \"1\" ],\r\n  \"equId\" : [ \"\" ],\r\n  \"channelName\" : [ \"01\" ],\r\n  \"channelCode\" : [ \"A01\" ],\r\n  \"channelDecs\" : [ \"A01desc\" ],\r\n  \"channelType\" : [ \"2\" ],\r\n  \"channelClass\" : [ \"3\" ],\r\n  \"remark\" : [ \"A01remark\" ]\r\n}','{\r\n  \"msg\" : \"操作成功\",\r\n  \"code\" : 0\r\n}',0,NULL,'2020-03-09 15:04:41'),(441,'代码生成',6,'com.sctech.generator.controller.GenController.importTableSave()','POST',1,'admin','设备管理部门','/tool/gen/importTable','127.0.0.1','内网IP','{\r\n  \"tables\" : [ \"ser_team\" ]\r\n}','{\r\n  \"msg\" : \"操作成功\",\r\n  \"code\" : 0\r\n}',0,NULL,'2020-03-10 16:56:00'),(442,'代码生成',2,'com.sctech.generator.controller.GenController.editSave()','POST',1,'admin','设备管理部门','/tool/gen/edit','127.0.0.1','内网IP','{\r\n  \"tableId\" : [ \"12\" ],\r\n  \"tableName\" : [ \"ser_team\" ],\r\n  \"tableComment\" : [ \"维修班组表 \" ],\r\n  \"className\" : [ \"SerTeam\" ],\r\n  \"functionAuthor\" : [ \"SCTech\" ],\r\n  \"remark\" : [ \"\" ],\r\n  \"columns[0].columnId\" : [ \"150\" ],\r\n  \"columns[0].sort\" : [ \"1\" ],\r\n  \"columns[0].columnComment\" : [ \"ID 主键\" ],\r\n  \"columns[0].javaType\" : [ \"Long\" ],\r\n  \"columns[0].javaField\" : [ \"teamId\" ],\r\n  \"columns[0].isInsert\" : [ \"1\" ],\r\n  \"columns[0].queryType\" : [ \"EQ\" ],\r\n  \"columns[0].htmlType\" : [ \"input\" ],\r\n  \"columns[0].dictType\" : [ \"\" ],\r\n  \"columns[1].columnId\" : [ \"151\" ],\r\n  \"columns[1].sort\" : [ \"2\" ],\r\n  \"columns[1].columnComment\" : [ \"Guid\" ],\r\n  \"columns[1].javaType\" : [ \"String\" ],\r\n  \"columns[1].javaField\" : [ \"teamGuid\" ],\r\n  \"columns[1].isInsert\" : [ \"1\" ],\r\n  \"columns[1].queryType\" : [ \"EQ\" ],\r\n  \"columns[1].isRequired\" : [ \"1\" ],\r\n  \"columns[1].htmlType\" : [ \"input\" ],\r\n  \"columns[1].dictType\" : [ \"\" ],\r\n  \"columns[2].columnId\" : [ \"152\" ],\r\n  \"columns[2].sort\" : [ \"3\" ],\r\n  \"columns[2].columnComment\" : [ \"班组编码\" ],\r\n  \"columns[2].javaType\" : [ \"String\" ],\r\n  \"columns[2].javaField\" : [ \"teamCode\" ],\r\n  \"columns[2].isInsert\" : [ \"1\" ],\r\n  \"columns[2].isEdit\" : [ \"1\" ],\r\n  \"columns[2].isList\" : [ \"1\" ],\r\n  \"columns[2].isQuery\" : [ \"1\" ],\r\n  \"columns[2].queryType\" : [ \"EQ\" ],\r\n  \"columns[2].htmlType\" : [ \"input\" ],\r\n  \"columns[2].dictType\" : [ \"\" ],\r\n  \"columns[3].columnId\" : [ \"153\" ],\r\n  \"columns[3].sort\" : [ \"4\" ],\r\n  \"columns[3].columnComment\" : [ \"班组名称\" ],\r\n  \"columns[3].javaType\" : [ \"String\" ],\r\n  \"columns[3].javaField\" : [ \"teamName\" ],\r\n  \"columns[3].isInsert\" : [ \"1\" ],\r\n  \"columns[3].isEdit\" : [ \"1\" ],\r\n  \"columns[3].isList\" : [ \"1\" ],\r\n  \"columns[3].isQuery\" : [ \"1\" ],\r\n  \"columns[3].queryType\" : [ \"LIKE\" ],\r\n  \"columns[3].htmlType\" : [ \"input\" ],\r\n  \"columns[3].dictType\" : [ \"\" ],\r\n  \"columns[4].columnId\" : [ \"154\" ],\r\n  \"columns[4].sort\" : [ \"5\" ],\r\n  \"columns[4].columnComment\" : [ \"所属部门 部门表主键\" ],\r\n  \"columns[4].javaType\" : [ \"Long\" ],\r\n  \"columns[4].javaFie','{\r\n  \"msg\" : \"操作成功\",\r\n  \"code\" : 0\r\n}',0,NULL,'2020-03-10 16:57:55'),(443,'代码生成',8,'com.sctech.generator.controller.GenController.genCode()','GET',1,'admin','设备管理部门','/tool/gen/genCode/ser_team','127.0.0.1','内网IP','{ }','null',0,NULL,'2020-03-10 16:58:53'),(444,'菜单管理',1,'com.sctech.web.controller.system.SysMenuController.addSave()','POST',1,'admin','设备管理部门','/system/menu/add','127.0.0.1','内网IP','{\r\n  \"parentId\" : [ \"0\" ],\r\n  \"menuType\" : [ \"M\" ],\r\n  \"menuName\" : [ \"维修管理\" ],\r\n  \"url\" : [ \"\" ],\r\n  \"target\" : [ \"menuItem\" ],\r\n  \"perms\" : [ \"\" ],\r\n  \"orderNum\" : [ \"5\" ],\r\n  \"icon\" : [ \"fa fa-wrench\" ],\r\n  \"visible\" : [ \"0\" ]\r\n}','{\r\n  \"msg\" : \"操作成功\",\r\n  \"code\" : 0\r\n}',0,NULL,'2020-03-11 08:54:38'),(445,'设备分类',2,'com.sctech.web.controller.equipment.EquClassController.editSave()','POST',1,'admin','设备管理部门','/equipment/equclass/edit','127.0.0.1','内网IP','{\r\n  \"classId\" : [ \"9\" ],\r\n  \"parentId\" : [ \"5\" ],\r\n  \"parentName\" : [ \"机电运行设备\" ],\r\n  \"className\" : [ \"空调\" ],\r\n  \"classCode\" : [ \"A01\" ],\r\n  \"orderNum\" : [ \"0\" ],\r\n  \"remark\" : [ \"\" ],\r\n  \"status\" : [ \"1\" ]\r\n}','{\r\n  \"msg\" : \"操作成功\",\r\n  \"code\" : 0\r\n}',0,NULL,'2020-03-11 09:21:27'),(446,'设备分类',2,'com.sctech.web.controller.equipment.EquClassController.editSave()','POST',1,'admin','设备管理部门','/equipment/equclass/edit','127.0.0.1','内网IP','{\r\n  \"classId\" : [ \"9\" ],\r\n  \"parentId\" : [ \"5\" ],\r\n  \"parentName\" : [ \"机电运行设备\" ],\r\n  \"className\" : [ \"空调\" ],\r\n  \"classCode\" : [ \"A01\" ],\r\n  \"orderNum\" : [ \"0\" ],\r\n  \"remark\" : [ \"\" ],\r\n  \"status\" : [ \"0\" ]\r\n}','{\r\n  \"msg\" : \"操作成功\",\r\n  \"code\" : 0\r\n}',0,NULL,'2020-03-11 09:21:32'),(447,'设备所在区域',2,'com.sctech.web.controller.equipment.EquAreaController.editSave()','POST',1,'admin','设备管理部门','/equipment/equarea/edit','127.0.0.1','内网IP','{\r\n  \"areaId\" : [ \"3\" ],\r\n  \"parentId\" : [ \"2\" ],\r\n  \"parentName\" : [ \"A幢\" ],\r\n  \"areaName\" : [ \"一楼\" ],\r\n  \"areaCode\" : [ \"0A1\" ],\r\n  \"areaType\" : [ \"1\" ],\r\n  \"orderNum\" : [ \"0\" ],\r\n  \"status\" : [ \"1\" ]\r\n}','{\r\n  \"msg\" : \"操作成功\",\r\n  \"code\" : 0\r\n}',0,NULL,'2020-03-11 09:24:39'),(448,'设备所在区域',2,'com.sctech.web.controller.equipment.EquAreaController.editSave()','POST',1,'admin','设备管理部门','/equipment/equarea/edit','127.0.0.1','内网IP','{\r\n  \"areaId\" : [ \"3\" ],\r\n  \"parentId\" : [ \"2\" ],\r\n  \"parentName\" : [ \"A幢\" ],\r\n  \"areaName\" : [ \"一楼\" ],\r\n  \"areaCode\" : [ \"0A1\" ],\r\n  \"areaType\" : [ \"1\" ],\r\n  \"orderNum\" : [ \"0\" ],\r\n  \"status\" : [ \"0\" ]\r\n}','{\r\n  \"msg\" : \"操作成功\",\r\n  \"code\" : 0\r\n}',0,NULL,'2020-03-11 09:24:43'),(449,'维修班组',1,'com.sctech.web.controller.equipment.SerTeamController.addSave()','POST',1,'admin','设备管理部门','/equipment/serteam/add','127.0.0.1','内网IP','{\r\n  \"status\" : [ \"0\" ]\r\n}','{\r\n  \"msg\" : \"操作成功\",\r\n  \"code\" : 0\r\n}',0,NULL,'2020-03-11 10:03:31'),(450,'维修班组',1,'com.sctech.web.controller.equipment.SerTeamController.addSave()','POST',1,'admin','设备管理部门','/equipment/serteam/add','127.0.0.1','内网IP','{\r\n  \"parentId\" : [ \"\", \"\" ],\r\n  \"teamName\" : [ \"维修班组\" ],\r\n  \"teamCode\" : [ \"0\" ],\r\n  \"orderNum\" : [ \"0\" ],\r\n  \"remark\" : [ \"\" ],\r\n  \"status\" : [ \"0\" ]\r\n}','{\r\n  \"msg\" : \"操作成功\",\r\n  \"code\" : 0\r\n}',0,NULL,'2020-03-11 10:07:05'),(451,'维修班组',1,'com.sctech.web.controller.equipment.SerTeamController.addSave()','POST',1,'admin','设备管理部门','/equipment/serteam/add','127.0.0.1','内网IP','{\r\n  \"parentId\" : [ \"1\" ],\r\n  \"teamName\" : [ \"总务科\" ],\r\n  \"teamCode\" : [ \"zmk\" ],\r\n  \"deptId\" : [ \"101\" ],\r\n  \"orderNum\" : [ \"0\" ],\r\n  \"remark\" : [ \"\" ],\r\n  \"status\" : [ \"0\" ]\r\n}','{\r\n  \"msg\" : \"操作成功\",\r\n  \"code\" : 0\r\n}',0,NULL,'2020-03-11 10:24:06'),(452,'维修班组',1,'com.sctech.web.controller.equipment.SerTeamController.addSave()','POST',1,'admin','设备管理部门','/equipment/serteam/add','127.0.0.1','内网IP','{\r\n  \"parentId\" : [ \"2\" ],\r\n  \"teamName\" : [ \"维修中心\" ],\r\n  \"teamCode\" : [ \"zmk01\" ],\r\n  \"deptId\" : [ \"101\" ],\r\n  \"orderNum\" : [ \"0\" ],\r\n  \"remark\" : [ \"\" ],\r\n  \"status\" : [ \"0\" ]\r\n}','{\r\n  \"msg\" : \"操作成功\",\r\n  \"code\" : 0\r\n}',0,NULL,'2020-03-11 10:28:36'),(453,'维修班组',1,'com.sctech.web.controller.equipment.SerTeamController.addSave()','POST',1,'admin','设备管理部门','/equipment/serteam/add','127.0.0.1','内网IP','{\r\n  \"parentId\" : [ \"2\" ],\r\n  \"teamName\" : [ \"总机室\" ],\r\n  \"teamCode\" : [ \"zmk02\" ],\r\n  \"deptId\" : [ \"101\" ],\r\n  \"orderNum\" : [ \"1\" ],\r\n  \"remark\" : [ \"\" ],\r\n  \"status\" : [ \"0\" ]\r\n}','{\r\n  \"msg\" : \"操作成功\",\r\n  \"code\" : 0\r\n}',0,NULL,'2020-03-11 10:28:59'),(454,'维修班组',2,'com.sctech.web.controller.equipment.SerTeamController.editSave()','POST',1,'admin','设备管理部门','/equipment/serteam/edit','127.0.0.1','内网IP','{\r\n  \"teamId\" : [ \"4\" ],\r\n  \"parentId\" : [ \"2\" ],\r\n  \"parentName\" : [ \"总务科\" ],\r\n  \"teamName\" : [ \"总机室\" ],\r\n  \"teamCode\" : [ \"zmk02\" ],\r\n  \"deptId\" : [ \"101\" ],\r\n  \"deptName\" : [ \"设备管理部门\" ],\r\n  \"orderNum\" : [ \"1\" ],\r\n  \"remark\" : [ \"\" ],\r\n  \"status\" : [ \"1\" ]\r\n}','{\r\n  \"msg\" : \"操作成功\",\r\n  \"code\" : 0\r\n}',0,NULL,'2020-03-11 10:29:03'),(455,'维修班组',2,'com.sctech.web.controller.equipment.SerTeamController.editSave()','POST',1,'admin','设备管理部门','/equipment/serteam/edit','127.0.0.1','内网IP','{\r\n  \"teamId\" : [ \"4\" ],\r\n  \"parentId\" : [ \"2\" ],\r\n  \"parentName\" : [ \"总务科\" ],\r\n  \"teamName\" : [ \"总机室\" ],\r\n  \"teamCode\" : [ \"zmk02\" ],\r\n  \"deptId\" : [ \"101\" ],\r\n  \"deptName\" : [ \"设备管理部门\" ],\r\n  \"orderNum\" : [ \"1\" ],\r\n  \"remark\" : [ \"\" ],\r\n  \"status\" : [ \"0\" ]\r\n}','{\r\n  \"msg\" : \"操作成功\",\r\n  \"code\" : 0\r\n}',0,NULL,'2020-03-11 10:29:10'),(456,'维修班组',3,'com.sctech.web.controller.equipment.SerTeamController.remove()','GET',1,'admin','设备管理部门','/equipment/serteam/remove/4','127.0.0.1','内网IP','{ }','null',1,'nested exception is org.apache.ibatis.type.TypeException: Could not set parameters for mapping: ParameterMapping{property=\'teamId\', mode=IN, javaType=class java.lang.Long, jdbcType=null, numericScale=null, resultMapId=\'null\', jdbcTypeName=\'null\', expression=\'null\'}. Cause: org.apache.ibatis.type.TypeException: Error setting non null for parameter #2 with JdbcType null . Try setting a different JdbcType for this parameter or a different configuration property. Cause: java.sql.SQLException: Parameter index out of range (2 > number of parameters, which is 1).','2020-03-11 10:29:16'),(457,'设备所在区域',1,'com.sctech.web.controller.equipment.EquAreaController.addSave()','POST',1,'admin','设备管理部门','/equipment/equarea/add','127.0.0.1','内网IP','{\r\n  \"parentId\" : [ \"2\" ],\r\n  \"areaName\" : [ \"二楼\" ],\r\n  \"areaCode\" : [ \"0A2\" ],\r\n  \"areaType\" : [ \"1\" ],\r\n  \"orderNum\" : [ \"1\" ],\r\n  \"remark\" : [ \"\" ],\r\n  \"status\" : [ \"0\" ]\r\n}','{\r\n  \"msg\" : \"操作成功\",\r\n  \"code\" : 0\r\n}',0,NULL,'2020-03-11 10:30:12'),(458,'设备所在区域',3,'com.sctech.web.controller.equipment.EquAreaController.remove()','GET',1,'admin','设备管理部门','/equipment/equarea/remove/4','127.0.0.1','内网IP','{ }','{\r\n  \"msg\" : \"操作成功\",\r\n  \"code\" : 0\r\n}',0,NULL,'2020-03-11 10:30:14'),(459,'维修班组',3,'com.sctech.web.controller.equipment.SerTeamController.remove()','GET',1,'admin','设备管理部门','/equipment/serteam/remove/4','127.0.0.1','内网IP','{ }','{\r\n  \"msg\" : \"操作成功\",\r\n  \"code\" : 0\r\n}',0,NULL,'2020-03-11 10:31:15'),(460,'维修班组管理',2,'com.sctech.web.controller.equipment.SerTeamController.changeStatus()','POST',1,'admin','设备管理部门','/equipment/serteam/changeStatus','127.0.0.1','内网IP','{\r\n  \"teamId\" : [ \"3\" ],\r\n  \"status\" : [ \"1\" ]\r\n}','{\r\n  \"msg\" : \"操作成功\",\r\n  \"code\" : 0\r\n}',0,NULL,'2020-03-11 10:54:13'),(461,'维修班组管理',2,'com.sctech.web.controller.equipment.SerTeamController.changeStatus()','POST',1,'admin','设备管理部门','/equipment/serteam/changeStatus','127.0.0.1','内网IP','{\r\n  \"teamId\" : [ \"3\" ],\r\n  \"status\" : [ \"0\" ]\r\n}','{\r\n  \"msg\" : \"操作成功\",\r\n  \"code\" : 0\r\n}',0,NULL,'2020-03-11 10:54:15'),(462,'代码生成',6,'com.sctech.generator.controller.GenController.importTableSave()','POST',1,'admin','设备管理部门','/tool/gen/importTable','127.0.0.1','内网IP','{\r\n  \"tables\" : [ \"ser_staff\" ]\r\n}','{\r\n  \"msg\" : \"操作成功\",\r\n  \"code\" : 0\r\n}',0,NULL,'2020-03-11 11:18:54'),(463,'代码生成',2,'com.sctech.generator.controller.GenController.editSave()','POST',1,'admin','设备管理部门','/tool/gen/edit','127.0.0.1','内网IP','{\r\n  \"tableId\" : [ \"13\" ],\r\n  \"tableName\" : [ \"ser_staff\" ],\r\n  \"tableComment\" : [ \"维修人员表\" ],\r\n  \"className\" : [ \"SerStaff\" ],\r\n  \"functionAuthor\" : [ \"SCTech\" ],\r\n  \"remark\" : [ \"\" ],\r\n  \"columns[0].columnId\" : [ \"165\" ],\r\n  \"columns[0].sort\" : [ \"1\" ],\r\n  \"columns[0].columnComment\" : [ \"ID 主键\" ],\r\n  \"columns[0].javaType\" : [ \"Long\" ],\r\n  \"columns[0].javaField\" : [ \"staffId\" ],\r\n  \"columns[0].isInsert\" : [ \"1\" ],\r\n  \"columns[0].queryType\" : [ \"EQ\" ],\r\n  \"columns[0].htmlType\" : [ \"input\" ],\r\n  \"columns[0].dictType\" : [ \"\" ],\r\n  \"columns[1].columnId\" : [ \"166\" ],\r\n  \"columns[1].sort\" : [ \"2\" ],\r\n  \"columns[1].columnComment\" : [ \"Guid\" ],\r\n  \"columns[1].javaType\" : [ \"String\" ],\r\n  \"columns[1].javaField\" : [ \"staffGuid\" ],\r\n  \"columns[1].isInsert\" : [ \"1\" ],\r\n  \"columns[1].isEdit\" : [ \"1\" ],\r\n  \"columns[1].queryType\" : [ \"EQ\" ],\r\n  \"columns[1].htmlType\" : [ \"input\" ],\r\n  \"columns[1].dictType\" : [ \"\" ],\r\n  \"columns[2].columnId\" : [ \"167\" ],\r\n  \"columns[2].sort\" : [ \"3\" ],\r\n  \"columns[2].columnComment\" : [ \"维修人员 用户表主键\" ],\r\n  \"columns[2].javaType\" : [ \"Long\" ],\r\n  \"columns[2].javaField\" : [ \"userId\" ],\r\n  \"columns[2].isInsert\" : [ \"1\" ],\r\n  \"columns[2].isEdit\" : [ \"1\" ],\r\n  \"columns[2].isList\" : [ \"1\" ],\r\n  \"columns[2].isQuery\" : [ \"1\" ],\r\n  \"columns[2].queryType\" : [ \"EQ\" ],\r\n  \"columns[2].htmlType\" : [ \"input\" ],\r\n  \"columns[2].dictType\" : [ \"\" ],\r\n  \"columns[3].columnId\" : [ \"168\" ],\r\n  \"columns[3].sort\" : [ \"4\" ],\r\n  \"columns[3].columnComment\" : [ \"维修班组 维修班组表主键\" ],\r\n  \"columns[3].javaType\" : [ \"Long\" ],\r\n  \"columns[3].javaField\" : [ \"teamId\" ],\r\n  \"columns[3].isInsert\" : [ \"1\" ],\r\n  \"columns[3].isEdit\" : [ \"1\" ],\r\n  \"columns[3].isList\" : [ \"1\" ],\r\n  \"columns[3].queryType\" : [ \"EQ\" ],\r\n  \"columns[3].htmlType\" : [ \"input\" ],\r\n  \"columns[3].dictType\" : [ \"\" ],\r\n  \"columns[4].columnId\" : [ \"169\" ],\r\n  \"columns[4].sort\" : [ \"5\" ],\r\n  \"columns[4].columnComment\" : [ \"岗位\" ],\r\n  \"columns[4].javaType\" : [ \"String\" ],\r\n  \"columns[4].javaField\" : [ \"postId\" ],\r\n  \"columns[4].isI','{\r\n  \"msg\" : \"操作成功\",\r\n  \"code\" : 0\r\n}',0,NULL,'2020-03-11 11:19:45'),(464,'代码生成',8,'com.sctech.generator.controller.GenController.genCode()','GET',1,'admin','设备管理部门','/tool/gen/genCode/ser_staff','127.0.0.1','内网IP','{ }','null',0,NULL,'2020-03-11 11:20:56'),(465,'字典类型',1,'com.sctech.web.controller.system.SysDictTypeController.addSave()','POST',1,'admin','设备管理部门','/system/dict/add','127.0.0.1','内网IP','{\r\n  \"dictName\" : [ \"维修人员岗位\" ],\r\n  \"dictType\" : [ \"staff_post_type\" ],\r\n  \"status\" : [ \"0\" ],\r\n  \"remark\" : [ \"维修人员岗位列表\" ]\r\n}','{\r\n  \"msg\" : \"操作成功\",\r\n  \"code\" : 0\r\n}',0,NULL,'2020-03-11 13:05:29'),(466,'字典数据',1,'com.sctech.web.controller.system.SysDictDataController.addSave()','POST',1,'admin','设备管理部门','/system/dict/data/add','127.0.0.1','内网IP','{\r\n  \"dictLabel\" : [ \"组员\" ],\r\n  \"dictValue\" : [ \"0\" ],\r\n  \"dictType\" : [ \"staff_post_type\" ],\r\n  \"cssClass\" : [ \"\" ],\r\n  \"dictSort\" : [ \"0\" ],\r\n  \"listClass\" : [ \"\" ],\r\n  \"isDefault\" : [ \"Y\" ],\r\n  \"status\" : [ \"0\" ],\r\n  \"remark\" : [ \"\" ]\r\n}','{\r\n  \"msg\" : \"操作成功\",\r\n  \"code\" : 0\r\n}',0,NULL,'2020-03-11 13:06:20'),(467,'字典数据',1,'com.sctech.web.controller.system.SysDictDataController.addSave()','POST',1,'admin','设备管理部门','/system/dict/data/add','127.0.0.1','内网IP','{\r\n  \"dictLabel\" : [ \"组长\" ],\r\n  \"dictValue\" : [ \"1\" ],\r\n  \"dictType\" : [ \"staff_post_type\" ],\r\n  \"cssClass\" : [ \"\" ],\r\n  \"dictSort\" : [ \"1\" ],\r\n  \"listClass\" : [ \"\" ],\r\n  \"isDefault\" : [ \"N\" ],\r\n  \"status\" : [ \"0\" ],\r\n  \"remark\" : [ \"\" ]\r\n}','{\r\n  \"msg\" : \"操作成功\",\r\n  \"code\" : 0\r\n}',0,NULL,'2020-03-11 13:06:40'),(468,'字典数据',2,'com.sctech.web.controller.system.SysDictDataController.editSave()','POST',1,'admin','设备管理部门','/system/dict/data/edit','127.0.0.1','内网IP','{\r\n  \"dictCode\" : [ \"130\" ],\r\n  \"dictLabel\" : [ \"组员\" ],\r\n  \"dictValue\" : [ \"0\" ],\r\n  \"dictType\" : [ \"staff_post_type\" ],\r\n  \"cssClass\" : [ \"\" ],\r\n  \"dictSort\" : [ \"0\" ],\r\n  \"listClass\" : [ \"default\" ],\r\n  \"isDefault\" : [ \"Y\" ],\r\n  \"status\" : [ \"0\" ],\r\n  \"remark\" : [ \"\" ]\r\n}','{\r\n  \"msg\" : \"操作成功\",\r\n  \"code\" : 0\r\n}',0,NULL,'2020-03-11 13:07:41'),(469,'字典数据',2,'com.sctech.web.controller.system.SysDictDataController.editSave()','POST',1,'admin','设备管理部门','/system/dict/data/edit','127.0.0.1','内网IP','{\r\n  \"dictCode\" : [ \"131\" ],\r\n  \"dictLabel\" : [ \"组长\" ],\r\n  \"dictValue\" : [ \"1\" ],\r\n  \"dictType\" : [ \"staff_post_type\" ],\r\n  \"cssClass\" : [ \"\" ],\r\n  \"dictSort\" : [ \"1\" ],\r\n  \"listClass\" : [ \"primary\" ],\r\n  \"isDefault\" : [ \"N\" ],\r\n  \"status\" : [ \"0\" ],\r\n  \"remark\" : [ \"\" ]\r\n}','{\r\n  \"msg\" : \"操作成功\",\r\n  \"code\" : 0\r\n}',0,NULL,'2020-03-11 13:07:45'),(470,'字典数据',2,'com.sctech.web.controller.system.SysDictDataController.editSave()','POST',1,'admin','设备管理部门','/system/dict/data/edit','127.0.0.1','内网IP','{\r\n  \"dictCode\" : [ \"130\" ],\r\n  \"dictLabel\" : [ \"组员\" ],\r\n  \"dictValue\" : [ \"0\" ],\r\n  \"dictType\" : [ \"staff_post_type\" ],\r\n  \"cssClass\" : [ \"\" ],\r\n  \"dictSort\" : [ \"0\" ],\r\n  \"listClass\" : [ \"default\" ],\r\n  \"isDefault\" : [ \"Y\" ],\r\n  \"status\" : [ \"0\" ],\r\n  \"remark\" : [ \"\" ]\r\n}','{\r\n  \"msg\" : \"操作成功\",\r\n  \"code\" : 0\r\n}',0,NULL,'2020-03-11 13:07:48'),(471,'设备档案',2,'com.sctech.web.controller.equipment.EquCardController.editSave()','POST',1,'admin','设备管理部门','/equipment/equcard/edit','127.0.0.1','内网IP','{\r\n  \"equId\" : [ \"7\" ],\r\n  \"classId\" : [ \"9\" ],\r\n  \"deptId\" : [ \"101\" ],\r\n  \"areaId\" : [ \"3\" ],\r\n  \"supplierId\" : [ \"1\" ],\r\n  \"contractId\" : [ \"1\" ],\r\n  \"equName\" : [ \"挂式空调\" ],\r\n  \"className\" : [ \"空调\" ],\r\n  \"equCount\" : [ \"6.0\" ],\r\n  \"equSprice\" : [ \"2500.0\" ],\r\n  \"contractName\" : [ \"合同名称\" ],\r\n  \"supplierName\" : [ \"浙江源创建筑智能科技有限公司\" ],\r\n  \"equBrand\" : [ \"海尔\" ],\r\n  \"equParam\" : [ \"2P\" ],\r\n  \"deptName\" : [ \"设备管理部门\" ],\r\n  \"equAdmin\" : [ \"\" ],\r\n  \"equTime\" : [ \"2020-03-01\" ],\r\n  \"equYear\" : [ \"6\" ],\r\n  \"areaName\" : [ \"一楼\" ],\r\n  \"equAttribute\" : [ \"0\" ],\r\n  \"equStatus\" : [ \"0\" ],\r\n  \"remark\" : [ \"无\" ]\r\n}','{\r\n  \"msg\" : \"操作成功\",\r\n  \"code\" : 0\r\n}',0,NULL,'2020-03-11 14:02:51'),(472,'用户管理',1,'com.sctech.web.controller.system.SysUserController.addSave()','POST',1,'admin','设备管理部门','/system/user/add','127.0.0.1','内网IP','{\r\n  \"deptId\" : [ \"101\" ],\r\n  \"userName\" : [ \"维修人员A\" ],\r\n  \"deptName\" : [ \"设备管理部门\" ],\r\n  \"phonenumber\" : [ \"15756565656\" ],\r\n  \"email\" : [ \"15756565656@163.com\" ],\r\n  \"loginName\" : [ \"wxrya\" ],\r\n  \"password\" : [ \"123456\" ],\r\n  \"sex\" : [ \"0\" ],\r\n  \"role\" : [ \"2\" ],\r\n  \"remark\" : [ \"\" ],\r\n  \"status\" : [ \"0\" ],\r\n  \"roleIds\" : [ \"2\" ],\r\n  \"postIds\" : [ \"\" ]\r\n}','{\r\n  \"msg\" : \"操作成功\",\r\n  \"code\" : 0\r\n}',0,NULL,'2020-03-11 14:07:49'),(473,'维修人员',1,'com.sctech.web.controller.equipment.SerStaffController.addSave()','POST',1,'admin','设备管理部门','/equipment/serstaff/add','127.0.0.1','内网IP','{\r\n  \"userId\" : [ \"100\" ],\r\n  \"teamId\" : [ \"3\" ],\r\n  \"staffPost\" : [ \"0\" ],\r\n  \"remark\" : [ \"\" ]\r\n}','{\r\n  \"msg\" : \"操作成功\",\r\n  \"code\" : 0\r\n}',0,NULL,'2020-03-11 14:08:18'),(474,'维修人员',2,'com.sctech.web.controller.equipment.SerStaffController.editSave()','POST',1,'admin','设备管理部门','/equipment/serstaff/edit','127.0.0.1','内网IP','{\r\n  \"staffId\" : [ \"1\" ],\r\n  \"userId\" : [ \"100\" ],\r\n  \"userName\" : [ \"维修人员A\" ],\r\n  \"teamId\" : [ \"3\" ],\r\n  \"teamName\" : [ \"维修中心\" ],\r\n  \"staffPost\" : [ \"1\" ],\r\n  \"remark\" : [ \"\" ]\r\n}','{\r\n  \"msg\" : \"操作成功\",\r\n  \"code\" : 0\r\n}',0,NULL,'2020-03-11 14:12:03'),(475,'维修人员',2,'com.sctech.web.controller.equipment.SerStaffController.editSave()','POST',1,'admin','设备管理部门','/equipment/serstaff/edit','127.0.0.1','内网IP','{\r\n  \"staffId\" : [ \"1\" ],\r\n  \"userId\" : [ \"100\" ],\r\n  \"userName\" : [ \"维修人员A\" ],\r\n  \"teamId\" : [ \"3\" ],\r\n  \"teamName\" : [ \"维修中心\" ],\r\n  \"staffPost\" : [ \"0\" ],\r\n  \"remark\" : [ \"\" ]\r\n}','{\r\n  \"msg\" : \"操作成功\",\r\n  \"code\" : 0\r\n}',0,NULL,'2020-03-11 14:12:40'),(476,'维修人员',2,'com.sctech.web.controller.equipment.SerStaffController.editSave()','POST',1,'admin','设备管理部门','/equipment/serstaff/edit','127.0.0.1','内网IP','{\r\n  \"staffId\" : [ \"1\" ],\r\n  \"userId\" : [ \"100\" ],\r\n  \"userName\" : [ \"维修人员A\" ],\r\n  \"teamId\" : [ \"3\" ],\r\n  \"teamName\" : [ \"维修中心\" ],\r\n  \"staffPost\" : [ \"1\" ],\r\n  \"remark\" : [ \"\" ]\r\n}','{\r\n  \"msg\" : \"操作成功\",\r\n  \"code\" : 0\r\n}',0,NULL,'2020-03-11 14:12:52'),(477,'字典数据',2,'com.sctech.web.controller.system.SysDictDataController.editSave()','POST',1,'admin','设备管理部门','/system/dict/data/edit','127.0.0.1','内网IP','{\r\n  \"dictCode\" : [ \"131\" ],\r\n  \"dictLabel\" : [ \"组长\" ],\r\n  \"dictValue\" : [ \"1\" ],\r\n  \"dictType\" : [ \"staff_post_type\" ],\r\n  \"cssClass\" : [ \"\" ],\r\n  \"dictSort\" : [ \"1\" ],\r\n  \"listClass\" : [ \"success\" ],\r\n  \"isDefault\" : [ \"N\" ],\r\n  \"status\" : [ \"0\" ],\r\n  \"remark\" : [ \"\" ]\r\n}','{\r\n  \"msg\" : \"操作成功\",\r\n  \"code\" : 0\r\n}',0,NULL,'2020-03-11 14:13:05'),(478,'字典数据',2,'com.sctech.web.controller.system.SysDictDataController.editSave()','POST',1,'admin','设备管理部门','/system/dict/data/edit','127.0.0.1','内网IP','{\r\n  \"dictCode\" : [ \"130\" ],\r\n  \"dictLabel\" : [ \"组员\" ],\r\n  \"dictValue\" : [ \"0\" ],\r\n  \"dictType\" : [ \"staff_post_type\" ],\r\n  \"cssClass\" : [ \"\" ],\r\n  \"dictSort\" : [ \"0\" ],\r\n  \"listClass\" : [ \"primary\" ],\r\n  \"isDefault\" : [ \"Y\" ],\r\n  \"status\" : [ \"0\" ],\r\n  \"remark\" : [ \"\" ]\r\n}','{\r\n  \"msg\" : \"操作成功\",\r\n  \"code\" : 0\r\n}',0,NULL,'2020-03-11 14:13:09'),(479,'字典数据',2,'com.sctech.web.controller.system.SysDictDataController.editSave()','POST',1,'admin','设备管理部门','/system/dict/data/edit','127.0.0.1','内网IP','{\r\n  \"dictCode\" : [ \"131\" ],\r\n  \"dictLabel\" : [ \"组长\" ],\r\n  \"dictValue\" : [ \"1\" ],\r\n  \"dictType\" : [ \"staff_post_type\" ],\r\n  \"cssClass\" : [ \"\" ],\r\n  \"dictSort\" : [ \"1\" ],\r\n  \"listClass\" : [ \"danger\" ],\r\n  \"isDefault\" : [ \"N\" ],\r\n  \"status\" : [ \"0\" ],\r\n  \"remark\" : [ \"\" ]\r\n}','{\r\n  \"msg\" : \"操作成功\",\r\n  \"code\" : 0\r\n}',0,NULL,'2020-03-11 14:13:25'),(480,'维修人员',2,'com.sctech.web.controller.equipment.SerStaffController.editSave()','POST',1,'admin','设备管理部门','/equipment/serstaff/edit','127.0.0.1','内网IP','{\r\n  \"staffId\" : [ \"1\" ],\r\n  \"userId\" : [ \"100\" ],\r\n  \"userName\" : [ \"维修人员A\" ],\r\n  \"teamId\" : [ \"3\" ],\r\n  \"teamName\" : [ \"维修中心\" ],\r\n  \"staffPost\" : [ \"0\" ],\r\n  \"remark\" : [ \"\" ]\r\n}','{\r\n  \"msg\" : \"操作成功\",\r\n  \"code\" : 0\r\n}',0,NULL,'2020-03-11 14:13:32'),(481,'维修班组',1,'com.sctech.web.controller.equipment.SerTeamController.addSave()','POST',1,'admin','设备管理部门','/equipment/serteam/add','127.0.0.1','内网IP','{\r\n  \"parentId\" : [ \"1\" ],\r\n  \"teamName\" : [ \"总机室\" ],\r\n  \"teamCode\" : [ \"zmk02\" ],\r\n  \"deptId\" : [ \"101\" ],\r\n  \"orderNum\" : [ \"1\" ],\r\n  \"remark\" : [ \"\" ],\r\n  \"status\" : [ \"0\" ]\r\n}','{\r\n  \"msg\" : \"操作成功\",\r\n  \"code\" : 0\r\n}',0,NULL,'2020-03-11 14:14:28'),(482,'用户管理',1,'com.sctech.web.controller.system.SysUserController.addSave()','POST',1,'admin','设备管理部门','/system/user/add','127.0.0.1','内网IP','{\r\n  \"deptId\" : [ \"101\" ],\r\n  \"userName\" : [ \"维修人员B\" ],\r\n  \"deptName\" : [ \"设备管理部门\" ],\r\n  \"phonenumber\" : [ \"15889898989\" ],\r\n  \"email\" : [ \"15889898989@163.com\" ],\r\n  \"loginName\" : [ \"wxryb\" ],\r\n  \"password\" : [ \"123456\" ],\r\n  \"sex\" : [ \"0\" ],\r\n  \"remark\" : [ \"\" ],\r\n  \"status\" : [ \"0\" ],\r\n  \"roleIds\" : [ \"\" ],\r\n  \"postIds\" : [ \"\" ]\r\n}','{\r\n  \"msg\" : \"操作成功\",\r\n  \"code\" : 0\r\n}',0,NULL,'2020-03-11 14:17:21'),(483,'维修人员',2,'com.sctech.web.controller.equipment.SerStaffController.editSave()','POST',1,'admin','设备管理部门','/equipment/serstaff/edit','127.0.0.1','内网IP','{\r\n  \"staffId\" : [ \"1\" ],\r\n  \"userId\" : [ \"101\" ],\r\n  \"userName\" : [ \"维修人员B\" ],\r\n  \"teamId\" : [ \"3\" ],\r\n  \"teamName\" : [ \"维修中心\" ],\r\n  \"staffPost\" : [ \"0\" ],\r\n  \"remark\" : [ \"\" ]\r\n}','{\r\n  \"msg\" : \"操作成功\",\r\n  \"code\" : 0\r\n}',0,NULL,'2020-03-11 14:18:36'),(484,'维修人员',2,'com.sctech.web.controller.equipment.SerStaffController.editSave()','POST',1,'admin','设备管理部门','/equipment/serstaff/edit','127.0.0.1','内网IP','{\r\n  \"staffId\" : [ \"1\" ],\r\n  \"userId\" : [ \"101\" ],\r\n  \"userName\" : [ \"维修人员B\" ],\r\n  \"teamId\" : [ \"5\" ],\r\n  \"teamName\" : [ \"总机室\" ],\r\n  \"staffPost\" : [ \"0\" ],\r\n  \"remark\" : [ \"\" ]\r\n}','{\r\n  \"msg\" : \"操作成功\",\r\n  \"code\" : 0\r\n}',0,NULL,'2020-03-11 14:21:07'),(485,'维修人员',2,'com.sctech.web.controller.equipment.SerStaffController.editSave()','POST',1,'admin','设备管理部门','/equipment/serstaff/edit','127.0.0.1','内网IP','{\r\n  \"staffId\" : [ \"1\" ],\r\n  \"userId\" : [ \"101\" ],\r\n  \"userName\" : [ \"维修人员B\" ],\r\n  \"teamId\" : [ \"5\" ],\r\n  \"teamName\" : [ \"总机室\" ],\r\n  \"staffPost\" : [ \"1\" ],\r\n  \"remark\" : [ \"\" ]\r\n}','{\r\n  \"msg\" : \"操作成功\",\r\n  \"code\" : 0\r\n}',0,NULL,'2020-03-11 14:21:12'),(486,'维修人员',2,'com.sctech.web.controller.equipment.SerStaffController.editSave()','POST',1,'admin','设备管理部门','/equipment/serstaff/edit','127.0.0.1','内网IP','{\r\n  \"staffId\" : [ \"1\" ],\r\n  \"userId\" : [ \"100\" ],\r\n  \"userName\" : [ \"维修人员A\" ],\r\n  \"teamId\" : [ \"5\" ],\r\n  \"teamName\" : [ \"总机室\" ],\r\n  \"staffPost\" : [ \"1\" ],\r\n  \"remark\" : [ \"\" ]\r\n}','{\r\n  \"msg\" : \"操作成功\",\r\n  \"code\" : 0\r\n}',0,NULL,'2020-03-11 14:21:25'),(487,'维修人员',3,'com.sctech.web.controller.equipment.SerStaffController.remove()','POST',1,'admin','设备管理部门','/equipment/serstaff/remove','127.0.0.1','内网IP','{\r\n  \"ids\" : [ \"1\" ]\r\n}','{\r\n  \"msg\" : \"操作成功\",\r\n  \"code\" : 0\r\n}',0,NULL,'2020-03-12 08:59:00'),(488,'维修班组',3,'com.sctech.web.controller.equipment.SerTeamController.remove()','GET',1,'admin','设备管理部门','/equipment/serteam/remove/5','127.0.0.1','内网IP','{ }','{\r\n  \"msg\" : \"操作成功\",\r\n  \"code\" : 0\r\n}',0,NULL,'2020-03-12 09:01:41'),(489,'维修班组',3,'com.sctech.web.controller.equipment.SerTeamController.remove()','GET',1,'admin','设备管理部门','/equipment/serteam/remove/3','127.0.0.1','内网IP','{ }','{\r\n  \"msg\" : \"操作成功\",\r\n  \"code\" : 0\r\n}',0,NULL,'2020-03-12 09:01:43'),(490,'部门管理',1,'com.sctech.web.controller.system.SysDeptController.addSave()','POST',1,'admin','设备管理部门','/system/dept/add','127.0.0.1','内网IP','{\r\n  \"parentId\" : [ \"100\" ],\r\n  \"deptName\" : [ \"维修管理部门\" ],\r\n  \"orderNum\" : [ \"3\" ],\r\n  \"leader\" : [ \"\" ],\r\n  \"phone\" : [ \"\" ],\r\n  \"email\" : [ \"\" ],\r\n  \"status\" : [ \"0\" ]\r\n}','{\r\n  \"msg\" : \"操作成功\",\r\n  \"code\" : 0\r\n}',0,NULL,'2020-03-12 09:03:54'),(491,'维修班组',2,'com.sctech.web.controller.equipment.SerTeamController.editSave()','POST',1,'admin','设备管理部门','/equipment/serteam/edit','127.0.0.1','内网IP','{\r\n  \"teamId\" : [ \"2\" ],\r\n  \"parentId\" : [ \"1\" ],\r\n  \"parentName\" : [ \"维修班组\" ],\r\n  \"teamName\" : [ \"维修班组1\" ],\r\n  \"teamCode\" : [ \"bz1\" ],\r\n  \"deptId\" : [ \"201\" ],\r\n  \"deptName\" : [ \"维修管理部门\" ],\r\n  \"orderNum\" : [ \"0\" ],\r\n  \"remark\" : [ \"\" ],\r\n  \"status\" : [ \"0\" ]\r\n}','{\r\n  \"msg\" : \"操作成功\",\r\n  \"code\" : 0\r\n}',0,NULL,'2020-03-12 09:04:17'),(492,'维修班组',1,'com.sctech.web.controller.equipment.SerTeamController.addSave()','POST',1,'admin','设备管理部门','/equipment/serteam/add','127.0.0.1','内网IP','{\r\n  \"parentId\" : [ \"1\" ],\r\n  \"teamName\" : [ \"维修班组2\" ],\r\n  \"teamCode\" : [ \"bz2\" ],\r\n  \"deptId\" : [ \"201\" ],\r\n  \"orderNum\" : [ \"1\" ],\r\n  \"remark\" : [ \"\" ],\r\n  \"status\" : [ \"0\" ]\r\n}','{\r\n  \"msg\" : \"操作成功\",\r\n  \"code\" : 0\r\n}',0,NULL,'2020-03-12 09:04:38'),(493,'维修班组',2,'com.sctech.web.controller.equipment.SerTeamController.editSave()','POST',1,'admin','设备管理部门','/equipment/serteam/edit','127.0.0.1','内网IP','{\r\n  \"teamId\" : [ \"6\" ],\r\n  \"parentId\" : [ \"1\" ],\r\n  \"parentName\" : [ \"维修班组\" ],\r\n  \"teamName\" : [ \"维修班组2\" ],\r\n  \"teamCode\" : [ \"bz2\" ],\r\n  \"deptId\" : [ \"201\" ],\r\n  \"deptName\" : [ \"维修管理部门\" ],\r\n  \"orderNum\" : [ \"2\" ],\r\n  \"remark\" : [ \"\" ],\r\n  \"status\" : [ \"0\" ]\r\n}','{\r\n  \"msg\" : \"操作成功\",\r\n  \"code\" : 0\r\n}',0,NULL,'2020-03-12 09:04:42'),(494,'维修班组',2,'com.sctech.web.controller.equipment.SerTeamController.editSave()','POST',1,'admin','设备管理部门','/equipment/serteam/edit','127.0.0.1','内网IP','{\r\n  \"teamId\" : [ \"2\" ],\r\n  \"parentId\" : [ \"1\" ],\r\n  \"parentName\" : [ \"维修班组\" ],\r\n  \"teamName\" : [ \"维修班组1\" ],\r\n  \"teamCode\" : [ \"bz1\" ],\r\n  \"deptId\" : [ \"201\" ],\r\n  \"deptName\" : [ \"维修管理部门\" ],\r\n  \"orderNum\" : [ \"1\" ],\r\n  \"remark\" : [ \"\" ],\r\n  \"status\" : [ \"0\" ]\r\n}','{\r\n  \"msg\" : \"操作成功\",\r\n  \"code\" : 0\r\n}',0,NULL,'2020-03-12 09:04:45'),(495,'维修班组',1,'com.sctech.web.controller.equipment.SerTeamController.addSave()','POST',1,'admin','设备管理部门','/equipment/serteam/add','127.0.0.1','内网IP','{\r\n  \"parentId\" : [ \"1\" ],\r\n  \"teamName\" : [ \"维修班组3\" ],\r\n  \"teamCode\" : [ \"bz3\" ],\r\n  \"deptId\" : [ \"201\" ],\r\n  \"orderNum\" : [ \"3\" ],\r\n  \"remark\" : [ \"\" ],\r\n  \"status\" : [ \"0\" ]\r\n}','{\r\n  \"msg\" : \"操作成功\",\r\n  \"code\" : 0\r\n}',0,NULL,'2020-03-12 09:05:03'),(496,'用户管理',2,'com.sctech.web.controller.system.SysUserController.editSave()','POST',1,'admin','设备管理部门','/system/user/edit','127.0.0.1','内网IP','{\r\n  \"userId\" : [ \"100\" ],\r\n  \"deptId\" : [ \"201\" ],\r\n  \"userName\" : [ \"维修人员A\" ],\r\n  \"dept.deptName\" : [ \"维修管理部门\" ],\r\n  \"phonenumber\" : [ \"15756565656\" ],\r\n  \"email\" : [ \"15756565656@163.com\" ],\r\n  \"loginName\" : [ \"wxrya\" ],\r\n  \"sex\" : [ \"0\" ],\r\n  \"role\" : [ \"2\" ],\r\n  \"remark\" : [ \"\" ],\r\n  \"status\" : [ \"0\" ],\r\n  \"roleIds\" : [ \"2\" ],\r\n  \"postIds\" : [ \"\" ]\r\n}','{\r\n  \"msg\" : \"操作成功\",\r\n  \"code\" : 0\r\n}',0,NULL,'2020-03-12 09:05:31'),(497,'用户管理',2,'com.sctech.web.controller.system.SysUserController.editSave()','POST',1,'admin','设备管理部门','/system/user/edit','127.0.0.1','内网IP','{\r\n  \"userId\" : [ \"101\" ],\r\n  \"deptId\" : [ \"201\" ],\r\n  \"userName\" : [ \"维修人员B\" ],\r\n  \"dept.deptName\" : [ \"维修管理部门\" ],\r\n  \"phonenumber\" : [ \"15889898989\" ],\r\n  \"email\" : [ \"15889898989@163.com\" ],\r\n  \"loginName\" : [ \"wxryb\" ],\r\n  \"sex\" : [ \"0\" ],\r\n  \"remark\" : [ \"\" ],\r\n  \"status\" : [ \"0\" ],\r\n  \"roleIds\" : [ \"\" ],\r\n  \"postIds\" : [ \"\" ]\r\n}','{\r\n  \"msg\" : \"操作成功\",\r\n  \"code\" : 0\r\n}',0,NULL,'2020-03-12 09:05:39'),(498,'维修人员',1,'com.sctech.web.controller.equipment.SerStaffController.addSave()','POST',1,'admin','设备管理部门','/equipment/serstaff/add','127.0.0.1','内网IP','{\r\n  \"userId\" : [ \"100\" ],\r\n  \"teamId\" : [ \"2\" ],\r\n  \"staffPost\" : [ \"1\" ],\r\n  \"remark\" : [ \"\" ]\r\n}','{\r\n  \"msg\" : \"操作成功\",\r\n  \"code\" : 0\r\n}',0,NULL,'2020-03-12 09:07:32'),(499,'维修人员',1,'com.sctech.web.controller.equipment.SerStaffController.addSave()','POST',1,'admin','设备管理部门','/equipment/serstaff/add','127.0.0.1','内网IP','{\r\n  \"userId\" : [ \"101\" ],\r\n  \"teamId\" : [ \"6\" ],\r\n  \"staffPost\" : [ \"1\" ],\r\n  \"remark\" : [ \"\" ]\r\n}','{\r\n  \"msg\" : \"操作成功\",\r\n  \"code\" : 0\r\n}',0,NULL,'2020-03-12 09:07:56'),(500,'维修人员',2,'com.sctech.web.controller.equipment.SerStaffController.editSave()','POST',1,'admin','设备管理部门','/equipment/serstaff/edit','127.0.0.1','内网IP','{\r\n  \"staffId\" : [ \"3\" ],\r\n  \"userId\" : [ \"101\" ],\r\n  \"userName\" : [ \"维修人员B\" ],\r\n  \"teamId\" : [ \"6\" ],\r\n  \"teamName\" : [ \"维修班组2\" ],\r\n  \"staffPost\" : [ \"0\" ],\r\n  \"remark\" : [ \"\" ]\r\n}','{\r\n  \"msg\" : \"操作成功\",\r\n  \"code\" : 0\r\n}',0,NULL,'2020-03-12 09:08:26'),(501,'维修人员',2,'com.sctech.web.controller.equipment.SerStaffController.editSave()','POST',1,'admin','设备管理部门','/equipment/serstaff/edit','127.0.0.1','内网IP','{\r\n  \"staffId\" : [ \"3\" ],\r\n  \"userId\" : [ \"101\" ],\r\n  \"userName\" : [ \"维修人员B\" ],\r\n  \"teamId\" : [ \"6\" ],\r\n  \"teamName\" : [ \"维修班组2\" ],\r\n  \"staffPost\" : [ \"1\" ],\r\n  \"remark\" : [ \"\" ]\r\n}','{\r\n  \"msg\" : \"操作成功\",\r\n  \"code\" : 0\r\n}',0,NULL,'2020-03-12 09:08:29'),(502,'代码生成',6,'com.sctech.generator.controller.GenController.importTableSave()','POST',1,'admin','设备管理部门','/tool/gen/importTable','127.0.0.1','内网IP','{\r\n  \"tables\" : [ \"ser_class\" ]\r\n}','{\r\n  \"msg\" : \"操作成功\",\r\n  \"code\" : 0\r\n}',0,NULL,'2020-03-12 09:21:15'),(503,'代码生成',2,'com.sctech.generator.controller.GenController.editSave()','POST',1,'admin','设备管理部门','/tool/gen/edit','127.0.0.1','内网IP','{\r\n  \"tableId\" : [ \"14\" ],\r\n  \"tableName\" : [ \"ser_class\" ],\r\n  \"tableComment\" : [ \"维修分类表\" ],\r\n  \"className\" : [ \"SerClass\" ],\r\n  \"functionAuthor\" : [ \"SCTech\" ],\r\n  \"remark\" : [ \"\" ],\r\n  \"columns[0].columnId\" : [ \"176\" ],\r\n  \"columns[0].sort\" : [ \"1\" ],\r\n  \"columns[0].columnComment\" : [ \"ID 主键\" ],\r\n  \"columns[0].javaType\" : [ \"Long\" ],\r\n  \"columns[0].javaField\" : [ \"sclassId\" ],\r\n  \"columns[0].isInsert\" : [ \"1\" ],\r\n  \"columns[0].queryType\" : [ \"EQ\" ],\r\n  \"columns[0].htmlType\" : [ \"input\" ],\r\n  \"columns[0].dictType\" : [ \"\" ],\r\n  \"columns[1].columnId\" : [ \"177\" ],\r\n  \"columns[1].sort\" : [ \"2\" ],\r\n  \"columns[1].columnComment\" : [ \"Guid\" ],\r\n  \"columns[1].javaType\" : [ \"String\" ],\r\n  \"columns[1].javaField\" : [ \"sclassGuid\" ],\r\n  \"columns[1].isInsert\" : [ \"1\" ],\r\n  \"columns[1].isEdit\" : [ \"1\" ],\r\n  \"columns[1].isList\" : [ \"1\" ],\r\n  \"columns[1].isQuery\" : [ \"1\" ],\r\n  \"columns[1].queryType\" : [ \"EQ\" ],\r\n  \"columns[1].isRequired\" : [ \"1\" ],\r\n  \"columns[1].htmlType\" : [ \"input\" ],\r\n  \"columns[1].dictType\" : [ \"\" ],\r\n  \"columns[2].columnId\" : [ \"178\" ],\r\n  \"columns[2].sort\" : [ \"3\" ],\r\n  \"columns[2].columnComment\" : [ \"分类编码\" ],\r\n  \"columns[2].javaType\" : [ \"String\" ],\r\n  \"columns[2].javaField\" : [ \"sclassCode\" ],\r\n  \"columns[2].isInsert\" : [ \"1\" ],\r\n  \"columns[2].isEdit\" : [ \"1\" ],\r\n  \"columns[2].isList\" : [ \"1\" ],\r\n  \"columns[2].isQuery\" : [ \"1\" ],\r\n  \"columns[2].queryType\" : [ \"EQ\" ],\r\n  \"columns[2].htmlType\" : [ \"input\" ],\r\n  \"columns[2].dictType\" : [ \"\" ],\r\n  \"columns[3].columnId\" : [ \"179\" ],\r\n  \"columns[3].sort\" : [ \"4\" ],\r\n  \"columns[3].columnComment\" : [ \"分类名称\" ],\r\n  \"columns[3].javaType\" : [ \"String\" ],\r\n  \"columns[3].javaField\" : [ \"sclassName\" ],\r\n  \"columns[3].isInsert\" : [ \"1\" ],\r\n  \"columns[3].isEdit\" : [ \"1\" ],\r\n  \"columns[3].isList\" : [ \"1\" ],\r\n  \"columns[3].isQuery\" : [ \"1\" ],\r\n  \"columns[3].queryType\" : [ \"LIKE\" ],\r\n  \"columns[3].htmlType\" : [ \"input\" ],\r\n  \"columns[3].dictType\" : [ \"\" ],\r\n  \"columns[4].columnId\" : [ \"180\" ],\r\n  \"columns[4].sort\" : [ \"5\" ],','{\r\n  \"msg\" : \"操作成功\",\r\n  \"code\" : 0\r\n}',0,NULL,'2020-03-12 09:21:47'),(504,'代码生成',2,'com.sctech.generator.controller.GenController.editSave()','POST',1,'admin','设备管理部门','/tool/gen/edit','127.0.0.1','内网IP','{\r\n  \"tableId\" : [ \"14\" ],\r\n  \"tableName\" : [ \"ser_class\" ],\r\n  \"tableComment\" : [ \"维修分类表\" ],\r\n  \"className\" : [ \"SerClass\" ],\r\n  \"functionAuthor\" : [ \"SCTech\" ],\r\n  \"remark\" : [ \"\" ],\r\n  \"columns[0].columnId\" : [ \"176\" ],\r\n  \"columns[0].sort\" : [ \"1\" ],\r\n  \"columns[0].columnComment\" : [ \"ID 主键\" ],\r\n  \"columns[0].javaType\" : [ \"Long\" ],\r\n  \"columns[0].javaField\" : [ \"sclassId\" ],\r\n  \"columns[0].isInsert\" : [ \"1\" ],\r\n  \"columns[0].queryType\" : [ \"EQ\" ],\r\n  \"columns[0].htmlType\" : [ \"input\" ],\r\n  \"columns[0].dictType\" : [ \"\" ],\r\n  \"columns[1].columnId\" : [ \"177\" ],\r\n  \"columns[1].sort\" : [ \"2\" ],\r\n  \"columns[1].columnComment\" : [ \"Guid\" ],\r\n  \"columns[1].javaType\" : [ \"String\" ],\r\n  \"columns[1].javaField\" : [ \"sclassGuid\" ],\r\n  \"columns[1].isInsert\" : [ \"1\" ],\r\n  \"columns[1].queryType\" : [ \"EQ\" ],\r\n  \"columns[1].isRequired\" : [ \"1\" ],\r\n  \"columns[1].htmlType\" : [ \"input\" ],\r\n  \"columns[1].dictType\" : [ \"\" ],\r\n  \"columns[2].columnId\" : [ \"178\" ],\r\n  \"columns[2].sort\" : [ \"3\" ],\r\n  \"columns[2].columnComment\" : [ \"分类编码\" ],\r\n  \"columns[2].javaType\" : [ \"String\" ],\r\n  \"columns[2].javaField\" : [ \"sclassCode\" ],\r\n  \"columns[2].isInsert\" : [ \"1\" ],\r\n  \"columns[2].isEdit\" : [ \"1\" ],\r\n  \"columns[2].isList\" : [ \"1\" ],\r\n  \"columns[2].isQuery\" : [ \"1\" ],\r\n  \"columns[2].queryType\" : [ \"LIKE\" ],\r\n  \"columns[2].htmlType\" : [ \"input\" ],\r\n  \"columns[2].dictType\" : [ \"\" ],\r\n  \"columns[3].columnId\" : [ \"179\" ],\r\n  \"columns[3].sort\" : [ \"4\" ],\r\n  \"columns[3].columnComment\" : [ \"分类名称\" ],\r\n  \"columns[3].javaType\" : [ \"String\" ],\r\n  \"columns[3].javaField\" : [ \"sclassName\" ],\r\n  \"columns[3].isInsert\" : [ \"1\" ],\r\n  \"columns[3].isEdit\" : [ \"1\" ],\r\n  \"columns[3].isList\" : [ \"1\" ],\r\n  \"columns[3].isQuery\" : [ \"1\" ],\r\n  \"columns[3].queryType\" : [ \"LIKE\" ],\r\n  \"columns[3].htmlType\" : [ \"input\" ],\r\n  \"columns[3].dictType\" : [ \"\" ],\r\n  \"columns[4].columnId\" : [ \"180\" ],\r\n  \"columns[4].sort\" : [ \"5\" ],\r\n  \"columns[4].columnComment\" : [ \"完成时间\" ],\r\n  \"columns[4].javaType\" : [ \"Long\" ],\r\n  \"columns[4].ja','{\r\n  \"msg\" : \"操作成功\",\r\n  \"code\" : 0\r\n}',0,NULL,'2020-03-12 09:22:59'),(505,'字典类型',1,'com.sctech.web.controller.system.SysDictTypeController.addSave()','POST',1,'admin','设备管理部门','/system/dict/add','127.0.0.1','内网IP','{\r\n  \"dictName\" : [ \"维修分类紧急程度\" ],\r\n  \"dictType\" : [ \"ser_emergency_type\" ],\r\n  \"status\" : [ \"0\" ],\r\n  \"remark\" : [ \"\" ]\r\n}','{\r\n  \"msg\" : \"操作成功\",\r\n  \"code\" : 0\r\n}',0,NULL,'2020-03-12 09:23:50'),(506,'字典数据',1,'com.sctech.web.controller.system.SysDictDataController.addSave()','POST',1,'admin','设备管理部门','/system/dict/data/add','127.0.0.1','内网IP','{\r\n  \"dictLabel\" : [ \"一般\" ],\r\n  \"dictValue\" : [ \"0\" ],\r\n  \"dictType\" : [ \"ser_emergency_type\" ],\r\n  \"cssClass\" : [ \"\" ],\r\n  \"dictSort\" : [ \"0\" ],\r\n  \"listClass\" : [ \"primary\" ],\r\n  \"isDefault\" : [ \"Y\" ],\r\n  \"status\" : [ \"0\" ],\r\n  \"remark\" : [ \"\" ]\r\n}','{\r\n  \"msg\" : \"操作成功\",\r\n  \"code\" : 0\r\n}',0,NULL,'2020-03-12 09:24:45'),(507,'字典数据',1,'com.sctech.web.controller.system.SysDictDataController.addSave()','POST',1,'admin','设备管理部门','/system/dict/data/add','127.0.0.1','内网IP','{\r\n  \"dictLabel\" : [ \"紧急\" ],\r\n  \"dictValue\" : [ \"1\" ],\r\n  \"dictType\" : [ \"ser_emergency_type\" ],\r\n  \"cssClass\" : [ \"\" ],\r\n  \"dictSort\" : [ \"1\" ],\r\n  \"listClass\" : [ \"danger\" ],\r\n  \"isDefault\" : [ \"N\" ],\r\n  \"status\" : [ \"0\" ],\r\n  \"remark\" : [ \"\" ]\r\n}','{\r\n  \"msg\" : \"操作成功\",\r\n  \"code\" : 0\r\n}',0,NULL,'2020-03-12 09:24:59'),(508,'代码生成',2,'com.sctech.generator.controller.GenController.editSave()','POST',1,'admin','设备管理部门','/tool/gen/edit','127.0.0.1','内网IP','{\r\n  \"tableId\" : [ \"14\" ],\r\n  \"tableName\" : [ \"ser_class\" ],\r\n  \"tableComment\" : [ \"维修分类表\" ],\r\n  \"className\" : [ \"SerClass\" ],\r\n  \"functionAuthor\" : [ \"SCTech\" ],\r\n  \"remark\" : [ \"\" ],\r\n  \"columns[0].columnId\" : [ \"176\" ],\r\n  \"columns[0].sort\" : [ \"1\" ],\r\n  \"columns[0].columnComment\" : [ \"ID 主键\" ],\r\n  \"columns[0].javaType\" : [ \"Long\" ],\r\n  \"columns[0].javaField\" : [ \"sclassId\" ],\r\n  \"columns[0].isInsert\" : [ \"1\" ],\r\n  \"columns[0].queryType\" : [ \"EQ\" ],\r\n  \"columns[0].htmlType\" : [ \"input\" ],\r\n  \"columns[0].dictType\" : [ \"\" ],\r\n  \"columns[1].columnId\" : [ \"177\" ],\r\n  \"columns[1].sort\" : [ \"2\" ],\r\n  \"columns[1].columnComment\" : [ \"Guid\" ],\r\n  \"columns[1].javaType\" : [ \"String\" ],\r\n  \"columns[1].javaField\" : [ \"sclassGuid\" ],\r\n  \"columns[1].isInsert\" : [ \"1\" ],\r\n  \"columns[1].queryType\" : [ \"EQ\" ],\r\n  \"columns[1].isRequired\" : [ \"1\" ],\r\n  \"columns[1].htmlType\" : [ \"input\" ],\r\n  \"columns[1].dictType\" : [ \"\" ],\r\n  \"columns[2].columnId\" : [ \"178\" ],\r\n  \"columns[2].sort\" : [ \"3\" ],\r\n  \"columns[2].columnComment\" : [ \"分类编码\" ],\r\n  \"columns[2].javaType\" : [ \"String\" ],\r\n  \"columns[2].javaField\" : [ \"sclassCode\" ],\r\n  \"columns[2].isInsert\" : [ \"1\" ],\r\n  \"columns[2].isEdit\" : [ \"1\" ],\r\n  \"columns[2].isList\" : [ \"1\" ],\r\n  \"columns[2].isQuery\" : [ \"1\" ],\r\n  \"columns[2].queryType\" : [ \"LIKE\" ],\r\n  \"columns[2].htmlType\" : [ \"input\" ],\r\n  \"columns[2].dictType\" : [ \"\" ],\r\n  \"columns[3].columnId\" : [ \"179\" ],\r\n  \"columns[3].sort\" : [ \"4\" ],\r\n  \"columns[3].columnComment\" : [ \"分类名称\" ],\r\n  \"columns[3].javaType\" : [ \"String\" ],\r\n  \"columns[3].javaField\" : [ \"sclassName\" ],\r\n  \"columns[3].isInsert\" : [ \"1\" ],\r\n  \"columns[3].isEdit\" : [ \"1\" ],\r\n  \"columns[3].isList\" : [ \"1\" ],\r\n  \"columns[3].isQuery\" : [ \"1\" ],\r\n  \"columns[3].queryType\" : [ \"LIKE\" ],\r\n  \"columns[3].htmlType\" : [ \"input\" ],\r\n  \"columns[3].dictType\" : [ \"\" ],\r\n  \"columns[4].columnId\" : [ \"180\" ],\r\n  \"columns[4].sort\" : [ \"5\" ],\r\n  \"columns[4].columnComment\" : [ \"完成时间\" ],\r\n  \"columns[4].javaType\" : [ \"Long\" ],\r\n  \"columns[4].ja','{\r\n  \"msg\" : \"操作成功\",\r\n  \"code\" : 0\r\n}',0,NULL,'2020-03-12 09:26:52'),(509,'代码生成',8,'com.sctech.generator.controller.GenController.genCode()','GET',1,'admin','设备管理部门','/tool/gen/genCode/ser_class','127.0.0.1','内网IP','{ }','null',0,NULL,'2020-03-12 09:27:23'),(510,'维修分类',1,'com.sctech.web.controller.equipment.SerClassController.addSave()','POST',1,'admin','设备管理部门','/equipment/serclass/add','127.0.0.1','内网IP','{\r\n  \"parentId\" : [ \"\" ],\r\n  \"sclassName\" : [ \"维修分类\" ],\r\n  \"sclassCode\" : [ \"0\" ],\r\n  \"teamId\" : [ \"\" ],\r\n  \"sclassTime\" : [ \"\" ],\r\n  \"sclassEmergency\" : [ \"0\" ],\r\n  \"orderNum\" : [ \"0\" ],\r\n  \"remark\" : [ \"\" ],\r\n  \"status\" : [ \"0\" ]\r\n}','{\r\n  \"msg\" : \"操作成功\",\r\n  \"code\" : 0\r\n}',0,NULL,'2020-03-12 10:37:19'),(511,'维修分类',1,'com.sctech.web.controller.equipment.SerClassController.addSave()','POST',1,'admin','设备管理部门','/equipment/serclass/add','127.0.0.1','内网IP','{\r\n  \"parentId\" : [ \"1\" ],\r\n  \"sclassName\" : [ \"水\" ],\r\n  \"sclassCode\" : [ \"w\" ],\r\n  \"teamId\" : [ \"2\" ],\r\n  \"sclassTime\" : [ \"24\" ],\r\n  \"sclassEmergency\" : [ \"0\" ],\r\n  \"orderNum\" : [ \"1\" ],\r\n  \"remark\" : [ \"\" ],\r\n  \"status\" : [ \"0\" ]\r\n}','{\r\n  \"msg\" : \"操作成功\",\r\n  \"code\" : 0\r\n}',0,NULL,'2020-03-12 10:58:24'),(512,'维修分类',1,'com.sctech.web.controller.equipment.SerClassController.addSave()','POST',1,'admin','设备管理部门','/equipment/serclass/add','127.0.0.1','内网IP','{\r\n  \"parentId\" : [ \"1\" ],\r\n  \"sclassName\" : [ \"电\" ],\r\n  \"sclassCode\" : [ \"E\" ],\r\n  \"teamId\" : [ \"6\" ],\r\n  \"sclassTime\" : [ \"24\" ],\r\n  \"sclassEmergency\" : [ \"0\" ],\r\n  \"orderNum\" : [ \"2\" ],\r\n  \"remark\" : [ \"\" ],\r\n  \"status\" : [ \"0\" ]\r\n}','{\r\n  \"msg\" : \"操作成功\",\r\n  \"code\" : 0\r\n}',0,NULL,'2020-03-12 10:58:48'),(513,'维修分类',2,'com.sctech.web.controller.equipment.SerClassController.editSave()','POST',1,'admin','设备管理部门','/equipment/serclass/edit','127.0.0.1','内网IP','{\r\n  \"sclassId\" : [ \"3\" ],\r\n  \"parentId\" : [ \"1\" ],\r\n  \"parentName\" : [ \"维修分类\" ],\r\n  \"sclassName\" : [ \"电\" ],\r\n  \"sclassCode\" : [ \"0E\" ],\r\n  \"teamId\" : [ \"6\" ],\r\n  \"teamName\" : [ \"维修班组2\" ],\r\n  \"sclassTime\" : [ \"24\" ],\r\n  \"sclassEmergency\" : [ \"0\" ],\r\n  \"orderNum\" : [ \"2\" ],\r\n  \"remark\" : [ \"\" ],\r\n  \"status\" : [ \"0\" ]\r\n}','{\r\n  \"msg\" : \"操作成功\",\r\n  \"code\" : 0\r\n}',0,NULL,'2020-03-12 11:02:52'),(514,'维修分类',2,'com.sctech.web.controller.equipment.SerClassController.editSave()','POST',1,'admin','设备管理部门','/equipment/serclass/edit','127.0.0.1','内网IP','{\r\n  \"sclassId\" : [ \"2\" ],\r\n  \"parentId\" : [ \"1\" ],\r\n  \"parentName\" : [ \"维修分类\" ],\r\n  \"sclassName\" : [ \"水\" ],\r\n  \"sclassCode\" : [ \"0W\" ],\r\n  \"teamId\" : [ \"2\" ],\r\n  \"teamName\" : [ \"维修班组1\" ],\r\n  \"sclassTime\" : [ \"24\" ],\r\n  \"sclassEmergency\" : [ \"0\" ],\r\n  \"orderNum\" : [ \"1\" ],\r\n  \"remark\" : [ \"\" ],\r\n  \"status\" : [ \"0\" ]\r\n}','{\r\n  \"msg\" : \"操作成功\",\r\n  \"code\" : 0\r\n}',0,NULL,'2020-03-12 11:03:01'),(515,'维修分类',1,'com.sctech.web.controller.equipment.SerClassController.addSave()','POST',1,'admin','设备管理部门','/equipment/serclass/add','127.0.0.1','内网IP','{\r\n  \"parentId\" : [ \"2\" ],\r\n  \"sclassName\" : [ \"漏电\" ],\r\n  \"sclassCode\" : [ \"0W01\" ],\r\n  \"teamId\" : [ \"2\" ],\r\n  \"sclassTime\" : [ \"2\" ],\r\n  \"sclassEmergency\" : [ \"1\" ],\r\n  \"orderNum\" : [ \"1\" ],\r\n  \"remark\" : [ \"涉及人生安全\" ],\r\n  \"status\" : [ \"0\" ]\r\n}','{\r\n  \"msg\" : \"操作成功\",\r\n  \"code\" : 0\r\n}',0,NULL,'2020-03-12 11:04:02'),(516,'维修分类',2,'com.sctech.web.controller.equipment.SerClassController.editSave()','POST',1,'admin','设备管理部门','/equipment/serclass/edit','127.0.0.1','内网IP','{\r\n  \"sclassId\" : [ \"4\" ],\r\n  \"parentId\" : [ \"2\" ],\r\n  \"parentName\" : [ \"水\" ],\r\n  \"sclassName\" : [ \"停水\" ],\r\n  \"sclassCode\" : [ \"0W01\" ],\r\n  \"teamId\" : [ \"2\" ],\r\n  \"teamName\" : [ \"维修班组1\" ],\r\n  \"sclassTime\" : [ \"2\" ],\r\n  \"sclassEmergency\" : [ \"1\" ],\r\n  \"orderNum\" : [ \"1\" ],\r\n  \"remark\" : [ \"涉及用水\" ],\r\n  \"status\" : [ \"0\" ]\r\n}','{\r\n  \"msg\" : \"操作成功\",\r\n  \"code\" : 0\r\n}',0,NULL,'2020-03-12 11:05:39'),(517,'维修分类',1,'com.sctech.web.controller.equipment.SerClassController.addSave()','POST',1,'admin','设备管理部门','/equipment/serclass/add','127.0.0.1','内网IP','{\r\n  \"parentId\" : [ \"2\" ],\r\n  \"sclassName\" : [ \"堵塞\" ],\r\n  \"sclassCode\" : [ \"0W02\" ],\r\n  \"teamId\" : [ \"2\" ],\r\n  \"sclassTime\" : [ \"24\" ],\r\n  \"sclassEmergency\" : [ \"0\" ],\r\n  \"orderNum\" : [ \"2\" ],\r\n  \"remark\" : [ \"\" ],\r\n  \"status\" : [ \"0\" ]\r\n}','{\r\n  \"msg\" : \"操作成功\",\r\n  \"code\" : 0\r\n}',0,NULL,'2020-03-12 11:06:01'),(518,'维修分类',1,'com.sctech.web.controller.equipment.SerClassController.addSave()','POST',1,'admin','设备管理部门','/equipment/serclass/add','127.0.0.1','内网IP','{\r\n  \"parentId\" : [ \"3\" ],\r\n  \"sclassName\" : [ \"漏电\" ],\r\n  \"sclassCode\" : [ \"0E01\" ],\r\n  \"teamId\" : [ \"6\" ],\r\n  \"sclassTime\" : [ \"2\" ],\r\n  \"sclassEmergency\" : [ \"1\" ],\r\n  \"orderNum\" : [ \"1\" ],\r\n  \"remark\" : [ \"涉及人生安全\" ],\r\n  \"status\" : [ \"0\" ]\r\n}','{\r\n  \"msg\" : \"操作成功\",\r\n  \"code\" : 0\r\n}',0,NULL,'2020-03-12 11:07:20'),(519,'维修班组管理',2,'com.sctech.web.controller.equipment.SerTeamController.changeStatus()','POST',1,'admin','设备管理部门','/equipment/serteam/changeStatus','127.0.0.1','内网IP','{\r\n  \"teamId\" : [ \"7\" ],\r\n  \"status\" : [ \"1\" ]\r\n}','{\r\n  \"msg\" : \"操作成功\",\r\n  \"code\" : 0\r\n}',0,NULL,'2020-03-12 11:15:55'),(520,'维修班组管理',2,'com.sctech.web.controller.equipment.SerTeamController.changeStatus()','POST',1,'admin','设备管理部门','/equipment/serteam/changeStatus','127.0.0.1','内网IP','{\r\n  \"teamId\" : [ \"7\" ],\r\n  \"status\" : [ \"0\" ]\r\n}','{\r\n  \"msg\" : \"操作成功\",\r\n  \"code\" : 0\r\n}',0,NULL,'2020-03-12 11:15:57'),(521,'维修分类管理',2,'com.sctech.web.controller.equipment.SerClassController.changeStatus()','POST',1,'admin','设备管理部门','/equipment/serclass/changeStatus','127.0.0.1','内网IP','{\r\n  \"sclassId\" : [ \"6\" ],\r\n  \"status\" : [ \"1\" ]\r\n}','{\r\n  \"msg\" : \"操作成功\",\r\n  \"code\" : 0\r\n}',0,NULL,'2020-03-12 11:16:26'),(522,'维修分类管理',2,'com.sctech.web.controller.equipment.SerClassController.changeStatus()','POST',1,'admin','设备管理部门','/equipment/serclass/changeStatus','127.0.0.1','内网IP','{\r\n  \"sclassId\" : [ \"6\" ],\r\n  \"status\" : [ \"0\" ]\r\n}','{\r\n  \"msg\" : \"操作成功\",\r\n  \"code\" : 0\r\n}',0,NULL,'2020-03-12 11:16:28'),(523,'设备分类管理',2,'com.sctech.web.controller.equipment.EquClassController.changeStatus()','POST',1,'admin','设备管理部门','/equipment/equclass/changeStatus','127.0.0.1','内网IP','{\r\n  \"classId\" : [ \"9\" ],\r\n  \"status\" : [ \"1\" ]\r\n}','{\r\n  \"msg\" : \"操作成功\",\r\n  \"code\" : 0\r\n}',0,NULL,'2020-03-12 11:19:34'),(524,'设备分类管理',2,'com.sctech.web.controller.equipment.EquClassController.changeStatus()','POST',1,'admin','设备管理部门','/equipment/equclass/changeStatus','127.0.0.1','内网IP','{\r\n  \"classId\" : [ \"9\" ],\r\n  \"status\" : [ \"0\" ]\r\n}','{\r\n  \"msg\" : \"操作成功\",\r\n  \"code\" : 0\r\n}',0,NULL,'2020-03-12 11:19:36'),(525,'设备所在区域管理',2,'com.sctech.web.controller.equipment.EquAreaController.changeStatus()','POST',1,'admin','设备管理部门','/equipment/equarea/changeStatus','127.0.0.1','内网IP','{\r\n  \"classId\" : [ \"undefined\" ],\r\n  \"status\" : [ \"1\" ]\r\n}','{\r\n  \"msg\" : \"操作失败\",\r\n  \"code\" : 500\r\n}',0,NULL,'2020-03-12 11:19:43'),(526,'设备所在区域管理',2,'com.sctech.web.controller.equipment.EquAreaController.changeStatus()','POST',1,'admin','设备管理部门','/equipment/equarea/changeStatus','127.0.0.1','内网IP','{\r\n  \"classId\" : [ \"undefined\" ],\r\n  \"status\" : [ \"1\" ]\r\n}','{\r\n  \"msg\" : \"操作失败\",\r\n  \"code\" : 500\r\n}',0,NULL,'2020-03-12 11:19:48'),(527,'设备报废报损',1,'com.sctech.web.controller.equipment.EquScrapController.addSave()','POST',1,'admin','设备管理部门','/equipment/equscrap/add','127.0.0.1','内网IP','{\r\n  \"equId\" : [ \"7\" ],\r\n  \"scrReason\" : [ \"1\" ],\r\n  \"remark\" : [ \"\" ]\r\n}','{\r\n  \"msg\" : \"操作成功\",\r\n  \"code\" : 0\r\n}',0,NULL,'2020-03-12 11:21:11'),(528,'设备报废报损',2,'com.sctech.web.controller.equipment.EquScrapController.changeStatus()','POST',1,'admin','设备管理部门','/equipment/equscrap/cancelScrap','127.0.0.1','内网IP','{\r\n  \"scrId\" : [ \"5\" ],\r\n  \"equId\" : [ \"7\" ]\r\n}','{\r\n  \"msg\" : \"操作成功\",\r\n  \"code\" : 0\r\n}',0,NULL,'2020-03-12 11:21:16'),(529,'设备档案',2,'com.sctech.web.controller.equipment.EquCardController.editSave()','POST',1,'admin','设备管理部门','/equipment/equcard/edit','127.0.0.1','内网IP','{\r\n  \"equId\" : [ \"7\" ],\r\n  \"classId\" : [ \"9\" ],\r\n  \"deptId\" : [ \"101\" ],\r\n  \"areaId\" : [ \"3\" ],\r\n  \"supplierId\" : [ \"4\" ],\r\n  \"contractId\" : [ \"2\" ],\r\n  \"equName\" : [ \"挂式空调\" ],\r\n  \"className\" : [ \"空调\" ],\r\n  \"equCount\" : [ \"6.0\" ],\r\n  \"equSprice\" : [ \"2500.0\" ],\r\n  \"contractName\" : [ \"合同名称030401\" ],\r\n  \"supplierName\" : [ \"四川壮果建筑工程有限公司\" ],\r\n  \"equBrand\" : [ \"海尔\" ],\r\n  \"equParam\" : [ \"2P\" ],\r\n  \"deptName\" : [ \"设备管理部门\" ],\r\n  \"equAdmin\" : [ \"\" ],\r\n  \"equTime\" : [ \"2020-03-01\" ],\r\n  \"equYear\" : [ \"6\" ],\r\n  \"areaName\" : [ \"一楼\" ],\r\n  \"equAttribute\" : [ \"0\" ],\r\n  \"equStatus\" : [ \"0\" ],\r\n  \"remark\" : [ \"无\" ]\r\n}','{\r\n  \"msg\" : \"操作成功\",\r\n  \"code\" : 0\r\n}',0,NULL,'2020-03-12 12:45:52'),(530,'设备分类',2,'com.sctech.web.controller.equipment.EquClassController.editSave()','POST',1,'admin','设备管理部门','/equipment/equclass/edit','127.0.0.1','内网IP','{\r\n  \"classId\" : [ \"5\" ],\r\n  \"parentId\" : [ \"1\" ],\r\n  \"parentName\" : [ \"设备分类\" ],\r\n  \"className\" : [ \"机电运行设备\" ],\r\n  \"classCode\" : [ \"A\" ],\r\n  \"orderNum\" : [ \"1\" ],\r\n  \"remark\" : [ \"\" ],\r\n  \"status\" : [ \"0\" ]\r\n}','{\r\n  \"msg\" : \"操作成功\",\r\n  \"code\" : 0\r\n}',0,NULL,'2020-03-12 14:20:33'),(531,'设备分类',2,'com.sctech.web.controller.equipment.EquClassController.editSave()','POST',1,'admin','设备管理部门','/equipment/equclass/edit','127.0.0.1','内网IP','{\r\n  \"classId\" : [ \"9\" ],\r\n  \"parentId\" : [ \"5\" ],\r\n  \"parentName\" : [ \"机电运行设备\" ],\r\n  \"className\" : [ \"空调\" ],\r\n  \"classCode\" : [ \"A01\" ],\r\n  \"orderNum\" : [ \"0\" ],\r\n  \"remark\" : [ \"\" ],\r\n  \"status\" : [ \"0\" ]\r\n}','{\r\n  \"msg\" : \"操作成功\",\r\n  \"code\" : 0\r\n}',0,NULL,'2020-03-12 14:21:33'),(532,'设备分类',2,'com.sctech.web.controller.equipment.EquClassController.editSave()','POST',1,'admin','设备管理部门','/equipment/equclass/edit','127.0.0.1','内网IP','{\r\n  \"classId\" : [ \"6\" ],\r\n  \"parentId\" : [ \"1\" ],\r\n  \"parentName\" : [ \"设备分类\" ],\r\n  \"className\" : [ \"行政资产设备\" ],\r\n  \"classCode\" : [ \"B\" ],\r\n  \"orderNum\" : [ \"2\" ],\r\n  \"remark\" : [ \"\" ],\r\n  \"status\" : [ \"0\" ]\r\n}','{\r\n  \"msg\" : \"操作成功\",\r\n  \"code\" : 0\r\n}',0,NULL,'2020-03-12 14:21:35'),(533,'设备分类',2,'com.sctech.web.controller.equipment.EquClassController.editSave()','POST',1,'admin','设备管理部门','/equipment/equclass/edit','127.0.0.1','内网IP','{\r\n  \"classId\" : [ \"8\" ],\r\n  \"parentId\" : [ \"1\" ],\r\n  \"parentName\" : [ \"设备分类\" ],\r\n  \"className\" : [ \"其他分类\" ],\r\n  \"classCode\" : [ \"C\" ],\r\n  \"orderNum\" : [ \"3\" ],\r\n  \"remark\" : [ \"\" ],\r\n  \"status\" : [ \"0\" ]\r\n}','{\r\n  \"msg\" : \"操作成功\",\r\n  \"code\" : 0\r\n}',0,NULL,'2020-03-12 14:21:36'),(534,'设备分类',1,'com.sctech.web.controller.equipment.EquClassController.addSave()','POST',1,'admin','设备管理部门','/equipment/equclass/add','127.0.0.1','内网IP','{\r\n  \"parentId\" : [ \"5\" ],\r\n  \"className\" : [ \"电梯\" ],\r\n  \"classCode\" : [ \"A0\" ],\r\n  \"orderNum\" : [ \"1\" ],\r\n  \"remark\" : [ \"\" ],\r\n  \"status\" : [ \"0\" ]\r\n}','{\r\n  \"msg\" : \"操作成功\",\r\n  \"code\" : 0\r\n}',0,NULL,'2020-03-12 14:22:05'),(535,'设备分类',2,'com.sctech.web.controller.equipment.EquClassController.editSave()','POST',1,'admin','设备管理部门','/equipment/equclass/edit','127.0.0.1','内网IP','{\r\n  \"classId\" : [ \"10\" ],\r\n  \"parentId\" : [ \"5\" ],\r\n  \"parentName\" : [ \"机电运行设备\" ],\r\n  \"className\" : [ \"电梯\" ],\r\n  \"classCode\" : [ \"A02\" ],\r\n  \"orderNum\" : [ \"1\" ],\r\n  \"remark\" : [ \"\" ],\r\n  \"status\" : [ \"0\" ]\r\n}','{\r\n  \"msg\" : \"操作成功\",\r\n  \"code\" : 0\r\n}',0,NULL,'2020-03-12 14:22:11'),(536,'设备所在区域',2,'com.sctech.web.controller.equipment.EquAreaController.editSave()','POST',1,'admin','设备管理部门','/equipment/equarea/edit','127.0.0.1','内网IP','{\r\n  \"areaId\" : [ \"2\" ],\r\n  \"parentId\" : [ \"1\" ],\r\n  \"parentName\" : [ \"区域\" ],\r\n  \"areaName\" : [ \"A幢\" ],\r\n  \"areaCode\" : [ \"0A\" ],\r\n  \"areaType\" : [ \"1\" ],\r\n  \"orderNum\" : [ \"0\" ],\r\n  \"remark\" : [ \"\" ],\r\n  \"status\" : [ \"0\" ]\r\n}','{\r\n  \"msg\" : \"操作成功\",\r\n  \"code\" : 0\r\n}',0,NULL,'2020-03-12 14:22:35'),(537,'设备所在区域',2,'com.sctech.web.controller.equipment.EquAreaController.editSave()','POST',1,'admin','设备管理部门','/equipment/equarea/edit','127.0.0.1','内网IP','{\r\n  \"areaId\" : [ \"3\" ],\r\n  \"parentId\" : [ \"2\" ],\r\n  \"parentName\" : [ \"A幢\" ],\r\n  \"areaName\" : [ \"一楼\" ],\r\n  \"areaCode\" : [ \"0A1\" ],\r\n  \"areaType\" : [ \"1\" ],\r\n  \"orderNum\" : [ \"0\" ],\r\n  \"remark\" : [ \"\" ],\r\n  \"status\" : [ \"0\" ]\r\n}','{\r\n  \"msg\" : \"操作成功\",\r\n  \"code\" : 0\r\n}',0,NULL,'2020-03-12 14:22:37'),(538,'设备所在区域',1,'com.sctech.web.controller.equipment.EquAreaController.addSave()','POST',1,'admin','设备管理部门','/equipment/equarea/add','127.0.0.1','内网IP','{\r\n  \"parentId\" : [ \"2\" ],\r\n  \"areaName\" : [ \"二楼\" ],\r\n  \"areaCode\" : [ \"0A2\" ],\r\n  \"areaType\" : [ \"1\" ],\r\n  \"orderNum\" : [ \"1\" ],\r\n  \"remark\" : [ \"\" ],\r\n  \"status\" : [ \"0\" ]\r\n}','{\r\n  \"msg\" : \"操作成功\",\r\n  \"code\" : 0\r\n}',0,NULL,'2020-03-12 14:22:56'),(539,'维修班组',2,'com.sctech.web.controller.equipment.SerTeamController.editSave()','POST',1,'admin','设备管理部门','/equipment/serteam/edit','127.0.0.1','内网IP','{\r\n  \"teamId\" : [ \"2\" ],\r\n  \"parentId\" : [ \"1\" ],\r\n  \"parentName\" : [ \"维修班组\" ],\r\n  \"teamName\" : [ \"维修班组1\" ],\r\n  \"teamCode\" : [ \"bz1\" ],\r\n  \"deptId\" : [ \"201\" ],\r\n  \"deptName\" : [ \"维修管理部门\" ],\r\n  \"orderNum\" : [ \"1\" ],\r\n  \"remark\" : [ \"\" ],\r\n  \"status\" : [ \"0\" ]\r\n}','{\r\n  \"msg\" : \"操作成功\",\r\n  \"code\" : 0\r\n}',0,NULL,'2020-03-12 14:23:14'),(540,'维修班组',2,'com.sctech.web.controller.equipment.SerTeamController.editSave()','POST',1,'admin','设备管理部门','/equipment/serteam/edit','127.0.0.1','内网IP','{\r\n  \"teamId\" : [ \"6\" ],\r\n  \"parentId\" : [ \"1\" ],\r\n  \"parentName\" : [ \"维修班组\" ],\r\n  \"teamName\" : [ \"维修班组2\" ],\r\n  \"teamCode\" : [ \"bz2\" ],\r\n  \"deptId\" : [ \"201\" ],\r\n  \"deptName\" : [ \"维修管理部门\" ],\r\n  \"orderNum\" : [ \"2\" ],\r\n  \"remark\" : [ \"\" ],\r\n  \"status\" : [ \"0\" ]\r\n}','{\r\n  \"msg\" : \"操作成功\",\r\n  \"code\" : 0\r\n}',0,NULL,'2020-03-12 14:23:16'),(541,'维修班组',2,'com.sctech.web.controller.equipment.SerTeamController.editSave()','POST',1,'admin','设备管理部门','/equipment/serteam/edit','127.0.0.1','内网IP','{\r\n  \"teamId\" : [ \"7\" ],\r\n  \"parentId\" : [ \"1\" ],\r\n  \"parentName\" : [ \"维修班组\" ],\r\n  \"teamName\" : [ \"维修班组3\" ],\r\n  \"teamCode\" : [ \"bz3\" ],\r\n  \"deptId\" : [ \"201\" ],\r\n  \"deptName\" : [ \"维修管理部门\" ],\r\n  \"orderNum\" : [ \"3\" ],\r\n  \"remark\" : [ \"\" ],\r\n  \"status\" : [ \"0\" ]\r\n}','{\r\n  \"msg\" : \"操作成功\",\r\n  \"code\" : 0\r\n}',0,NULL,'2020-03-12 14:23:18'),(542,'维修班组',1,'com.sctech.web.controller.equipment.SerTeamController.addSave()','POST',1,'admin','设备管理部门','/equipment/serteam/add','127.0.0.1','内网IP','{\r\n  \"parentId\" : [ \"1\" ],\r\n  \"teamName\" : [ \"维修班组4\" ],\r\n  \"teamCode\" : [ \"bz4\" ],\r\n  \"deptId\" : [ \"201\" ],\r\n  \"orderNum\" : [ \"4\" ],\r\n  \"remark\" : [ \"\" ],\r\n  \"status\" : [ \"0\" ]\r\n}','{\r\n  \"msg\" : \"操作成功\",\r\n  \"code\" : 0\r\n}',0,NULL,'2020-03-12 14:23:38'),(543,'维修分类',2,'com.sctech.web.controller.equipment.SerClassController.editSave()','POST',1,'admin','设备管理部门','/equipment/serclass/edit','127.0.0.1','内网IP','{\r\n  \"sclassId\" : [ \"2\" ],\r\n  \"parentId\" : [ \"1\" ],\r\n  \"parentName\" : [ \"维修分类\" ],\r\n  \"sclassName\" : [ \"水\" ],\r\n  \"sclassCode\" : [ \"0W\" ],\r\n  \"teamId\" : [ \"2\" ],\r\n  \"teamName\" : [ \"维修班组1\" ],\r\n  \"sclassTime\" : [ \"24\" ],\r\n  \"sclassEmergency\" : [ \"0\" ],\r\n  \"orderNum\" : [ \"1\" ],\r\n  \"remark\" : [ \"\" ],\r\n  \"status\" : [ \"0\" ]\r\n}','{\r\n  \"msg\" : \"操作成功\",\r\n  \"code\" : 0\r\n}',0,NULL,'2020-03-12 14:27:33'),(544,'维修分类',2,'com.sctech.web.controller.equipment.SerClassController.editSave()','POST',1,'admin','设备管理部门','/equipment/serclass/edit','127.0.0.1','内网IP','{\r\n  \"sclassId\" : [ \"4\" ],\r\n  \"parentId\" : [ \"2\" ],\r\n  \"parentName\" : [ \"水\" ],\r\n  \"sclassName\" : [ \"停水\" ],\r\n  \"sclassCode\" : [ \"0W01\" ],\r\n  \"teamId\" : [ \"2\" ],\r\n  \"teamName\" : [ \"维修班组1\" ],\r\n  \"sclassTime\" : [ \"2\" ],\r\n  \"sclassEmergency\" : [ \"1\" ],\r\n  \"orderNum\" : [ \"1\" ],\r\n  \"remark\" : [ \"涉及用水\" ],\r\n  \"status\" : [ \"0\" ]\r\n}','{\r\n  \"msg\" : \"操作成功\",\r\n  \"code\" : 0\r\n}',0,NULL,'2020-03-12 14:27:35'),(545,'维修分类',2,'com.sctech.web.controller.equipment.SerClassController.editSave()','POST',1,'admin','设备管理部门','/equipment/serclass/edit','127.0.0.1','内网IP','{\r\n  \"sclassId\" : [ \"5\" ],\r\n  \"parentId\" : [ \"2\" ],\r\n  \"parentName\" : [ \"水\" ],\r\n  \"sclassName\" : [ \"堵塞\" ],\r\n  \"sclassCode\" : [ \"0W02\" ],\r\n  \"teamId\" : [ \"2\" ],\r\n  \"teamName\" : [ \"维修班组1\" ],\r\n  \"sclassTime\" : [ \"24\" ],\r\n  \"sclassEmergency\" : [ \"0\" ],\r\n  \"orderNum\" : [ \"2\" ],\r\n  \"remark\" : [ \"\" ],\r\n  \"status\" : [ \"0\" ]\r\n}','{\r\n  \"msg\" : \"操作成功\",\r\n  \"code\" : 0\r\n}',0,NULL,'2020-03-12 14:27:37'),(546,'维修分类',2,'com.sctech.web.controller.equipment.SerClassController.editSave()','POST',1,'admin','设备管理部门','/equipment/serclass/edit','127.0.0.1','内网IP','{\r\n  \"sclassId\" : [ \"3\" ],\r\n  \"parentId\" : [ \"1\" ],\r\n  \"parentName\" : [ \"维修分类\" ],\r\n  \"sclassName\" : [ \"电\" ],\r\n  \"sclassCode\" : [ \"0E\" ],\r\n  \"teamId\" : [ \"6\" ],\r\n  \"teamName\" : [ \"维修班组2\" ],\r\n  \"sclassTime\" : [ \"24\" ],\r\n  \"sclassEmergency\" : [ \"0\" ],\r\n  \"orderNum\" : [ \"2\" ],\r\n  \"remark\" : [ \"\" ],\r\n  \"status\" : [ \"0\" ]\r\n}','{\r\n  \"msg\" : \"操作成功\",\r\n  \"code\" : 0\r\n}',0,NULL,'2020-03-12 14:27:38'),(547,'维修分类',2,'com.sctech.web.controller.equipment.SerClassController.editSave()','POST',1,'admin','设备管理部门','/equipment/serclass/edit','127.0.0.1','内网IP','{\r\n  \"sclassId\" : [ \"6\" ],\r\n  \"parentId\" : [ \"3\" ],\r\n  \"parentName\" : [ \"电\" ],\r\n  \"sclassName\" : [ \"漏电\" ],\r\n  \"sclassCode\" : [ \"0E01\" ],\r\n  \"teamId\" : [ \"6\" ],\r\n  \"teamName\" : [ \"维修班组2\" ],\r\n  \"sclassTime\" : [ \"2\" ],\r\n  \"sclassEmergency\" : [ \"1\" ],\r\n  \"orderNum\" : [ \"1\" ],\r\n  \"remark\" : [ \"涉及人生安全\" ],\r\n  \"status\" : [ \"0\" ]\r\n}','{\r\n  \"msg\" : \"操作成功\",\r\n  \"code\" : 0\r\n}',0,NULL,'2020-03-12 14:27:40'),(548,'维修分类',1,'com.sctech.web.controller.equipment.SerClassController.addSave()','POST',1,'admin','设备管理部门','/equipment/serclass/add','127.0.0.1','内网IP','{\r\n  \"parentId\" : [ \"3\" ],\r\n  \"sclassName\" : [ \"跳闸\" ],\r\n  \"sclassCode\" : [ \"0E02\" ],\r\n  \"teamId\" : [ \"6\" ],\r\n  \"sclassTime\" : [ \"2\" ],\r\n  \"sclassEmergency\" : [ \"1\" ],\r\n  \"orderNum\" : [ \"2\" ],\r\n  \"remark\" : [ \"\" ],\r\n  \"status\" : [ \"0\" ]\r\n}','{\r\n  \"msg\" : \"操作成功\",\r\n  \"code\" : 0\r\n}',0,NULL,'2020-03-12 14:28:29'),(549,'设备档案',2,'com.sctech.web.controller.equipment.EquCardController.editSave()','POST',1,'admin','设备管理部门','/equipment/equcard/edit','127.0.0.1','内网IP','{\r\n  \"equId\" : [ \"7\" ],\r\n  \"classId\" : [ \"9\" ],\r\n  \"deptId\" : [ \"101\" ],\r\n  \"areaId\" : [ \"5\" ],\r\n  \"supplierId\" : [ \"4\" ],\r\n  \"contractId\" : [ \"2\" ],\r\n  \"equName\" : [ \"挂式空调\" ],\r\n  \"className\" : [ \"设备分类->机电运行设备->空调\" ],\r\n  \"equCount\" : [ \"6.0\" ],\r\n  \"equSprice\" : [ \"2500.0\" ],\r\n  \"contractName\" : [ \"合同名称030401\" ],\r\n  \"supplierName\" : [ \"四川壮果建筑工程有限公司\" ],\r\n  \"equBrand\" : [ \"海尔\" ],\r\n  \"equParam\" : [ \"2P\" ],\r\n  \"deptName\" : [ \"设备管理部门\" ],\r\n  \"equAdmin\" : [ \"\" ],\r\n  \"equTime\" : [ \"2020-03-01\" ],\r\n  \"equYear\" : [ \"6\" ],\r\n  \"areaName\" : [ \"区域->A幢->二楼\" ],\r\n  \"equAttribute\" : [ \"0\" ],\r\n  \"equStatus\" : [ \"0\" ],\r\n  \"remark\" : [ \"无\" ]\r\n}','{\r\n  \"msg\" : \"操作成功\",\r\n  \"code\" : 0\r\n}',0,NULL,'2020-03-12 15:05:55');
/*!40000 ALTER TABLE `sys_oper_log` ENABLE KEYS */;
UNLOCK TABLES;

--
-- Table structure for table `sys_post`
--

DROP TABLE IF EXISTS `sys_post`;
/*!40101 SET @saved_cs_client     = @@character_set_client */;
/*!50503 SET character_set_client = utf8mb4 */;
CREATE TABLE `sys_post` (
  `post_id` bigint NOT NULL AUTO_INCREMENT COMMENT '岗位ID',
  `post_code` varchar(64) NOT NULL COMMENT '岗位编码',
  `post_name` varchar(50) NOT NULL COMMENT '岗位名称',
  `post_sort` int NOT NULL COMMENT '显示顺序',
  `status` char(1) NOT NULL COMMENT '状态（0正常 1停用）',
  `create_by` varchar(64) DEFAULT '' COMMENT '创建者',
  `create_time` datetime DEFAULT NULL COMMENT '创建时间',
  `update_by` varchar(64) DEFAULT '' COMMENT '更新者',
  `update_time` datetime DEFAULT NULL COMMENT '更新时间',
  `remark` varchar(500) DEFAULT NULL COMMENT '备注',
  PRIMARY KEY (`post_id`)
) ENGINE=InnoDB AUTO_INCREMENT=5 DEFAULT CHARSET=utf8 COMMENT='岗位信息表';
/*!40101 SET character_set_client = @saved_cs_client */;

--
-- Dumping data for table `sys_post`
--

LOCK TABLES `sys_post` WRITE;
/*!40000 ALTER TABLE `sys_post` DISABLE KEYS */;
INSERT INTO `sys_post` VALUES (1,'ceo','董事长',1,'0','admin','2018-03-16 11:33:00','ry','2018-03-16 11:33:00',''),(2,'se','项目经理',2,'0','admin','2018-03-16 11:33:00','ry','2018-03-16 11:33:00',''),(3,'hr','人力资源',3,'0','admin','2018-03-16 11:33:00','ry','2018-03-16 11:33:00',''),(4,'user','普通员工',4,'0','admin','2018-03-16 11:33:00','ry','2018-03-16 11:33:00','');
/*!40000 ALTER TABLE `sys_post` ENABLE KEYS */;
UNLOCK TABLES;

--
-- Table structure for table `sys_role`
--

DROP TABLE IF EXISTS `sys_role`;
/*!40101 SET @saved_cs_client     = @@character_set_client */;
/*!50503 SET character_set_client = utf8mb4 */;
CREATE TABLE `sys_role` (
  `role_id` bigint NOT NULL AUTO_INCREMENT COMMENT '角色ID',
  `role_name` varchar(30) NOT NULL COMMENT '角色名称',
  `role_key` varchar(100) NOT NULL COMMENT '角色权限字符串',
  `role_sort` int NOT NULL COMMENT '显示顺序',
  `data_scope` char(1) DEFAULT '1' COMMENT '数据范围（1：全部数据权限 2：自定数据权限 3：本部门数据权限 4：本部门及以下数据权限）',
  `status` char(1) NOT NULL COMMENT '角色状态（0正常 1停用）',
  `del_flag` char(1) DEFAULT '0' COMMENT '删除标志（0代表存在 2代表删除）',
  `create_by` varchar(64) DEFAULT '' COMMENT '创建者',
  `create_time` datetime DEFAULT NULL COMMENT '创建时间',
  `update_by` varchar(64) DEFAULT '' COMMENT '更新者',
  `update_time` datetime DEFAULT NULL COMMENT '更新时间',
  `remark` varchar(500) DEFAULT NULL COMMENT '备注',
  PRIMARY KEY (`role_id`)
) ENGINE=InnoDB AUTO_INCREMENT=101 DEFAULT CHARSET=utf8 COMMENT='角色信息表';
/*!40101 SET character_set_client = @saved_cs_client */;

--
-- Dumping data for table `sys_role`
--

LOCK TABLES `sys_role` WRITE;
/*!40000 ALTER TABLE `sys_role` DISABLE KEYS */;
INSERT INTO `sys_role` VALUES (1,'管理员','admin',1,'1','0','0','admin','2018-03-16 11:33:00','ry','2018-03-16 11:33:00','管理员'),(2,'普通角色','common',2,'2','0','0','admin','2018-03-16 11:33:00','ry','2018-03-16 11:33:00','普通角色'),(100,'设备管理员','euqadmin',3,'1','0','0','admin','2020-02-11 15:12:25','admin','2020-02-27 16:39:17','');
/*!40000 ALTER TABLE `sys_role` ENABLE KEYS */;
UNLOCK TABLES;

--
-- Table structure for table `sys_role_dept`
--

DROP TABLE IF EXISTS `sys_role_dept`;
/*!40101 SET @saved_cs_client     = @@character_set_client */;
/*!50503 SET character_set_client = utf8mb4 */;
CREATE TABLE `sys_role_dept` (
  `role_id` bigint NOT NULL COMMENT '角色ID',
  `dept_id` bigint NOT NULL COMMENT '部门ID',
  PRIMARY KEY (`role_id`,`dept_id`)
) ENGINE=InnoDB DEFAULT CHARSET=utf8 COMMENT='角色和部门关联表';
/*!40101 SET character_set_client = @saved_cs_client */;

--
-- Dumping data for table `sys_role_dept`
--

LOCK TABLES `sys_role_dept` WRITE;
/*!40000 ALTER TABLE `sys_role_dept` DISABLE KEYS */;
INSERT INTO `sys_role_dept` VALUES (2,100),(2,101),(2,105);
/*!40000 ALTER TABLE `sys_role_dept` ENABLE KEYS */;
UNLOCK TABLES;

--
-- Table structure for table `sys_role_menu`
--

DROP TABLE IF EXISTS `sys_role_menu`;
/*!40101 SET @saved_cs_client     = @@character_set_client */;
/*!50503 SET character_set_client = utf8mb4 */;
CREATE TABLE `sys_role_menu` (
  `role_id` bigint NOT NULL COMMENT '角色ID',
  `menu_id` bigint NOT NULL COMMENT '菜单ID',
  PRIMARY KEY (`role_id`,`menu_id`)
) ENGINE=InnoDB DEFAULT CHARSET=utf8 COMMENT='角色和菜单关联表';
/*!40101 SET character_set_client = @saved_cs_client */;

--
-- Dumping data for table `sys_role_menu`
--

LOCK TABLES `sys_role_menu` WRITE;
/*!40000 ALTER TABLE `sys_role_menu` DISABLE KEYS */;
INSERT INTO `sys_role_menu` VALUES (2,1),(2,2),(2,3),(2,100),(2,101),(2,102),(2,103),(2,104),(2,105),(2,106),(2,107),(2,108),(2,109),(2,110),(2,111),(2,112),(2,113),(2,114),(2,115),(2,500),(2,501),(2,1000),(2,1001),(2,1002),(2,1003),(2,1004),(2,1005),(2,1006),(2,1007),(2,1008),(2,1009),(2,1010),(2,1011),(2,1012),(2,1013),(2,1014),(2,1015),(2,1016),(2,1017),(2,1018),(2,1019),(2,1020),(2,1021),(2,1022),(2,1023),(2,1024),(2,1025),(2,1026),(2,1027),(2,1028),(2,1029),(2,1030),(2,1031),(2,1032),(2,1033),(2,1034),(2,1035),(2,1036),(2,1037),(2,1038),(2,1039),(2,1040),(2,1041),(2,1042),(2,1043),(2,1044),(2,1045),(2,1046),(2,1047),(2,1048),(2,1049),(2,1050),(2,1051),(2,1052),(2,1053),(2,1054),(2,1055),(2,1056),(2,1057),(2,1058),(2,1059),(2,1060),(2,1061),(100,2000),(100,2001),(100,2006);
/*!40000 ALTER TABLE `sys_role_menu` ENABLE KEYS */;
UNLOCK TABLES;

--
-- Table structure for table `sys_user`
--

DROP TABLE IF EXISTS `sys_user`;
/*!40101 SET @saved_cs_client     = @@character_set_client */;
/*!50503 SET character_set_client = utf8mb4 */;
CREATE TABLE `sys_user` (
  `user_id` bigint NOT NULL AUTO_INCREMENT COMMENT '用户ID',
  `dept_id` bigint DEFAULT NULL COMMENT '部门ID',
  `login_name` varchar(30) NOT NULL COMMENT '登录账号',
  `user_name` varchar(30) NOT NULL COMMENT '用户昵称',
  `user_type` varchar(2) DEFAULT '00' COMMENT '用户类型（00系统用户）',
  `email` varchar(50) DEFAULT '' COMMENT '用户邮箱',
  `phonenumber` varchar(11) DEFAULT '' COMMENT '手机号码',
  `sex` char(1) DEFAULT '0' COMMENT '用户性别（0男 1女 2未知）',
  `avatar` varchar(100) DEFAULT '' COMMENT '头像路径',
  `password` varchar(50) DEFAULT '' COMMENT '密码',
  `salt` varchar(20) DEFAULT '' COMMENT '盐加密',
  `status` char(1) DEFAULT '0' COMMENT '帐号状态（0正常 1停用）',
  `del_flag` char(1) DEFAULT '0' COMMENT '删除标志（0代表存在 2代表删除）',
  `login_ip` varchar(50) DEFAULT '' COMMENT '最后登陆IP',
  `login_date` datetime DEFAULT NULL COMMENT '最后登陆时间',
  `create_by` varchar(64) DEFAULT '' COMMENT '创建者',
  `create_time` datetime DEFAULT NULL COMMENT '创建时间',
  `update_by` varchar(64) DEFAULT '' COMMENT '更新者',
  `update_time` datetime DEFAULT NULL COMMENT '更新时间',
  `remark` varchar(500) DEFAULT NULL COMMENT '备注',
  PRIMARY KEY (`user_id`)
) ENGINE=InnoDB AUTO_INCREMENT=102 DEFAULT CHARSET=utf8 COMMENT='用户信息表';
/*!40101 SET character_set_client = @saved_cs_client */;

--
-- Dumping data for table `sys_user`
--

LOCK TABLES `sys_user` WRITE;
/*!40000 ALTER TABLE `sys_user` DISABLE KEYS */;
INSERT INTO `sys_user` VALUES (1,101,'admin','超级管理员','00','admin@163.com','15111111111','2','','29c67a30398638269fe600f73a054934','111111','0','0','127.0.0.1','2020-03-12 16:02:18','admin','2018-03-16 11:33:00','admin','2020-03-12 16:02:18','管理员'),(2,101,'sbglya','设备管理员A','00','sbglya@qq.com','15222222222','0','','468d5920132118a1dbca15a7afa2a289','de3c15','0','0','127.0.0.1','2020-02-27 16:39:34','admin','2018-03-16 11:33:00','admin','2020-02-27 16:39:34','设备管理员A'),(100,201,'wxrya','维修人员A','00','15756565656@163.com','15756565656','0','','3eda5ca6569bb2e3dd4fd497bdf279c6','0b1ec5','0','0','',NULL,'admin','2020-03-11 14:07:49','admin','2020-03-12 09:05:31',''),(101,201,'wxryb','维修人员B','00','15889898989@163.com','15889898989','0','','303b5bcbc3d4a704a1fece5e8daf2ee6','2d89f4','0','0','',NULL,'admin','2020-03-11 14:17:21','admin','2020-03-12 09:05:39','');
/*!40000 ALTER TABLE `sys_user` ENABLE KEYS */;
UNLOCK TABLES;

--
-- Table structure for table `sys_user_online`
--

DROP TABLE IF EXISTS `sys_user_online`;
/*!40101 SET @saved_cs_client     = @@character_set_client */;
/*!50503 SET character_set_client = utf8mb4 */;
CREATE TABLE `sys_user_online` (
  `sessionId` varchar(50) NOT NULL DEFAULT '' COMMENT '用户会话id',
  `login_name` varchar(50) DEFAULT '' COMMENT '登录账号',
  `dept_name` varchar(50) DEFAULT '' COMMENT '部门名称',
  `ipaddr` varchar(50) DEFAULT '' COMMENT '登录IP地址',
  `login_location` varchar(255) DEFAULT '' COMMENT '登录地点',
  `browser` varchar(50) DEFAULT '' COMMENT '浏览器类型',
  `os` varchar(50) DEFAULT '' COMMENT '操作系统',
  `status` varchar(10) DEFAULT '' COMMENT '在线状态on_line在线off_line离线',
  `start_timestamp` datetime DEFAULT NULL COMMENT 'session创建时间',
  `last_access_time` datetime DEFAULT NULL COMMENT 'session最后访问时间',
  `expire_time` int DEFAULT '0' COMMENT '超时时间，单位为分钟',
  PRIMARY KEY (`sessionId`)
) ENGINE=InnoDB DEFAULT CHARSET=utf8 COMMENT='在线用户记录';
/*!40101 SET character_set_client = @saved_cs_client */;

--
-- Dumping data for table `sys_user_online`
--

LOCK TABLES `sys_user_online` WRITE;
/*!40000 ALTER TABLE `sys_user_online` DISABLE KEYS */;
/*!40000 ALTER TABLE `sys_user_online` ENABLE KEYS */;
UNLOCK TABLES;

--
-- Table structure for table `sys_user_post`
--

DROP TABLE IF EXISTS `sys_user_post`;
/*!40101 SET @saved_cs_client     = @@character_set_client */;
/*!50503 SET character_set_client = utf8mb4 */;
CREATE TABLE `sys_user_post` (
  `user_id` bigint NOT NULL COMMENT '用户ID',
  `post_id` bigint NOT NULL COMMENT '岗位ID',
  PRIMARY KEY (`user_id`,`post_id`)
) ENGINE=InnoDB DEFAULT CHARSET=utf8 COMMENT='用户与岗位关联表';
/*!40101 SET character_set_client = @saved_cs_client */;

--
-- Dumping data for table `sys_user_post`
--

LOCK TABLES `sys_user_post` WRITE;
/*!40000 ALTER TABLE `sys_user_post` DISABLE KEYS */;
INSERT INTO `sys_user_post` VALUES (1,1);
/*!40000 ALTER TABLE `sys_user_post` ENABLE KEYS */;
UNLOCK TABLES;

--
-- Table structure for table `sys_user_role`
--

DROP TABLE IF EXISTS `sys_user_role`;
/*!40101 SET @saved_cs_client     = @@character_set_client */;
/*!50503 SET character_set_client = utf8mb4 */;
CREATE TABLE `sys_user_role` (
  `user_id` bigint NOT NULL COMMENT '用户ID',
  `role_id` bigint NOT NULL COMMENT '角色ID',
  PRIMARY KEY (`user_id`,`role_id`)
) ENGINE=InnoDB DEFAULT CHARSET=utf8 COMMENT='用户和角色关联表';
/*!40101 SET character_set_client = @saved_cs_client */;

--
-- Dumping data for table `sys_user_role`
--

LOCK TABLES `sys_user_role` WRITE;
/*!40000 ALTER TABLE `sys_user_role` DISABLE KEYS */;
INSERT INTO `sys_user_role` VALUES (1,1),(2,100),(100,2);
/*!40000 ALTER TABLE `sys_user_role` ENABLE KEYS */;
UNLOCK TABLES;

--
-- Dumping events for database 'ry'
--

--
-- Dumping routines for database 'ry'
--
/*!50003 DROP PROCEDURE IF EXISTS `GetSerialNumCard` */;
/*!50003 SET @saved_cs_client      = @@character_set_client */ ;
/*!50003 SET @saved_cs_results     = @@character_set_results */ ;
/*!50003 SET @saved_col_connection = @@collation_connection */ ;
/*!50003 SET character_set_client  = utf8mb4 */ ;
/*!50003 SET character_set_results = utf8mb4 */ ;
/*!50003 SET collation_connection  = utf8mb4_0900_ai_ci */ ;
/*!50003 SET @saved_sql_mode       = @@sql_mode */ ;
/*!50003 SET sql_mode              = 'ONLY_FULL_GROUP_BY,STRICT_TRANS_TABLES,NO_ZERO_IN_DATE,NO_ZERO_DATE,ERROR_FOR_DIVISION_BY_ZERO,NO_ENGINE_SUBSTITUTION' */ ;
DELIMITER ;;
CREATE DEFINER=`root`@`localhost` PROCEDURE `GetSerialNumCard`(OUT result VARCHAR(200) )
BEGIN   
   DECLARE  tsValue  VARCHAR(50); 
   DECLARE  laValue  VARCHAR(50);
   DECLARE  tdToday  VARCHAR(20);       
   DECLARE  nowdate  VARCHAR(20);        
   DECLARE t_error INTEGER DEFAULT 0;    
   DECLARE CONTINUE HANDLER FOR SQLEXCEPTION SET t_error=1;    
   START TRANSACTION;    
      SELECT max(equ_serial) INTO tsValue FROM equ_card;          
      IF tsValue IS NULL THEN   
          SELECT CONCAT(DATE_FORMAT(NOW(),'%Y%m%d'),'0001') INTO tsValue; 
          SELECT CONCAT('euq-',tsValue) INTO result;  
      ELSE
          SELECT SUBSTRING(tsValue,5,8) INTO tdToday;
          SELECT SUBSTRING(tsValue,5,12) INTO laValue;
          SELECT  CONVERT(DATE_FORMAT(NOW(),'%Y%m%d'),SIGNED) INTO nowdate;
          -- 判断年月是否需要更新
          IF tdToday = nowdate THEN  
             SET  tsValue=CONVERT(laValue,SIGNED) + 1;  
          ELSE  
             SELECT CONCAT(DATE_FORMAT(NOW(),'%Y%m%d') ,'0001') INTO tsValue ;  
          END IF;    
          SELECT CONCAT('euq-',tsValue) INTO result;  
     END IF;  
        
     IF t_error =1 THEN    
       ROLLBACK;    
       SET result = 'Error';  
     ELSE    
        COMMIT;    
     END IF;   
     SELECT  result ;     
END ;;
DELIMITER ;
/*!50003 SET sql_mode              = @saved_sql_mode */ ;
/*!50003 SET character_set_client  = @saved_cs_client */ ;
/*!50003 SET character_set_results = @saved_cs_results */ ;
/*!50003 SET collation_connection  = @saved_col_connection */ ;
/*!50003 DROP PROCEDURE IF EXISTS `GetSerialNumScr` */;
/*!50003 SET @saved_cs_client      = @@character_set_client */ ;
/*!50003 SET @saved_cs_results     = @@character_set_results */ ;
/*!50003 SET @saved_col_connection = @@collation_connection */ ;
/*!50003 SET character_set_client  = utf8mb4 */ ;
/*!50003 SET character_set_results = utf8mb4 */ ;
/*!50003 SET collation_connection  = utf8mb4_0900_ai_ci */ ;
/*!50003 SET @saved_sql_mode       = @@sql_mode */ ;
/*!50003 SET sql_mode              = 'ONLY_FULL_GROUP_BY,STRICT_TRANS_TABLES,NO_ZERO_IN_DATE,NO_ZERO_DATE,ERROR_FOR_DIVISION_BY_ZERO,NO_ENGINE_SUBSTITUTION' */ ;
DELIMITER ;;
CREATE DEFINER=`root`@`localhost` PROCEDURE `GetSerialNumScr`(OUT result VARCHAR(200) )
BEGIN   
   DECLARE  tsValue  VARCHAR(50); 
   DECLARE  laValue  VARCHAR(50);
   DECLARE  tdToday  VARCHAR(20);       
   DECLARE  nowdate  VARCHAR(20);        
   DECLARE t_error INTEGER DEFAULT 0;    
   DECLARE CONTINUE HANDLER FOR SQLEXCEPTION SET t_error=1;    
   START TRANSACTION;    
      SELECT max(scr_serial) INTO tsValue FROM equ_scrap;          
      IF tsValue IS NULL THEN   
          SELECT CONCAT(DATE_FORMAT(NOW(),'%Y%m%d'),'0001') INTO tsValue; 
          SELECT CONCAT('scr-',tsValue) INTO result;  
      ELSE
          SELECT SUBSTRING(tsValue,5,8) INTO tdToday;
          SELECT SUBSTRING(tsValue,5,12) INTO laValue;
          SELECT  CONVERT(DATE_FORMAT(NOW(),'%Y%m%d'),SIGNED) INTO nowdate;
          -- 判断年月是否需要更新
          IF tdToday = nowdate THEN  
             SET  tsValue=CONVERT(laValue,SIGNED) + 1;  
          ELSE  
             SELECT CONCAT(DATE_FORMAT(NOW(),'%Y%m%d') ,'0001') INTO tsValue ;  
          END IF;    
          SELECT CONCAT('scr-',tsValue) INTO result;  
     END IF;  
        
     IF t_error =1 THEN    
       ROLLBACK;    
       SET result = 'Error';  
     ELSE    
        COMMIT;    
     END IF;   
     SELECT  result ;     
END ;;
DELIMITER ;
/*!50003 SET sql_mode              = @saved_sql_mode */ ;
/*!50003 SET character_set_client  = @saved_cs_client */ ;
/*!50003 SET character_set_results = @saved_cs_results */ ;
/*!50003 SET collation_connection  = @saved_col_connection */ ;
/*!40103 SET TIME_ZONE=@OLD_TIME_ZONE */;

/*!40101 SET SQL_MODE=@OLD_SQL_MODE */;
/*!40014 SET FOREIGN_KEY_CHECKS=@OLD_FOREIGN_KEY_CHECKS */;
/*!40014 SET UNIQUE_CHECKS=@OLD_UNIQUE_CHECKS */;
/*!40101 SET CHARACTER_SET_CLIENT=@OLD_CHARACTER_SET_CLIENT */;
/*!40101 SET CHARACTER_SET_RESULTS=@OLD_CHARACTER_SET_RESULTS */;
/*!40101 SET COLLATION_CONNECTION=@OLD_COLLATION_CONNECTION */;
/*!40111 SET SQL_NOTES=@OLD_SQL_NOTES */;

-- Dump completed on 2020-03-13  8:40:38
